battery_id,cycle_number,filename,ambient_temperature,capacity,reference_capacity,eol_cycle,Re,Rct,soh_target,rul_target
B0005,1,05122.csv,24,1.8564874208181568,1.8564874208181568,125,,,100.0,124
B0005,2,05124.csv,24,1.846327249719927,1.8564874208181568,125,,,99.45272071416716,123
B0005,3,05126.csv,24,1.835349194223408,1.8564874208181568,125,,,98.8613859508171,122
B0005,4,05128.csv,24,1.8352625275821128,1.8564874208181568,125,,,98.85671763794176,121
B0005,5,05130.csv,24,1.8346455082120416,1.8564874208181568,125,,,98.82348178817772,120
B0005,6,05132.csv,24,1.8356616600675493,1.8564874208181568,125,,,98.87821697485946,119
B0005,7,05134.csv,24,1.8351461429226603,1.8564874208181568,125,,,98.8504485591348,118
B0005,8,05136.csv,24,1.8257567905665533,1.8564874208181568,125,,,98.3446895515155,117
B0005,9,05138.csv,24,1.8247738529891333,1.8564874208181568,125,,,98.29174345738107,116
B0005,10,05140.csv,24,1.824613268496936,1.8564874208181568,125,,,98.28309354731994,115
B0005,11,05142.csv,24,1.8246195526864504,1.8564874208181568,125,,,98.2834320462208,114
B0005,12,05145.csv,24,1.814201935767392,1.8564874208181568,125,,,97.72228539894284,113
B0005,13,05147.csv,24,1.8137521577549047,1.8564874208181568,125,,,97.69805803238792,112
B0005,14,05149.csv,24,1.8134404914735824,1.8564874208181568,125,,,97.6812700769282,111
B0005,15,05151.csv,24,1.8025980036306504,1.8564874208181568,125,,,97.0972376875165,110
B0005,16,05153.csv,24,1.80210690024615,1.8564874208181568,125,,,97.0707843230071,109
B0005,17,05155.csv,24,1.802579500826209,1.8564874208181568,125,,,97.0962410309147,108
B0005,18,05157.csv,24,1.8030683142834096,1.8564874208181568,125,,,97.1225710481138,107
B0005,19,05159.csv,24,1.802777624719604,1.8564874208181568,125,,,97.1069130069902,106
B0005,20,05162.csv,24,1.8470259949329195,1.8564874208181568,125,0.0446687003661609,0.0694562730453699,99.4903587398902,105
B0005,21,05166.csv,24,1.847417311283644,1.8564874208181568,125,0.044843430573346,0.0679720560130687,99.51143705942724,104
B0005,22,05170.csv,24,1.8361774213478947,1.8564874208181568,125,0.04510114851143,0.0685283289600032,98.9059985409806,103
B0005,23,05174.csv,24,1.825780747577624,1.8564874208181568,125,0.0441720755771717,0.0680444951699617,98.34597999985368,102
B0005,24,05178.csv,24,1.8251136435078368,1.8564874208181568,125,0.0437866281960759,0.0684502122707276,98.310046329509,101
B0005,25,05182.csv,24,1.825581504220376,1.8564874208181568,125,0.0446393219887852,0.0683410113732366,98.33524772367376,100
B0005,26,05186.csv,24,1.814031127508391,1.8564874208181568,125,0.0435587857754753,0.0686823765587221,97.71308478400272,99
B0005,27,05190.csv,24,1.8147691941158937,1.8564874208181568,125,0.0452654781826178,0.0681437253042456,97.75284086310276,98
B0005,28,05194.csv,24,1.813969388710352,1.8564874208181568,125,0.0444837157774346,0.0678255571971684,97.7097592135008,97
B0005,29,05198.csv,24,1.802765665167823,1.8564874208181568,125,0.0444141648591004,0.0688580524121343,97.10626880376824,96
B0005,30,05202.csv,24,1.804077040117352,1.8564874208181568,125,0.0445354459002964,0.0677943469911627,97.1769062309236,95
B0005,31,05206.csv,24,1.8518025516704488,1.8564874208181568,125,0.045021352455558,0.0694040818553967,99.74764875349152,94
B0005,32,05210.csv,24,1.8307038456739428,1.8564874208181568,125,0.0464625160005063,0.0699377430233672,98.6111634878274,93
B0005,33,05214.csv,24,1.8199041089501269,1.8564874208181568,125,0.0477238545111998,0.0695041754421432,98.0294338944722,92
B0005,34,05218.csv,24,1.809307963702852,1.8564874208181568,125,0.0469402296332379,0.069661211991841,97.4586707894572,91
B0005,35,05222.csv,24,1.80460990458052,1.8564874208181568,125,0.0470279824320801,0.0711294674960708,97.20560906279805,90
B0005,36,05226.csv,24,1.7993770651972192,1.8564874208181568,125,0.0477553802626716,0.0716707961231252,96.92374130950108,89
B0005,37,05230.csv,24,1.7884432335370462,1.8564874208181568,125,0.0470229394468384,0.0697669618355563,96.33478867036312,88
B0005,38,05234.csv,24,1.7829230484252725,1.8564874208181568,125,0.046245370477528,0.0719248993978976,96.03744299218228,87
B0005,39,05238.csv,24,1.7730337158018288,1.8564874208181568,125,0.0461861033675123,0.0719378705603448,95.50475246530084,86
B0005,40,05242.csv,24,1.773037755078937,1.8564874208181568,125,0.0477373701431311,0.0703395836124857,95.50497004162604,85
B0005,41,05246.csv,24,1.7678721106662054,1.8564874208181568,125,0.048383341548765,0.0697381270154479,95.226721756461,84
B0005,42,05250.csv,24,1.762315070409309,1.8564874208181568,125,0.0480375100392994,0.0701251142477667,94.9273908698317,83
B0005,43,05254.csv,24,1.7676172924938447,1.8564874208181568,125,0.0480869600733819,0.0697134641311117,95.2129959337324,82
B0005,44,05256.csv,24,1.762668359743147,1.8564874208181568,125,0.0480869600733819,0.0697134641311117,94.94642085785512,81
B0005,45,05260.csv,24,1.7517304870664143,1.8564874208181568,125,0.0475472817403881,0.073180098911682,94.3572505486961,80
B0005,46,05264.csv,24,1.7418496047960008,1.8564874208181568,125,0.0476409209894885,0.0716524732655295,93.8250152014693,79
B0005,47,05268.csv,24,1.7360913511847138,1.8564874208181568,125,0.0484243695317731,0.0724998374901,93.51484592444024,78
B0005,48,05270.csv,24,1.7936240148573608,1.8564874208181568,125,0.0484243695317731,0.0724998374901,96.6138523075426,77
B0005,49,05274.csv,24,1.7831890223273277,1.8564874208181568,125,0.0494307456487187,0.0701407541984291,96.05176972012411,76
B0005,50,05278.csv,24,1.7673642076278957,1.8564874208181568,125,0.0497482254301438,0.0711299384497784,95.19936347583848,75
B0005,51,05282.csv,24,1.7570177850353066,1.8564874208181568,125,0.0498848659447539,0.0719830276512561,94.64205172265515,74
B0005,52,05286.csv,24,1.7468706179837907,1.8564874208181568,125,0.0492163809321789,0.0714637439793728,94.09547290193554,73
B0005,53,05290.csv,24,1.7417172507457144,1.8564874208181568,125,0.0499459389365634,0.0708870426164587,93.8178859288008,72
B0005,54,05294.csv,24,1.7364225056478186,1.8564874208181568,125,0.0489696051479402,0.0717816850521735,93.53268361401418,71
B0005,55,05298.csv,24,1.7263217239235826,1.8564874208181568,125,0.0502293760251405,0.0718319241428618,92.98860334657104,70
B0005,56,05302.csv,24,1.7158065389330133,1.8564874208181568,125,0.0497152666250807,0.0713902715439566,92.4222011790877,69
B0005,57,05306.csv,24,1.710533351135192,1.8564874208181568,125,0.0491321660184356,0.0724518691988788,92.13816005181212,68
B0005,58,05310.csv,24,1.706014499648521,1.8564874208181568,125,0.0492096832252982,0.073040250995097,91.89475137389717,67
B0005,59,05314.csv,24,1.7003110272642588,1.8564874208181568,125,0.0495063161655938,0.07251082944035,91.58753289666404,66
B0005,60,05318.csv,24,1.6945798601797897,1.8564874208181568,125,0.0486517627795967,0.0720176209117095,91.27882263985316,65
B0005,61,05322.csv,24,1.6849029086609286,1.8564874208181568,125,0.0491657556837128,0.0731699361800272,90.7575720560708,64
B0005,62,05326.csv,24,1.6744741591159715,1.8564874208181568,125,0.0492342734208827,0.0727712073374357,90.19582574806935,63
B0005,63,05330.csv,24,1.6745692479879102,1.8564874208181568,125,0.0505475864921389,0.0727086679457494,90.20094772578231,62
B0005,64,05334.csv,24,1.663716375981405,1.8564874208181568,125,0.0501188147421075,0.0730104108966134,89.61635599169333,61
B0005,65,05336.csv,24,1.659013868748246,1.8564874208181568,125,0.0501188147421075,0.0730104108966134,89.36305466681354,60
B0005,66,05340.csv,24,1.6538540573335014,1.8564874208181568,125,0.0497925673190261,0.073436503616202,89.08512057704358,59
B0005,67,05344.csv,24,1.642653782130131,1.8564874208181568,125,0.0498653780666,0.0732133898164959,88.48181591266646,58
B0005,68,05348.csv,24,1.6378578430223698,1.8564874208181568,125,0.0498119327855388,0.074596186052064,88.22348186450752,57
B0005,69,05352.csv,24,1.6327350407099108,1.8564874208181568,125,0.0485067348899718,0.0745830977634214,87.94754127611391,56
B0005,70,05356.csv,24,1.6277528915533617,1.8564874208181568,125,0.0500230742033395,0.0736638387977965,87.679176993077,55
B0005,71,05360.csv,24,1.622125485521159,1.8564874208181568,125,0.0502046904378658,0.0737188582159762,87.37605584239758,54
B0005,72,05364.csv,24,1.6113256603765849,1.8564874208181568,125,0.0497585734077315,0.0746561776087558,86.7943214862437,53
B0005,73,05368.csv,24,1.6065631397488385,1.8564874208181568,125,0.0496867550378329,0.0735542582193973,86.53778753000242,52
B0005,74,05372.csv,24,1.6015142233917594,1.8564874208181568,125,0.0499500570704977,0.0746229428074614,86.26582682073706,51
B0005,75,05376.csv,24,1.590369231400328,1.8564874208181568,125,0.0502825642512583,0.0736039114233682,85.66549999565576,50
B0005,76,05380.csv,24,1.5857889968242211,1.8564874208181568,125,0.0499200778190466,0.074642062777058,85.41878490754124,49
B0005,77,05384.csv,24,1.5849430707374117,1.8564874208181568,125,0.0500799643501363,0.0754771092928152,85.37321895986373,48
B0005,78,05386.csv,24,1.5955263892495937,1.8564874208181568,125,0.0500799643501363,0.0754771092928152,85.94329115068514,47
B0005,79,05390.csv,24,1.5747301747801037,1.8564874208181568,125,0.0548732021154092,0.0793440364411719,84.82309964083234,46
B0005,80,05394.csv,24,1.5649019950937946,1.8564874208181568,125,0.0552404998627662,0.0800235935822896,84.29370312695897,45
B0005,81,05398.csv,24,1.5597659473370362,1.8564874208181568,125,0.0550803683287425,0.0804500816192199,84.01704907053154,44
B0005,82,05402.csv,24,1.5594815668184234,1.8564874208181568,125,0.0548457849434252,0.0809952791439065,84.00173086716406,43
B0005,83,05406.csv,24,1.55468935359061,1.8564874208181568,125,0.0580894926860419,0.0790061137619081,83.74359751414076,42
B0005,84,05410.csv,24,1.5488741079890418,1.8564874208181568,125,0.0563999943051261,0.0818149196701257,83.43035835418969,41
B0005,85,05414.csv,24,1.538236598942558,1.8564874208181568,125,0.0571591479145079,0.0808669662369406,82.85736718133295,40
B0005,86,05418.csv,24,1.527914258251028,1.8564874208181568,125,0.0569987938629429,0.0825010076441602,82.30135260370758,39
B0005,87,05422.csv,24,1.5285252629756445,1.8564874208181568,125,0.057915946777513,0.0817505708315127,82.33426447360581,38
B0005,88,05426.csv,24,1.522647325284378,1.8564874208181568,125,0.0585831887959693,0.0826941645735358,82.01764839394092,37
B0005,89,05430.csv,24,1.5174859938489869,1.8564874208181568,125,0.0568441123963582,0.082272625759776,81.73963242800905,36
B0005,90,05433.csv,24,1.605818899130659,1.8564874208181568,125,0.0566720346295509,0.0829157329641766,86.4976988868027,35
B0005,91,05436.csv,24,1.5638491446744425,1.8564874208181568,125,0.0582233615105249,0.0761509211548619,84.23699116610507,34
B0005,92,05440.csv,24,1.5480915247767786,1.8564874208181568,125,0.058693615611032,0.0809967398338894,83.38820438085878,33
B0005,93,05444.csv,24,1.5323755631868592,1.8564874208181568,125,0.0568735509905479,0.080792347724638,82.54166152720491,32
B0005,94,05448.csv,24,1.5269528268489705,1.8564874208181568,125,0.0584012267602933,0.0816166339541188,82.2495649432432,31
B0005,95,05452.csv,24,1.5169573017136326,1.8564874208181568,125,0.0571392616497832,0.0820304274361046,81.71115433925792,30
B0005,96,05456.csv,24,1.511897596014269,1.8564874208181568,125,0.056846750542401,0.0843093490529676,81.43861246029739,29
B0005,97,05460.csv,24,1.5065638960681105,1.8564874208181568,125,0.0597145830687632,0.081280778737871,81.15131183620761,28
B0005,98,05464.csv,24,1.5015453526671363,1.8564874208181568,125,0.0578764894862572,0.0827621596207595,80.88098717121407,27
B0005,99,05468.csv,24,1.4908444050400238,1.8564874208181568,125,0.0571060525925708,0.0838933915955351,80.30457886878686,26
B0005,100,05472.csv,24,1.485868384561201,1.8564874208181568,125,0.0583244011522277,0.0823356083860003,80.03654470798281,25
B0005,101,05476.csv,24,1.480413677976106,1.8564874208181568,125,0.0585398872773731,0.0825995740858869,79.74272604140164,24
B0005,102,05480.csv,24,1.4752095869031632,1.8564874208181568,125,0.0576100022715738,0.0836176940705274,79.46240682056634,23
B0005,103,05484.csv,24,1.4859035988304024,1.8564874208181568,125,0.0568774408378622,0.0845362995717969,80.03844153038013,22
B0005,104,05487.csv,24,1.4960918298136696,1.8564874208181568,125,0.058412257957184,0.0781662290360033,80.58723226653159,21
B0005,105,05491.csv,24,1.4808005946928984,1.8564874208181568,125,0.0601978908480714,0.0837734664524804,79.76356737393391,20
B0005,106,05495.csv,24,1.4697543268466824,1.8564874208181568,125,0.0598835241626575,0.0836115676360818,79.16855834115802,19
B0005,107,05499.csv,24,1.4539012274845928,1.8564874208181568,125,0.0588751204970558,0.0837056242203838,78.31462853887027,18
B0005,108,05503.csv,24,1.454146206723569,1.8564874208181568,125,0.0584451859295269,0.0843513765148262,78.32782438583531,17
B0005,109,05507.csv,24,1.455023751906683,1.8564874208181568,125,0.0605512105499778,0.0832805147674182,78.37509350133124,16
B0005,110,05511.csv,24,1.449042163761236,1.8564874208181568,125,0.0599502558921759,0.0831904359131708,78.05289427291896,15
B0005,111,05515.csv,24,1.4386709371480566,1.8564874208181568,125,0.0595650130368422,0.0848701138092932,77.4942464470905,14
B0005,112,05519.csv,24,1.433445432156979,1.8564874208181568,125,0.05985334901025,0.0847391766373357,77.21277376203591,13
B0005,113,05523.csv,24,1.4333958900838095,1.8564874208181568,125,0.0587454802930831,0.0871172135034907,77.21010517012337,12
B0005,114,05527.csv,24,1.42806487344776,1.8564874208181568,125,0.0608376708448938,0.0849090277748801,76.92294908297357,11
B0005,115,05531.csv,24,1.4229203181741186,1.8564874208181568,125,0.0599376278681594,0.0847995018360561,76.64583676775119,10
B0005,116,05535.csv,24,1.417429032731308,1.8564874208181568,125,0.0595958869181685,0.0851877517168028,76.35004777498816,9
B0005,117,05539.csv,24,1.412409228794446,1.8564874208181568,125,0.0584007435193973,0.086329382369691,76.07965521102186,8
B0005,118,05543.csv,24,1.412578792940193,1.8564874208181568,125,0.0626050644034527,0.0850211189952597,76.08878881159708,7
B0005,119,05547.csv,24,1.4075983731469897,1.8564874208181568,125,0.0611519539173246,0.0848557762027261,75.820517681001,6
B0005,120,05551.csv,24,1.4333920485221476,1.8564874208181568,125,0.0596306011999845,0.0850345675980089,77.20989824377315,5
B0005,121,05553.csv,24,1.4382550176792908,1.8564874208181568,125,0.0596306011999845,0.0850345675980089,77.47184287655715,4
B0005,122,05557.csv,24,1.4173547174485526,1.8564874208181568,125,0.060986669920577,0.0858397688242258,76.34604477007025,3
B0005,123,05561.csv,24,1.406981663677643,1.8564874208181568,125,0.0610042570410988,0.0858843611487287,75.78729852409042,2
B0005,124,05565.csv,24,1.4012037783587623,1.8564874208181568,125,0.0623291478272736,0.0882216113892046,75.47607178190573,1
B0005,125,05569.csv,24,1.3967008232726328,1.8564874208181568,125,0.0615027627885515,0.0872699062901812,75.2335193662182,0
B0005,126,05573.csv,24,1.391284788852726,1.8564874208181568,125,0.0614190799483374,0.0872037829252581,74.9417837821699,0
B0005,127,05577.csv,24,1.3862287677978349,1.8564874208181568,125,0.0612166514530719,0.0872819262712242,74.6694403771894,0
B0005,128,05581.csv,24,1.3804366761974138,1.8564874208181568,125,0.062704070176938,0.0867911180985442,74.35744841131503,0
B0005,129,05585.csv,24,1.3752364150256224,1.8564874208181568,125,0.0617261358358741,0.0883779260119075,74.07733548873462,0
B0005,130,05589.csv,24,1.3705128024895008,1.8564874208181568,125,0.0618522370349969,0.0869792218467831,73.8228973232425,0
B0005,131,05593.csv,24,1.37050855662704,1.8564874208181568,125,0.0631035810265918,0.088522345692425,73.82266861916334,0
B0005,132,05597.csv,24,1.3647355108681518,1.8564874208181568,125,0.0622874606045726,0.0892308757094791,73.51170256067293,0
B0005,133,05601.csv,24,1.375392016895762,1.8564874208181568,125,0.0627054989316699,0.0883872445764871,74.08571700903983,0
B0005,134,05603.csv,24,1.3861115151535393,1.8564874208181568,125,0.0627054989316699,0.0883872445764871,74.66312454423623,0
B0005,135,05605.csv,24,1.369850003583894,1.8564874208181568,125,0.0627054989316699,0.0883872445764871,73.78719555127388,0
B0005,136,05609.csv,24,1.3647827949260758,1.8564874208181568,125,0.0532863816225583,0.0815685656842147,73.51424952422322,0
B0005,137,05613.csv,24,1.3543220466259964,1.8564874208181568,125,0.0529314747404537,0.0827569341149588,72.95077959801876,0
B0005,138,05617.csv,24,1.3546417018378962,1.8564874208181568,125,0.0558892929774587,0.0822632105400608,72.96799787853686,0
B0005,139,05621.csv,24,1.354703921319241,1.8564874208181568,125,0.058417783681159,0.0802980949053397,72.97134934112405,0
B0005,140,05625.csv,24,1.349314997503458,1.8564874208181568,125,0.0564114331702625,0.0819223123309917,72.681074074222,0
B0005,141,05629.csv,24,1.3441891937970554,1.8564874208181568,125,0.0556801596408686,0.0817739908657299,72.40497181525039,0
B0005,142,05633.csv,24,1.3389913790695755,1.8564874208181568,125,0.0562102576035285,0.0832806716843878,72.12499067079486,0
B0005,143,05637.csv,24,1.3389145230206971,1.8564874208181568,125,0.0557945214118623,0.0829501208969064,72.12085080709222,0
B0005,144,05641.csv,24,1.3340066759761655,1.8564874208181568,125,0.0577997146659989,0.0819030322921605,71.85648881952925,0
B0005,145,05645.csv,24,1.3286444309174914,1.8564874208181568,125,0.0557752947285812,0.0829467411842261,71.567650608263,0
B0005,146,05649.csv,24,1.323170899227622,1.8564874208181568,125,0.0565593913134022,0.0823749011789342,71.27281792431961,0
B0005,147,05653.csv,24,1.3181691588445197,1.8564874208181568,125,0.0533442468786474,0.0844856223082752,71.00339835664496,0
B0005,148,05657.csv,24,1.3184664436640334,1.8564874208181568,125,0.0562624789782491,0.0830662312193171,71.01941165230106,0
B0005,149,05661.csv,24,1.318293040102702,1.8564874208181568,125,0.0533942499874629,0.0833563552790388,71.01007124097444,0
B0005,150,05665.csv,24,1.323872422244268,1.8564874208181568,125,0.0585452523507112,0.0883688518598075,71.31060557689291,0
B0005,151,05668.csv,24,1.3601216766554785,1.8564874208181568,125,0.0578494172996275,0.0807877386784969,73.26317762261328,0
B0005,152,05672.csv,24,1.3395306867947354,1.8564874208181568,125,0.0614238568689426,0.0849639039583958,72.15404057003533,0
B0005,153,05676.csv,24,1.3290286565120697,1.8564874208181568,125,0.0595233803017997,0.0872083312129923,71.58834698305495,0
B0005,154,05680.csv,24,1.3236741274998955,1.8564874208181568,125,0.0592615908588067,0.0877786866945486,71.2999243979014,0
B0005,155,05684.csv,24,1.318633896753293,1.8564874208181568,125,0.0595237845894433,0.0884300775522404,71.02843154047169,0
B0005,156,05688.csv,24,1.3134751321324272,1.8564874208181568,125,0.0596766481170581,0.0858437497371109,70.75055383642604,0
B0005,157,05692.csv,24,1.3132020634442203,1.8564874208181568,125,0.0597598846304888,0.0866248363959436,70.73584494666224,0
B0005,158,05696.csv,24,1.3077959946944353,1.8564874208181568,125,0.0595025916574528,0.0863688291866818,70.44464616507273,0
B0005,159,05700.csv,24,1.3030329186405918,1.8564874208181568,125,0.0595559805528939,0.0882183154162739,70.18808229071347,0
B0005,160,05704.csv,24,1.3033573559038203,1.8564874208181568,125,0.0594913647911852,0.0887302979407742,70.20555815721222,0
B0005,161,05708.csv,24,1.3034100438655642,1.8564874208181568,125,0.0605211492470791,0.0875362397797066,70.2083962029298,0
B0005,162,05712.csv,24,1.2978870806495706,1.8564874208181568,125,0.0598267789972628,0.0885380186023552,69.91090088170863,0
B0005,163,05716.csv,24,1.2980735056918902,1.8564874208181568,125,0.0579443936914469,0.0889051987685422,69.9209426972485,0
B0005,164,05720.csv,24,1.293463613844243,1.8564874208181568,125,0.0617593122518427,0.0847212726764891,69.67263011532886,0
B0005,165,05724.csv,24,1.288003392619118,1.8564874208181568,125,0.0589890803958647,0.0857362189277121,69.37851440175623,0
B0005,166,05728.csv,24,1.2874525221379407,1.8564874208181568,125,0.0576302972016358,0.0874238934793032,69.34884167276277,0
B0005,167,05732.csv,24,1.3090153642307354,1.8564874208181568,125,0.0578237493933031,0.0897568704647984,70.51032770552523,0
B0005,168,05734.csv,24,1.3250793286429356,1.8564874208181568,125,0.0578237493933031,0.0897568704647984,71.37561578838877,0
B0006,1,04506.csv,24,2.035337591005598,2.035337591005598,102,,,100.0,101
B0006,2,04508.csv,24,2.025140246031412,2.035337591005598,102,,,99.49898508143076,100
B0006,3,04510.csv,24,2.013326371345464,2.035337591005598,102,,,98.91854698908898,99
B0006,4,04512.csv,24,2.0132846655407413,2.035337591005598,102,,,98.91649790372313,98
B0006,5,04514.csv,24,2.000528337624771,2.035337591005598,102,,,98.28975529491258,97
B0006,6,04516.csv,24,2.0138990759931645,2.035337591005598,102,,,98.9466850557287,96
B0006,7,04518.csv,24,2.013101105626967,2.035337591005598,102,,,98.907479256665,95
B0006,8,04520.csv,24,1.96878982627284,2.035337591005598,102,,,96.73038197560736,94
B0006,9,04522.csv,24,1.9681661764334244,2.035337591005598,102,,,96.6997408749776,93
B0006,10,04524.csv,24,1.9572307917560536,2.035337591005598,102,,,96.16246466459876,92
B0006,11,04526.csv,24,1.9455991514129352,2.035337591005598,102,,,95.59098009149795,91
B0006,12,04529.csv,24,1.934750504484113,2.035337591005598,102,,,95.05796547137972,90
B0006,13,04531.csv,24,1.9232799539368028,2.035337591005598,102,,,94.49439554578116,89
B0006,14,04533.csv,24,1.911889930948487,2.035337591005598,102,,,93.93478209204012,88
B0006,15,04535.csv,24,1.9010667141979305,2.035337591005598,102,,,93.40301690486008,87
B0006,16,04537.csv,24,1.8891989948061456,2.035337591005598,102,,,92.81993331989462,86
B0006,17,04539.csv,24,1.878278372248849,2.035337591005598,102,,,92.2833824005014,85
B0006,18,04541.csv,24,1.8675697161520208,2.035337591005598,102,,,91.75724579573613,84
B0006,19,04543.csv,24,1.8675892574453767,2.035337591005598,102,,,91.75820589657847,83
B0006,20,04546.csv,24,1.979626548250818,2.035337591005598,102,0.0612335902100034,0.0785415394665875,97.26281070025072,82
B0006,21,04550.csv,24,1.9575499080884025,2.035337591005598,102,0.06062991544979,0.0780240937829042,96.17814345585968,81
B0006,22,04554.csv,24,1.9458150170787551,2.035337591005598,102,0.0608598716542857,0.078402402030253,95.6015859814876,80
B0006,23,04558.csv,24,1.9242461121680088,2.035337591005598,102,0.0600645081818017,0.0780709338220486,94.54186473396275,79
B0006,24,04562.csv,24,1.945981133142164,2.035337591005598,102,0.0591313085340746,0.0779557075787303,95.60974757905956,78
B0006,25,04566.csv,24,1.901407930553079,2.035337591005598,102,0.0605969875451187,0.0793818256613338,93.41978151219875,77
B0006,26,04570.csv,24,1.878674213680085,2.035337591005598,102,0.0604355089729667,0.0794940929426612,92.3028308415357,76
B0006,27,04574.csv,24,1.8683061328264217,2.035337591005598,102,0.0598822703747387,0.0787121835729847,91.79342734506018,75
B0006,28,04578.csv,24,1.8560244070083,2.035337591005598,102,0.0605872148226689,0.0798953392291199,91.19000283836428,74
B0006,29,04582.csv,24,1.8451997961855773,2.035337591005598,102,0.0609083651903455,0.0797490751361702,90.65816915777202,73
B0006,30,04586.csv,24,1.857228890885317,2.035337591005598,102,0.0603691524730691,0.0801450681587133,91.24918141799353,72
B0006,31,04590.csv,24,1.924776088909064,2.035337591005598,102,0.0620914468566786,0.0816430296477719,94.5679034974287,71
B0006,32,04594.csv,24,1.8822317526092551,2.035337591005598,102,0.0623200318333744,0.0802116916237253,92.47761948322794,70
B0006,33,04598.csv,24,1.855276687885587,2.035337591005598,102,0.0618912233003596,0.0812080578761546,91.1532659782966,69
B0006,34,04602.csv,24,1.839250891718188,2.035337591005598,102,0.0617164212906492,0.0815016521658017,90.36588818710268,68
B0006,35,04606.csv,24,1.8185396073994429,2.035337591005598,102,0.0619987848117648,0.0813876104403678,89.34830346748316,67
B0006,36,04610.csv,24,1.8134770059567056,2.035337591005598,102,0.0625040605488016,0.0816912469233858,89.09956824708976,66
B0006,37,04614.csv,24,1.7971018450305436,2.035337591005598,102,0.0620138868647238,0.0813161008134317,88.29502550201761,65
B0006,38,04618.csv,24,1.7810046294120476,2.035337591005598,102,0.0618301921741058,0.0812043516055386,87.50413873759919,64
B0006,39,04622.csv,24,1.7710130422682329,2.035337591005598,102,0.0628269465788076,0.0834715784465107,87.01323309187394,63
B0006,40,04626.csv,24,1.7604712448170945,2.035337591005598,102,0.0634981757133398,0.0838548867166324,86.4952945691579,62
B0006,41,04630.csv,24,1.7502913788006589,2.035337591005598,102,0.0609451399361485,0.082015904986437,85.99513842496731,61
B0006,42,04634.csv,24,1.7394925037732578,2.035337591005598,102,0.0639175801612165,0.0821657170874893,85.46456919285944,60
B0006,43,04638.csv,24,1.7546766553637203,2.035337591005598,102,0.0622366404518175,0.0822751953989806,86.21059538809914,59
B0006,44,04640.csv,24,1.7659390941842177,2.035337591005598,102,0.0622366404518175,0.0822751953989806,86.76394038945261,58
B0006,45,04644.csv,24,1.7337887419624838,2.035337591005598,102,0.062031064463088,0.0831917770388853,85.18433254632082,57
B0006,46,04648.csv,24,1.713325912040734,2.035337591005598,102,0.0625064903803401,0.0842684807349334,84.17895486292434,56
B0006,47,04652.csv,24,1.7024077813673466,2.035337591005598,102,0.0626153327274759,0.0839721783477321,83.64252637451848,55
B0006,48,04654.csv,24,1.82371946178183,2.035337591005598,102,0.0626153327274759,0.0839721783477321,89.60279954741002,54
B0006,49,04658.csv,24,1.8081284050314708,2.035337591005598,102,0.0645724621588098,0.0803422930093306,88.83678132914206,53
B0006,50,04662.csv,24,1.7757610945034283,2.035337591005598,102,0.063686158466937,0.0823636397717541,87.246513912519,52
B0006,51,04666.csv,24,1.7447409841836798,2.035337591005598,102,0.062912097899097,0.0821410228199839,85.72243699983238,51
B0006,52,04670.csv,24,1.729207034132373,2.035337591005598,102,0.0636674117210705,0.0829695672555505,84.95922454210778,50
B0006,53,04674.csv,24,1.7081086552553244,2.035337591005598,102,0.0645458692805633,0.083905581872106,83.92262113192731,49
B0006,54,04678.csv,24,1.6975954237461768,2.035337591005598,102,0.0644173077672933,0.0833208029616876,83.40608610817466,48
B0006,55,04682.csv,24,1.6820634524029463,2.035337591005598,102,0.0651736293468639,0.0847815533935232,82.64297086813447,47
B0006,56,04686.csv,24,1.6714768322295086,2.035337591005598,102,0.0635951595633681,0.0841849219613237,82.1228301199745,46
B0006,57,04690.csv,24,1.6607591387047655,2.035337591005598,102,0.0652854750072916,0.0860504140343909,81.59624948921793,45
B0006,58,04694.csv,24,1.651121015038069,2.035337591005598,102,0.0665339625700584,0.0867482199337119,81.12271017518528,44
B0006,59,04698.csv,24,1.640134925619093,2.035337591005598,102,0.0663411253427209,0.087205582998911,80.58294274458679,43
B0006,60,04702.csv,24,1.629199941616544,2.035337591005598,102,0.0659099619111797,0.0871283409737494,80.04568622012263,42
B0006,61,04706.csv,24,1.6088496302961666,2.035337591005598,102,0.0660562362669296,0.0875628563316522,79.04583678923177,41
B0006,62,04710.csv,24,1.6035244898969248,2.035337591005598,102,0.0659027425638274,0.0882085911331916,78.78420253146665,40
B0006,63,04714.csv,24,1.5989712144027983,2.035337591005598,102,0.0679117207009261,0.0883150961530336,78.56049146190021,39
B0006,64,04718.csv,24,1.5876273123575604,2.035337591005598,102,0.0667437733378423,0.0885796818139071,78.0031440176547,38
B0006,65,04720.csv,24,1.5829719744686166,2.035337591005598,102,0.0667437733378423,0.0885796818139071,77.77441842886215,37
B0006,66,04724.csv,24,1.567137636713563,2.035337591005598,102,0.0664129751061175,0.0895032370200492,76.99644735295674,36
B0006,67,04728.csv,24,1.5613446139713882,2.035337591005598,102,0.066868684715673,0.089810213906633,76.71182514739364,35
B0006,68,04732.csv,24,1.551171189279042,2.035337591005598,102,0.0675638979208385,0.0909328266072082,76.2119854776846,34
B0006,69,04736.csv,24,1.5406741606295171,2.035337591005598,102,0.0676791663350139,0.0909751873219429,75.69624653118686,33
B0006,70,04740.csv,24,1.5253138744624433,2.035337591005598,102,0.0679726933427561,0.0923241095524087,74.94156650980108,32
B0006,71,04744.csv,24,1.5301570318067428,2.035337591005598,102,0.0683335474188773,0.092016689540834,75.17952002501654,31
B0006,72,04748.csv,24,1.524656683447409,2.035337591005598,102,0.0688513609338119,0.0925822548520223,74.90927746753415,30
B0006,73,04752.csv,24,1.5145492986655429,2.035337591005598,102,0.069066469068733,0.0934909607320899,74.41268246400591,29
B0006,74,04756.csv,24,1.509391504602082,2.035337591005598,102,0.068709147096015,0.0938773051851886,74.15927024943012,28
B0006,75,04760.csv,24,1.5039974333050703,2.035337591005598,102,0.0695259556668078,0.0941862300129836,73.89424928579004,27
B0006,76,04764.csv,24,1.4935201918040188,2.035337591005598,102,0.0682523146604836,0.093439801192804,73.37948251946334,26
B0006,77,04768.csv,24,1.4876323024497422,2.035337591005598,102,0.0696033038422311,0.0956134300233157,73.09019933714036,25
B0006,78,04770.csv,24,1.5302876214401704,2.035337591005598,102,0.0696033038422311,0.0956134300233157,75.18593614163545,24
B0006,79,04774.csv,24,1.5040760088360112,2.035337591005598,102,0.0694438396726104,0.0950867440401892,73.89810985080334,23
B0006,80,04778.csv,24,1.4887593608730894,2.035337591005598,102,0.0692409257238966,0.0954114747516299,73.14557385723607,22
B0006,81,04782.csv,24,1.4782779285546637,2.035337591005598,102,0.0701802370421173,0.0958005363424977,72.63060118809538,21
B0006,82,04786.csv,24,1.478459982215684,2.035337591005598,102,0.0703211250156869,0.0953017663720588,72.63954583009604,20
B0006,83,04790.csv,24,1.473214844899973,2.035337591005598,102,0.069307809818978,0.0945481312063891,72.38184227571321,19
B0006,84,04794.csv,24,1.4675164935067897,2.035337591005598,102,0.0706601248975322,0.0955803390819771,72.10187145326269,18
B0006,85,04798.csv,24,1.4516292657521337,2.035337591005598,102,0.0704879656326833,0.0963748469082876,71.32130179126344,17
B0006,86,04802.csv,24,1.4519237720967175,2.035337591005598,102,0.071253157527167,0.0969330859249994,71.33577144710262,16
B0006,87,04806.csv,24,1.4471484694777743,2.035337591005598,102,0.0729088165680429,0.0968587759009549,71.10115176336829,15
B0006,88,04810.csv,24,1.4468538105659885,2.035337591005598,102,0.0725103674563298,0.0966015913982298,71.08667461161282,14
B0006,89,04814.csv,24,1.4416741930284678,2.035337591005598,102,0.0708879401072962,0.0974074142043939,70.8321901683239,13
B0006,90,04817.csv,24,1.5935866593100128,2.035337591005598,102,0.0714147323806646,0.0961492059978541,78.2959380474406,12
B0006,91,04820.csv,24,1.5463902376915637,2.035337591005598,102,0.0707515280509764,0.0904819625026011,75.9770882494014,11
B0006,92,04824.csv,24,1.51470559175661,2.035337591005598,102,0.0703041387332805,0.0930529362512398,74.42036144029748,10
B0006,93,04828.csv,24,1.4989786083335404,2.035337591005598,102,0.0715667181492847,0.0936702392745788,73.64766488653811,9
B0006,94,04832.csv,24,1.4831110745410492,2.035337591005598,102,0.072350575651046,0.0944034597636557,72.86806282628963,8
B0006,95,04836.csv,24,1.4729664825468278,2.035337591005598,102,0.0703378826342638,0.0950709227361693,72.36963976177928,7
B0006,96,04840.csv,24,1.4627604396099307,2.035337591005598,102,0.0714831606385723,0.0954683161052524,71.86819749578868,6
B0006,97,04844.csv,24,1.4518364681062514,2.035337591005598,102,0.0717787817997134,0.0967891593710254,71.33148203630158,5
B0006,98,04848.csv,24,1.4468670644030392,2.035337591005598,102,0.0721765905201237,0.0973154810605629,71.08732579778997,4
B0006,99,04852.csv,24,1.441380399427779,2.035337591005598,102,0.0727577393214578,0.097423700411414,70.81775553094546,3
B0006,100,04856.csv,24,1.431210744960774,2.035337591005598,102,0.0716119669647763,0.0961826751217128,70.31810109956534,2
B0006,101,04860.csv,24,1.4260247179525716,2.035337591005598,102,0.0723628565579787,0.0980060822404009,70.06330174681324,1
B0006,102,04864.csv,24,1.420487649966195,2.035337591005598,102,0.0721718794658254,0.0975442065322093,69.79125508434085,0
B0006,103,04868.csv,24,1.4207006230355006,2.035337591005598,102,0.0732751410566286,0.098167563773746,69.80171885557206,0
B0006,104,04871.csv,24,1.452255804330839,2.035337591005598,102,0.0725534440098424,0.0940003961459088,71.35208482113887,0
B0006,105,04875.csv,24,1.431557632772571,2.035337591005598,102,0.0737422116355231,0.0968201170137169,70.33514435633658,0
B0006,106,04879.csv,24,1.415015751158943,2.035337591005598,102,0.0735118189600125,0.0978484060677772,69.52241030736464,0
B0006,107,04883.csv,24,1.4097311506517451,2.035337591005598,102,0.0736309507218721,0.0987207477814379,69.26276785146193,0
B0006,108,04887.csv,24,1.404917318129309,2.035337591005598,102,0.0748372029552812,0.098555954977838,69.02625512041874,0
B0006,109,04891.csv,24,1.395164296571563,2.035337591005598,102,0.0742288068586881,0.0979458341330775,68.54707065486149,0
B0006,110,04895.csv,24,1.3945343832614077,2.035337591005598,102,0.0735926288328927,0.0979426342024937,68.51612181802287,0
B0006,111,04899.csv,24,1.3893171179312644,2.035337591005598,102,0.074289615413661,0.0978280397199374,68.25978766720687,0
B0006,112,04903.csv,24,1.3838379472327809,2.035337591005598,102,0.0743624728927986,0.100297485432866,67.99058560840852,0
B0006,113,04907.csv,24,1.3736814238195123,2.035337591005598,102,0.0730881915550062,0.1002855268895236,67.4915763306282,0
B0006,114,04911.csv,24,1.3786059891863676,2.035337591005598,102,0.0739056595619962,0.1003482635430065,67.73352957654757,0
B0006,115,04915.csv,24,1.3737600299108574,2.035337591005598,102,0.0740648635028462,0.0990365839748105,67.49543839713218,0
B0006,116,04919.csv,24,1.3682580583942712,2.035337591005598,102,0.0743406664800701,0.1006790823074739,67.22511609085237,0
B0006,117,04923.csv,24,1.3633024037317505,2.035337591005598,102,0.0749835856113319,0.1003809603504959,66.98163536881292,0
B0006,118,04927.csv,24,1.35809661401726,2.035337591005598,102,0.0736342258024834,0.1003434135011964,66.72586503678075,0
B0006,119,04931.csv,24,1.353269090999531,2.035337591005598,102,0.074956546385791,0.0986748779007716,66.48867966571198,0
B0006,120,04935.csv,24,1.3841605738237488,2.035337591005598,102,0.075132937700244,0.0998851845039756,68.00643686533974,0
B0006,121,04937.csv,24,1.4051467790651473,2.035337591005598,102,0.075132937700244,0.0998851845039756,69.03752897183544,0
B0006,122,04941.csv,24,1.378719022627353,2.035337591005598,102,0.07592804413673,0.100329706643873,67.7390831241008,0
B0006,123,04945.csv,24,1.3682657783199066,2.035337591005598,102,0.0755087178512928,0.1011607325689791,67.22549538545536,0
B0006,124,04949.csv,24,1.3573151296618016,2.035337591005598,102,0.074609599632536,0.1014589241819508,66.68746922672389,0
B0006,125,04953.csv,24,1.3524934638801596,2.035337591005598,102,0.0748796033565115,0.100603352458913,66.45057163278422,0
B0006,126,04957.csv,24,1.3474099151661236,2.035337591005598,102,0.0752806088000432,0.1025451876366216,66.20080723318286,0
B0006,127,04961.csv,24,1.3370075130842318,2.035337591005598,102,0.0749955637416601,0.1013873791642721,65.6897174696045,0
B0006,128,04965.csv,24,1.3312352966718526,2.035337591005598,102,0.076358571154978,0.1014317733775896,65.40611751852576,0
B0006,129,04969.csv,24,1.3259303781727645,2.035337591005598,102,0.0747768653278466,0.1028088756204259,65.14547680110712,0
B0006,130,04973.csv,24,1.321578743867529,2.035337591005598,102,0.0760112912097401,0.1020749534936402,64.93167274597319,0
B0006,131,04977.csv,24,1.321225074066109,2.035337591005598,102,0.0763233749345986,0.1024320211016061,64.91429627717592,0
B0006,132,04981.csv,24,1.3156485301862682,2.035337591005598,102,0.0749954456773232,0.10259630569279,64.64031008911138,0
B0006,133,04985.csv,24,1.3209025697502388,2.035337591005598,102,0.0765591070024926,0.1030180047578761,64.8984510278524,0
B0006,134,04987.csv,24,1.3474328767273906,2.035337591005598,102,0.0765591070024926,0.1030180047578761,66.20193537828118,0
B0006,135,04989.csv,24,1.3260128072353616,2.035337591005598,102,0.0765591070024926,0.1030180047578761,65.14952669744675,0
B0006,136,04993.csv,24,1.3101186784831065,2.035337591005598,102,0.0762781646871569,0.102092852503947,64.3686179763337,0
B0006,137,04997.csv,24,1.30521620229393,2.035337591005598,102,0.0762810507777764,0.1012304992482019,64.12775001365068,0
B0006,138,05001.csv,24,1.3004061951355774,2.035337591005598,102,0.0755914955823986,0.1017004816081313,63.89142523000749,0
B0006,139,05005.csv,24,1.300235735841116,2.035337591005598,102,0.0743692695675501,0.1019511695754428,63.88305024124815,0
B0006,140,05009.csv,24,1.2895066722480757,2.035337591005598,102,0.0755494638326417,0.1033905552179119,63.35591097744969,0
B0006,141,05013.csv,24,1.279253057384795,2.035337591005598,102,0.0754378091325998,0.1019022250061564,62.85213141239902,0
B0006,142,05017.csv,24,1.2792078171714618,2.035337591005598,102,0.0752830478385875,0.1021279987143925,62.84990867482796,0
B0006,143,05021.csv,24,1.274036760902923,2.035337591005598,102,0.0750426584630513,0.1023480972991154,62.59584486293798,0
B0006,144,05025.csv,24,1.2741273923001468,2.035337591005598,102,0.0749308327002681,0.103165304469953,62.600297755550194,0
B0006,145,05029.csv,24,1.263763942644078,2.035337591005598,102,0.0755591813837829,0.1017155778229261,62.091121798604966,0
B0006,146,05033.csv,24,1.2581373688955233,2.035337591005598,102,0.07529135855581,0.1039905059221312,61.8146775481072,0
B0006,147,05037.csv,24,1.253259864055301,2.035337591005598,102,0.0769588874531759,0.1027814179991246,61.57503647520722,0
B0006,148,05041.csv,24,1.2532313315493426,2.035337591005598,102,0.0758245422515517,0.1041063706998522,61.573634619019614,0
B0006,149,05045.csv,24,1.2480874960313575,2.035337591005598,102,0.0759119158447739,0.1049438515440013,61.32090821428379,0
B0006,150,05049.csv,24,1.2534354284944844,2.035337591005598,102,0.0762929715531933,0.1064712631533319,61.58366228941904,0
B0006,151,05052.csv,24,1.28980487732669,2.035337591005598,102,0.0744494476629702,0.0976349035137695,63.37056235911393,0
B0006,152,05056.csv,24,1.2635402021758837,2.035337591005598,102,0.0752876188558989,0.1013128184675522,62.080129004624105,0
B0006,153,05060.csv,24,1.2479761706842851,2.035337591005598,102,0.0752509146509656,0.1026311415061905,61.315438588627366,0
B0006,154,05064.csv,24,1.2321202877943334,2.035337591005598,102,0.0757955584221838,0.1033762243070195,60.53640895934027,0
B0006,155,05068.csv,24,1.2271137666213534,2.035337591005598,102,0.0763431463339071,0.104593793917714,60.29042906907026,0
B0006,156,05072.csv,24,1.2217397581377356,2.035337591005598,102,0.0754857475272783,0.1041567019889631,60.02639382954212,0
B0006,157,05076.csv,24,1.211102678915174,2.035337591005598,102,0.075678173941146,0.1049894160585908,59.50377393250057,0
B0006,158,05080.csv,24,1.2056159765131735,2.035337591005598,102,0.0763973061822181,0.1062555849514584,59.23420182680926,0
B0006,159,05084.csv,24,1.2008936262717274,2.035337591005598,102,0.0755408955239052,0.1032519942992523,59.002183793913154,0
B0006,160,05088.csv,24,1.1905903985558337,2.035337591005598,102,0.0775855591124683,0.1047311376075346,58.49596665522202,0
B0006,161,05092.csv,24,1.185179251041941,2.035337591005598,102,0.0791409953998212,0.1041059746959914,58.23010670462684,0
B0006,162,05096.csv,24,1.1796706818144624,2.035337591005598,102,0.0770348037702638,0.1043025357256912,57.95946024028492,0
B0006,163,05100.csv,24,1.1745952836753917,2.035337591005598,102,0.0755865731223018,0.1054502286771071,57.71009629390572,0
B0006,164,05104.csv,24,1.15381833159625,2.035337591005598,102,0.0768002402725307,0.1050583889524579,56.68928519254556,0
B0006,165,05108.csv,24,1.1644009557372264,2.035337591005598,102,0.0777337947396853,0.1055258410926404,57.20922960804411,0
B0006,166,05112.csv,24,1.1587974947916069,2.035337591005598,102,0.0764975846096731,0.1066836025369429,56.93392093343496,0
B0006,167,05116.csv,24,1.1749748834769171,2.035337591005598,102,0.076934450861607,0.1058981228130979,57.72874675283711,0
B0006,168,05118.csv,24,1.1856752327929356,2.035337591005598,102,0.076934450861607,0.1058981228130979,58.254475229690506,0
B0025,1,04003.csv,24,1.847011162956716,1.8489837601535537,28,0.0504980686897653,0.0774432313466362,99.89331452015166,27
B0025,2,04005.csv,24,1.8485654344528384,1.8489837601535537,28,0.0504980686897653,0.0774432313466362,99.97737537182692,26
B0025,3,04007.csv,24,1.847111177186175,1.8489837601535537,28,0.0504980686897653,0.0774432313466362,99.89872366606276,25
B0025,4,04009.csv,24,1.8489837601535537,1.8489837601535537,28,0.0504980686897653,0.0774432313466362,100.0,24
B0025,5,04011.csv,24,1.837012071856044,1.8489837601535537,28,0.0504980686897653,0.0774432313466362,99.35252604400834,23
B0025,6,04015.csv,24,1.817549211247137,1.8489837601535537,28,0.0487078560405399,0.0736334992008756,98.29990129800782,22
B0025,7,04019.csv,24,1.839863822522073,1.8489837601535537,28,0.0482804259796978,0.0721569924368534,99.50675945197467,21
B0025,8,04022.csv,24,1.8430595619731431,1.8489837601535537,28,0.0482804259796978,0.0721569924368534,99.67959706796351,20
B0025,9,04024.csv,24,1.8401871729536057,1.8489837601535537,28,0.0482804259796978,0.0721569924368534,99.52424746017144,19
B0025,10,04026.csv,24,1.8281265632888253,1.8489837601535537,28,0.0482804259796978,0.0721569924368534,98.87196430200144,18
B0025,11,04030.csv,24,1.8253563336445804,1.8489837601535537,28,0.0487839475735373,0.071169333870136,98.72213985767992,17
B0025,12,04034.csv,24,1.821418055262616,1.8489837601535537,28,0.0476113403897874,0.0700800727152683,98.50914294192349,16
B0025,13,04036.csv,24,1.830315627968932,1.8489837601535537,28,0.0476113403897874,0.0700800727152683,98.99035715797356,15
B0025,14,04038.csv,24,1.8175491643824844,1.8489837601535537,28,0.0476113403897874,0.0700800727152683,98.29989876339104,14
B0025,15,04040.csv,24,1.810901200296979,1.8489837601535537,28,0.0476113403897874,0.0700800727152683,97.94035184747042,13
B0025,16,04042.csv,24,1.808303260308424,1.8489837601535537,28,0.0476113403897874,0.0700800727152683,97.79984547610351,12
B0025,17,04046.csv,24,1.7928016149381063,1.8489837601535537,28,0.0478278314357151,0.0695340942491581,96.96145815738362,11
B0025,18,04050.csv,24,1.812563150045885,1.8489837601535537,28,0.0487151021823557,0.0704168042049264,98.03023634428006,10
B0025,19,04052.csv,24,1.807772607491239,1.8489837601535537,28,0.0487151021823557,0.0704168042049264,97.77114577475294,9
B0025,20,04054.csv,24,1.8048055175003967,1.8489837601535537,28,0.0487151021823557,0.0704168042049264,97.61067438204606,8
B0025,21,04056.csv,24,1.800538555899242,1.8489837601535537,28,0.0487151021823557,0.0704168042049264,97.37990104086752,7
B0025,22,04058.csv,24,1.7942356098033032,1.8489837601535537,28,0.0487151021823557,0.0704168042049264,97.03901399622332,6
B0025,23,04065.csv,24,1.807409052434889,1.8489837601535537,28,0.048428360930816,0.07150751057033,97.7514833491446,5
B0025,24,04067.csv,24,1.7902504816962077,1.8489837601535537,28,0.048428360930816,0.07150751057033,96.82348327102298,4
B0025,25,04069.csv,24,1.7961223845359495,1.8489837601535537,28,0.048428360930816,0.07150751057033,97.1410578742339,3
B0025,26,04071.csv,24,1.7912236690350776,1.8489837601535537,28,0.048428360930816,0.07150751057033,96.87611690468934,2
B0025,27,04073.csv,24,1.7854822365303245,1.8489837601535537,28,0.048428360930816,0.07150751057033,96.56559862819154,1
B0025,28,04077.csv,24,1.7677890780323615,1.8489837601535537,28,0.047853306064257,0.0690392693292135,95.60868603224245,0
B0026,1,04083.csv,24,1.8132504303869896,1.8165277958816064,6,0.0912075811726714,0.11624466028643,99.81958076820806,5
B0026,2,04085.csv,24,1.8149760087078304,1.8165277958816064,6,0.0912075811726714,0.11624466028643,99.9145739923554,4
B0026,3,04087.csv,24,1.8135354175561995,1.8165277958816064,6,0.0912075811726714,0.11624466028643,99.83526933459586,3
B0026,4,04089.csv,24,1.815149273310334,1.8165277958816064,6,0.0912075811726714,0.11624466028643,99.92411222253808,2
B0026,5,04091.csv,24,1.81429130140682,1.8165277958816064,6,0.0912075811726714,0.11624466028643,99.8768808008412,1
B0026,6,04095.csv,24,1.3863373424430123,1.8165277958816064,6,0.0901691939902538,0.1101986159586315,76.31798123794677,0
B0026,7,04099.csv,24,1.8165277958816064,1.8165277958816064,6,0.0907301345515442,0.1115298534496224,100.0,0
B0026,8,04102.csv,24,1.8085638576011065,1.8165277958816064,6,0.0907301345515442,0.1115298534496224,99.56158456267195,0
B0026,9,04104.csv,24,1.804936077644182,1.8165277958816064,6,0.0907301345515442,0.1115298534496224,99.36187498679048,0
B0026,10,04106.csv,24,1.8049315924982108,1.8165277958816064,6,0.0907301345515442,0.1115298534496224,99.36162807914714,0
B0026,11,04110.csv,24,1.717679232699393,1.8165277958816064,6,0.0902485480590142,0.110233058144547,94.55837871535353,0
B0026,12,04114.csv,24,1.809804813280106,1.8165277958816064,6,0.0896150617063206,0.1090494719882374,99.62989927174564,0
B0026,13,04116.csv,24,1.806556213274488,1.8165277958816064,6,0.0896150617063206,0.1090494719882374,99.45106358241664,0
B0026,14,04118.csv,24,1.7938155707698509,1.8165277958816064,6,0.0896150617063206,0.1090494719882374,98.74969019669018,0
B0026,15,04120.csv,24,1.799304949381792,1.8165277958816064,6,0.0896150617063206,0.1090494719882374,99.05188092696068,0
B0026,16,04122.csv,24,1.7842197448470132,1.8165277958816064,6,0.0896150617063206,0.1090494719882374,98.22143921453656,0
B0026,17,04126.csv,24,1.6818819918515189,1.8165277958816064,6,0.0894381163858258,0.108700830215644,92.58773775246635,0
B0026,18,04130.csv,24,1.8007519383961936,1.8165277958816064,6,0.0898555538406385,0.109081841929317,99.13153778757588,0
B0026,19,04132.csv,24,1.795972684272296,1.8165277958816064,6,0.0898555538406385,0.109081841929317,98.86843946699231,0
B0026,20,04134.csv,24,1.7931026940553298,1.8165277958816064,6,0.0898555538406385,0.109081841929317,98.7104462767162,0
B0026,21,04136.csv,24,1.8010267542068712,1.8165277958816064,6,0.0898555538406385,0.109081841929317,99.14666641986548,0
B0026,22,04138.csv,24,1.7824572301269948,1.8165277958816064,6,0.0898555538406385,0.109081841929317,98.12441263866944,0
B0026,23,04145.csv,24,1.7959303030608789,1.8165277958816064,6,0.0894500574420642,0.109309064317628,98.86610637792464,0
B0026,24,04147.csv,24,1.7783142127341005,1.8165277958816064,6,0.0894500574420642,0.109309064317628,97.89633920085656,0
B0026,25,04149.csv,24,1.771719092984802,1.8165277958816064,6,0.0894500574420642,0.109309064317628,97.53327733281075,0
B0026,26,04151.csv,24,1.7790749489536772,1.8165277958816064,6,0.0894500574420642,0.109309064317628,97.93821779039985,0
B0026,27,04153.csv,24,1.7733229782464677,1.8165277958816064,6,0.0894500574420642,0.109309064317628,97.62157134434764,0
B0026,28,04157.csv,24,1.768754111010884,1.8165277958816064,6,0.0894079114965533,0.1093666292348382,97.37005483874049,0
B0027,1,03162.csv,24,1.8233077742149364,1.8233077742149364,28,0.0854833449623134,0.1095147580064967,100.0,27
B0027,2,03164.csv,24,1.814238465116796,1.8233077742149364,28,0.0854833449623134,0.1095147580064967,99.50259033464356,26
B0027,3,03166.csv,24,1.812859679313087,1.8233077742149364,28,0.0854833449623134,0.1095147580064967,99.4269703091488,25
B0027,4,03168.csv,24,1.814424244673997,1.8233077742149364,28,0.0854833449623134,0.1095147580064967,99.51277948426647,24
B0027,5,03170.csv,24,1.812800333853042,1.8233077742149364,28,0.0854833449623134,0.1095147580064967,99.4237154850931,23
B0027,6,03174.csv,24,1.7946038703195293,1.8233077742149364,28,0.1072214354338359,0.1278196252750458,98.42572360512388,22
B0027,7,03178.csv,24,1.816519171293833,1.8233077742149364,28,0.1027691804948317,0.1241743696081986,99.62767652191762,21
B0027,8,03181.csv,24,1.819833556519024,1.8233077742149364,28,0.1027691804948317,0.1241743696081986,99.80945522500126,20
B0027,9,03183.csv,24,1.816980986440728,1.8233077742149364,28,0.1027691804948317,0.1241743696081986,99.65300494718,19
B0027,10,03185.csv,24,1.8047602710768988,1.8233077742149364,28,0.1027691804948317,0.1241743696081986,98.98275522101451,18
B0027,11,03189.csv,24,1.802177888140868,1.8233077742149364,28,0.1038115798890318,0.1231616900552123,98.84112345853588,17
B0027,12,03193.csv,24,1.810054375611175,1.8233077742149364,28,0.0998035553382258,0.1205651600821901,99.27311237350108,16
B0027,13,03195.csv,24,1.8191618703574552,1.8233077742149364,28,0.0998035553382258,0.1205651600821901,99.77261634507832,15
B0027,14,03197.csv,24,1.806344581230731,1.8233077742149364,28,0.0998035553382258,0.1205651600821901,99.06964730671928,14
B0027,15,03199.csv,24,1.8120006378747944,1.8233077742149364,28,0.0998035553382258,0.1205651600821901,99.37985585867364,13
B0027,16,03201.csv,24,1.809238569578753,1.8233077742149364,28,0.0998035553382258,0.1205651600821901,99.22836918510691,12
B0027,17,03205.csv,24,1.7820717716005336,1.8233077742149364,28,0.099506803416659,0.1197168984297459,97.7383959418394,11
B0027,18,03209.csv,24,1.8145504562341048,1.8233077742149364,28,0.1001854567709701,0.1193863162247807,99.51970160470565,10
B0027,19,03211.csv,24,1.809153485164282,1.8233077742149364,28,0.1001854567709701,0.1193863162247807,99.22370269842408,9
B0027,20,03213.csv,24,1.806555150809371,1.8233077742149364,28,0.1001854567709701,0.1193863162247807,99.08119607438309,8
B0027,21,03215.csv,24,1.802401655959492,1.8233077742149364,28,0.1001854567709701,0.1193863162247807,98.85339608863094,7
B0027,22,03217.csv,24,1.7964331683322998,1.8233077742149364,28,0.1001854567709701,0.1193863162247807,98.52605214200834,6
B0027,23,03224.csv,24,1.8088036930508289,1.8233077742149364,28,0.0975561228144068,0.11844508949428,99.20451821852444,5
B0027,24,03226.csv,24,1.7915527748749651,1.8233077742149364,28,0.0975561228144068,0.11844508949428,98.25838512899206,4
B0027,25,03228.csv,24,1.7853375192239571,1.8233077742149364,28,0.0975561228144068,0.11844508949428,97.9175070973781,3
B0027,26,03230.csv,24,1.793209210325309,1.8233077742149364,28,0.0975561228144068,0.11844508949428,98.34923295368569,2
B0027,27,03232.csv,24,1.7873097711102113,1.8233077742149364,28,0.0975561228144068,0.11844508949428,98.0256759931699,1
B0027,28,03236.csv,24,1.7700926253324452,1.8233077742149364,28,0.0999652631237503,0.119612265698934,97.08139516350144,0
B0029,1,01354.csv,43,1.697507332205763,1.844701206961174,40,0.0283404555299767,0.0447022577166673,92.02071998435522,39
B0029,2,01356.csv,43,1.844701206961174,1.844701206961174,40,0.0283404555299767,0.0447022577166673,100.0,38
B0029,3,01358.csv,43,1.8254376674722927,1.844701206961174,40,0.0283404555299767,0.0447022577166673,98.9557366029692,37
B0029,4,01360.csv,43,1.815750429913437,1.844701206961174,40,0.0283404555299767,0.0447022577166673,98.4305980318933,36
B0029,5,01362.csv,43,1.8132993337127028,1.844701206961174,40,0.0283404555299767,0.0447022577166673,98.29772577098272,35
B0029,6,01366.csv,43,1.8151647619660576,1.844701206961174,40,0.0281413211997284,0.0395426241816272,98.39884937009542,34
B0029,7,01368.csv,43,1.8143317955190057,1.844701206961174,40,0.0281413211997284,0.0395426241816272,98.35369482452953,33
B0029,8,01370.csv,43,1.801343601809866,1.844701206961174,40,0.0281413211997284,0.0395426241816272,97.6496136616763,32
B0029,9,01372.csv,43,1.7881558802945825,1.844701206961174,40,0.0281413211997284,0.0395426241816272,96.93471623191812,31
B0029,10,01374.csv,43,1.7760714604539518,1.844701206961174,40,0.0281413211997284,0.0395426241816272,96.27962803687446,30
B0029,11,01378.csv,43,1.7852807447597443,1.844701206961174,40,0.0288621768903095,0.0397409356337989,96.77885708660024,29
B0029,12,01380.csv,43,1.7698116401111978,1.844701206961174,40,0.0288621768903095,0.0397409356337989,95.9402874260952,28
B0029,13,01382.csv,43,1.7565231680521758,1.844701206961174,40,0.0288621768903095,0.0397409356337989,95.21992837776388,27
B0029,14,01384.csv,43,1.7543413277348154,1.844701206961174,40,0.0288621768903095,0.0397409356337989,95.10165229548416,26
B0029,15,01386.csv,43,1.7392875506998715,1.844701206961174,40,0.0288621768903095,0.0397409356337989,94.28559726293273,25
B0029,16,01390.csv,43,1.7797845109331345,1.844701206961174,40,0.0282937539623187,0.039916894661314,96.48090998243676,24
B0029,17,01392.csv,43,1.7657088508465202,1.844701206961174,40,0.0282937539623187,0.039916894661314,95.71787800557794,23
B0029,18,01394.csv,43,1.7523941408724169,1.844701206961174,40,0.0282937539623187,0.039916894661314,94.99609661768385,22
B0029,19,01396.csv,43,1.7380191225603103,1.844701206961174,40,0.0282937539623187,0.039916894661314,94.2168366346654,21
B0029,20,01398.csv,43,1.7312214443143976,1.844701206961174,40,0.0282937539623187,0.039916894661314,93.84833911212569,20
B0029,21,01402.csv,43,1.7379128985265808,1.844701206961174,40,0.0279994846267451,0.0400246219184316,94.211078301916,19
B0029,22,01404.csv,43,1.7224270683625882,1.844701206961174,40,0.0279994846267451,0.0400246219184316,93.37160196257412,18
B0029,23,01406.csv,43,1.7184213765608034,1.844701206961174,40,0.0279994846267451,0.0400246219184316,93.15445612959756,17
B0029,24,01408.csv,43,1.7010220930648232,1.844701206961174,40,0.0279994846267451,0.0400246219184316,92.21125278423614,16
B0029,25,01410.csv,43,1.693698739563104,1.844701206961174,40,0.0279994846267451,0.0400246219184316,91.81425876297766,15
B0029,26,01414.csv,43,1.713072721286705,1.844701206961174,40,0.0281542783809788,0.0403131169157872,92.86450915856967,14
B0029,27,01416.csv,43,1.6976972688567131,1.844701206961174,40,0.0281542783809788,0.0403131169157872,92.03101632124888,13
B0029,28,01418.csv,43,1.6899314034061208,1.844701206961174,40,0.0281542783809788,0.0403131169157872,91.61003402767814,12
B0029,29,01420.csv,43,1.685023551367069,1.844701206961174,40,0.0281542783809788,0.0403131169157872,91.3439827007461,11
B0029,30,01422.csv,43,1.678389965463405,1.844701206961174,40,0.0281542783809788,0.0403131169157872,90.98438051267186,10
B0029,31,01426.csv,43,1.6737947494868326,1.844701206961174,40,0.0276450150366069,0.0409514389077648,90.73527697442772,9
B0029,32,01428.csv,43,1.6687898927884717,1.844701206961174,40,0.0276450150366069,0.0409514389077648,90.46396709077425,8
B0029,33,01430.csv,43,1.6492566306631429,1.844701206961174,40,0.0276450150366069,0.0409514389077648,89.40508221274533,7
B0029,34,01432.csv,43,1.6409676757039668,1.844701206961174,40,0.0276450150366069,0.0409514389077648,88.95574359205723,6
B0029,35,01434.csv,43,1.6456360229757092,1.844701206961174,40,0.0276450150366069,0.0409514389077648,89.20881152816123,5
B0029,36,01438.csv,43,1.654547743574037,1.844701206961174,40,0.0282563620387149,0.0405730242022363,89.69190985133133,4
B0029,37,01440.csv,43,1.6461201520877546,1.844701206961174,40,0.0282563620387149,0.0405730242022363,89.23505583863377,3
B0029,38,01442.csv,43,1.6275119188151763,1.844701206961174,40,0.0282563620387149,0.0405730242022363,88.22631614667942,2
B0029,39,01444.csv,43,1.6200530533464497,1.844701206961174,40,0.0282563620387149,0.0405730242022363,87.82197611369305,1
B0029,40,01446.csv,43,1.612079811711934,1.844701206961174,40,0.0282563620387149,0.0405730242022363,87.38975209798645,0
B0032,1,01013.csv,43,1.704864107351214,1.8940319526948568,40,0.0706645161013223,0.0794502575395997,90.01242586881959,39
B0032,2,01015.csv,43,1.8940319526948568,1.8940319526948568,40,0.0706645161013223,0.0794502575395997,100.0,38
B0032,3,01017.csv,43,1.8747686491853093,1.8940319526948568,40,0.0706645161013223,0.0794502575395997,98.98294727910267,37
B0032,4,01019.csv,43,1.8654947184112376,1.8940319526948568,40,0.0706645161013223,0.0794502575395997,98.49330766342057,36
B0032,5,01021.csv,43,1.8527398169018068,1.8940319526948568,40,0.0706645161013223,0.0794502575395997,97.81988177473464,35
B0032,6,01025.csv,43,1.844174397003866,1.8940319526948568,40,0.0697605949327327,0.077037715035224,97.36764970516718,34
B0032,7,01027.csv,43,1.843023847751276,1.8940319526948568,40,0.0697605949327327,0.077037715035224,97.30690367335114,33
B0032,8,01029.csv,43,1.8302818174911863,1.8940319526948568,40,0.0697605949327327,0.077037715035224,96.6341573534192,32
B0032,9,01031.csv,43,1.8173838456081808,1.8940319526948568,40,0.0697605949327327,0.077037715035224,95.95317771816784,31
B0032,10,01033.csv,43,1.805799298110468,1.8940319526948568,40,0.0697605949327327,0.077037715035224,95.34154350147844,30
B0032,11,01037.csv,43,1.8149829605049184,1.8940319526948568,40,0.0708764987737107,0.0778915805160204,95.82641717963276,29
B0032,12,01039.csv,43,1.7995150369321795,1.8940319526948568,40,0.0708764987737107,0.0778915805160204,95.0097507263171,28
B0032,13,01041.csv,43,1.7866516942518147,1.8940319526948568,40,0.0708764987737107,0.0778915805160204,94.33059942361268,27
B0032,14,01043.csv,43,1.7735550719416031,1.8940319526948568,40,0.0708764987737107,0.0778915805160204,93.63913155837538,26
B0032,15,01045.csv,43,1.769995333364443,1.8940319526948568,40,0.0708764987737107,0.0778915805160204,93.4511865465663,25
B0032,16,01049.csv,43,1.799526080374287,1.8940319526948568,40,0.0707455120034817,0.0783239856398854,95.01033379156536,24
B0032,17,01051.csv,43,1.7968530684449833,1.8940319526948568,40,0.0707455120034817,0.0783239856398854,94.86920565877436,23
B0032,18,01053.csv,43,1.7838265504081745,1.8940319526948568,40,0.0707455120034817,0.0783239856398854,94.18143911828518,22
B0032,19,01055.csv,43,1.7696444491040102,1.8940319526948568,40,0.0707455120034817,0.0783239856398854,93.43266076298944,21
B0032,20,01057.csv,43,1.7512940457049684,1.8940319526948568,40,0.0707455120034817,0.0783239856398854,92.46380681240365,20
B0032,21,01061.csv,43,1.7697554297961993,1.8940319526948568,40,0.0713326264254028,0.0789786361031034,93.43852025717754,19
B0032,22,01063.csv,43,1.7547726933914918,1.8940319526948568,40,0.0713326264254028,0.0789786361031034,92.64747043442298,18
B0032,23,01065.csv,43,1.7389166355812984,1.8940319526948568,40,0.0713326264254028,0.0789786361031034,91.81031149485848,17
B0032,24,01067.csv,43,1.7337200518764075,1.8940319526948568,40,0.0713326264254028,0.0789786361031034,91.5359452837976,16
B0032,25,01069.csv,43,1.7150972597500092,1.8940319526948568,40,0.0713326264254028,0.0789786361031034,90.55270991124218,15
B0032,26,01073.csv,43,1.7462926148815636,1.8940319526948568,40,0.0717615198628267,0.079782528012842,92.1997441699393,14
B0032,27,01075.csv,43,1.719149261914565,1.8940319526948568,40,0.0717615198628267,0.079782528012842,90.76664517029576,13
B0032,28,01077.csv,43,1.711582246191498,1.8940319526948568,40,0.0717615198628267,0.079782528012842,90.3671262650154,12
B0032,29,01079.csv,43,1.69510511952259,1.8940319526948568,40,0.0717615198628267,0.079782528012842,89.49717649223231,11
B0032,30,01081.csv,43,1.7005124371100973,1.8940319526948568,40,0.0717615198628267,0.079782528012842,89.78266890854628,10
B0032,31,01085.csv,43,1.7080989351250158,1.8940319526948568,40,0.0713737958044209,0.0791164876167491,90.18321642856696,9
B0032,32,01087.csv,43,1.691435430587127,1.8940319526948568,40,0.0713737958044209,0.0791164876167491,89.30342638520578,8
B0032,33,01089.csv,43,1.6844494328889932,1.8940319526948568,40,0.0713737958044209,0.0791164876167491,88.93458373246203,7
B0032,34,01091.csv,43,1.664037581688075,1.8940319526948568,40,0.0713737958044209,0.0791164876167491,87.8568906570165,6
B0032,35,01093.csv,43,1.6686372014231974,1.8940319526948568,40,0.0713737958044209,0.0791164876167491,88.09973871079818,5
B0032,36,01097.csv,43,1.6899344075625968,1.8940319526948568,40,0.0721461617558402,0.0800616640229892,89.22417624254612,4
B0032,37,01099.csv,43,1.669431712846442,1.8940319526948568,40,0.0721461617558402,0.0800616640229892,88.14168686389634,3
B0032,38,01101.csv,43,1.6634226761839213,1.8940319526948568,40,0.0721461617558402,0.0800616640229892,87.82442523301567,2
B0032,39,01103.csv,43,1.643615219594737,1.8940319526948568,40,0.0721461617558402,0.0800616640229892,86.7786426335721,1
B0032,40,01105.csv,43,1.6358000873538243,1.8940319526948568,40,0.0721461617558402,0.0800616640229892,86.36602381635556,0
B0033,1,02413.csv,24,0.0684257224060181,1.713169326386719,2,,,,1
B0033,2,02417.csv,24,0.6895699007862814,1.713169326386719,2,0.1029842008945974,0.1311935104510101,40.25112346837704,0
B0033,3,02419.csv,24,1.1610848192311252,1.713169326386719,2,0.1029842008945974,0.1311935104510101,67.77408405274178,0
B0033,4,02421.csv,24,1.2529393053824995,1.713169326386719,2,0.1029842008945974,0.1311935104510101,73.1357540719632,0
B0033,5,02423.csv,24,1.302918002447558,1.713169326386719,2,0.1029842008945974,0.1311935104510101,76.05307790535623,0
B0033,6,02425.csv,24,1.3218773211472523,1.713169326386719,2,0.1029842008945974,0.1311935104510101,77.15975886255512,0
B0033,7,02429.csv,24,1.2884694418301417,1.713169326386719,2,0.1127111810781862,0.1389628488152857,75.20969597019807,0
B0033,8,02431.csv,24,1.713169326386719,1.713169326386719,2,0.1127111810781862,0.1389628488152857,100.0,0
B0033,9,02433.csv,24,1.6560966776720512,1.713169326386719,2,0.1127111810781862,0.1389628488152857,96.66859265831935,0
B0033,10,02435.csv,24,1.6197297341990775,1.713169326386719,2,0.1127111810781862,0.1389628488152857,94.54580520743288,0
B0033,11,02437.csv,24,1.604655812282729,1.713169326386719,2,0.1127111810781862,0.1389628488152857,93.66592009133984,0
B0033,12,02441.csv,24,1.6255699769029337,1.713169326386719,2,0.0886034476771538,0.1131994824699228,94.88670803670396,0
B0033,13,02443.csv,24,1.5900967306245992,1.713169326386719,2,0.0886034476771538,0.1131994824699228,92.8160868942421,0
B0033,14,02445.csv,24,1.5739402299623984,1.713169326386719,2,0.0886034476771538,0.1131994824699228,91.8730101992912,0
B0033,15,02447.csv,24,1.5711303351557309,1.713169326386719,2,0.0886034476771538,0.1131994824699228,91.70899285649917,0
B0033,16,02449.csv,24,1.5897706153457416,1.713169326386719,2,0.0886034476771538,0.1131994824699228,92.7970511063702,0
B0033,17,02453.csv,24,1.6257378771074,1.713169326386719,2,0.0781380080118915,0.0992161368025628,94.89650859768062,0
B0033,18,02455.csv,24,1.6523506333962537,1.713169326386719,2,0.0781380080118915,0.0992161368025628,96.4499310106877,0
B0033,19,02457.csv,24,1.6143816761595386,1.713169326386719,2,0.0781380080118915,0.0992161368025628,94.2336318596402,0
B0033,20,02459.csv,24,1.58697453394504,1.713169326386719,2,0.0781380080118915,0.0992161368025628,92.63384007068125,0
B0033,21,02461.csv,24,1.5818355572787333,1.713169326386719,2,0.0781380080118915,0.0992161368025628,92.33387108412778,0
B0033,22,02465.csv,24,1.6919769406371152,1.713169326386719,2,0.0767471487132981,0.0986940175975413,98.76297191274718,0
B0033,23,02469.csv,24,1.6879483800354476,1.713169326386719,2,0.0779538361922111,0.0981600123359747,98.5278194068262,0
B0033,24,02471.csv,24,1.6586223007531458,1.713169326386719,2,0.0779538361922111,0.0981600123359747,96.81601667777817,0
B0033,25,02473.csv,24,1.6420179032789863,1.713169326386719,2,0.0779538361922111,0.0981600123359747,95.84679564291524,0
B0033,26,02475.csv,24,1.6381810791118745,1.713169326386719,2,0.0779538361922111,0.0981600123359747,95.62283505081172,0
B0033,27,02477.csv,24,1.6422892507912386,1.713169326386719,2,0.0779538361922111,0.0981600123359747,95.86263456251724,0
B0033,28,02481.csv,24,1.651270876264092,1.713169326386719,2,0.0778722131432379,0.0972564952705378,96.38690413321967,0
B0033,29,02483.csv,24,1.6326559297917211,1.713169326386719,2,0.0778722131432379,0.0972564952705378,95.30032464655376,0
B0033,30,02485.csv,24,1.6260888111680731,1.713169326386719,2,0.0778722131432379,0.0972564952705378,94.91699309126032,0
B0033,31,02487.csv,24,1.6079292963823688,1.713169326386719,2,0.0778722131432379,0.0972564952705378,93.85699776528722,0
B0033,32,02489.csv,24,1.6125361114907395,1.713169326386719,2,0.0778722131432379,0.0972564952705378,94.12590376526136,0
B0033,33,02493.csv,24,1.6218384168987892,1.713169326386719,2,0.0761301560017276,0.0981603976137327,94.66889185550866,0
B0033,34,02495.csv,24,1.6145443029101134,1.713169326386719,2,0.0761301560017276,0.0981603976137327,94.24312460201364,0
B0033,35,02497.csv,24,1.5953958917107596,1.713169326386719,2,0.0761301560017276,0.0981603976137327,93.12540606103671,0
B0033,36,02499.csv,24,1.5877243027113055,1.713169326386719,2,0.0761301560017276,0.0981603976137327,92.67760508297262,0
B0033,37,02501.csv,24,1.5811840578305605,1.713169326386719,2,0.0761301560017276,0.0981603976137327,92.29584218423224,0
B0033,38,02505.csv,24,1.6128422608267754,1.713169326386719,2,0.0770653853843182,0.0974835281416819,94.14377411417088,0
B0033,39,02507.csv,24,1.61998606328022,1.713169326386719,2,0.0770653853843182,0.0974835281416819,94.56076748099188,0
B0033,40,02509.csv,24,1.6099381853611876,1.713169326386719,2,0.0770653853843182,0.0974835281416819,93.9742593195234,0
B0033,41,02511.csv,24,1.577097753956516,1.713169326386719,2,0.0770653853843182,0.0974835281416819,92.05731912576358,0
B0033,42,02513.csv,24,1.5708599066554392,1.713169326386719,2,0.0770653853843182,0.0974835281416819,91.69320758086256,0
B0033,43,02517.csv,24,1.6261581345348248,1.713169326386719,2,0.0751833989430717,0.0980921571175937,94.92103958950683,0
B0033,44,02521.csv,24,1.6348129972245726,1.713169326386719,2,0.0781355937086987,0.0966684148402716,95.42623557664264,0
B0033,45,02523.csv,24,1.611705363734261,1.713169326386719,2,0.0781355937086987,0.0966684148402716,94.07741190029024,0
B0033,46,02525.csv,24,1.8851401699720665,1.713169326386719,2,0.0781355937086987,0.0966684148402716,100.0,0
B0033,47,02529.csv,24,1.6584957887780232,1.713169326386719,2,0.077553713664608,0.0978181740364916,96.80863200346876,0
B0033,48,02531.csv,24,1.62418934644937,1.713169326386719,2,0.077553713664608,0.0978181740364916,94.80611877840364,0
B0033,49,02533.csv,24,1.604172098856364,1.713169326386719,2,0.077553713664608,0.0978181740364916,93.63768508742544,0
B0033,50,02535.csv,24,1.6080016740907346,1.713169326386719,2,0.077553713664608,0.0978181740364916,93.86122254956577,0
B0033,51,02537.csv,24,1.6256752138435595,1.713169326386719,2,0.077553713664608,0.0978181740364916,94.89285085860747,0
B0033,52,02541.csv,24,1.617632765910718,1.713169326386719,2,0.0787984673128961,0.098514061231978,94.4234023453187,0
B0033,53,02543.csv,24,1.5973191489094265,1.713169326386719,2,0.0787984673128961,0.098514061231978,93.23766917298045,0
B0033,54,02545.csv,24,1.5875852250170606,1.713169326386719,2,0.0787984673128961,0.098514061231978,92.66948693072096,0
B0033,55,02547.csv,24,1.5802530015403684,1.713169326386719,2,0.0787984673128961,0.098514061231978,92.24149517510408,0
B0033,56,02549.csv,24,1.583036530487776,1.713169326386719,2,0.0787984673128961,0.098514061231978,92.40397350719508,0
B0033,57,02553.csv,24,1.6027138832797037,1.713169326386719,2,0.0801135907027095,0.1009818646643406,93.55256708103808,0
B0033,58,02555.csv,24,1.5930709154513834,1.713169326386719,2,0.0801135907027095,0.1009818646643406,92.98969406668998,0
B0033,59,02557.csv,24,1.5448888685020246,1.713169326386719,2,0.0801135907027095,0.1009818646643406,90.17724311935832,0
B0033,60,02559.csv,24,1.5352188565640517,1.713169326386719,2,0.0801135907027095,0.1009818646643406,89.6127915039206,0
B0033,61,02561.csv,24,1.5252677314227332,1.713169326386719,2,0.0801135907027095,0.1009818646643406,89.03193093234438,0
B0033,62,02565.csv,24,1.5559492005453626,1.713169326386719,2,0.0802157241761475,0.1024877144933221,90.82284959111703,0
B0033,63,02567.csv,24,1.564802943842715,1.713169326386719,2,0.0802157241761475,0.1024877144933221,91.33965450706928,0
B0033,64,02569.csv,24,1.5518620461881203,1.713169326386719,2,0.0802157241761475,0.1024877144933221,90.58427688879912,0
B0033,65,02571.csv,24,1.5144550545105004,1.713169326386719,2,0.0802157241761475,0.1024877144933221,88.40078042400333,0
B0033,66,02573.csv,24,1.5051936202146428,1.713169326386719,2,0.0802157241761475,0.1024877144933221,87.86017803559896,0
B0033,67,02577.csv,24,1.605823969917045,1.713169326386719,2,0.078896432714675,0.1057736114259262,93.73410702513112,0
B0033,68,02581.csv,24,1.6249005195877049,1.713169326386719,2,0.0824408213552602,0.1031701848132249,94.84763091193189,0
B0033,69,02583.csv,24,1.589785130036615,1.713169326386719,2,0.0824408213552602,0.1031701848132249,92.79789834841743,0
B0033,70,02585.csv,24,1.5552386152299904,1.713169326386719,2,0.0824408213552602,0.1031701848132249,90.78137176960648,0
B0033,71,02587.csv,24,1.539756404636803,1.713169326386719,2,0.0824408213552602,0.1031701848132249,89.87765429377231,0
B0033,72,02589.csv,24,1.5293174002138357,1.713169326386719,2,0.0824408213552602,0.1031701848132249,89.26831555170037,0
B0033,73,02593.csv,24,1.547680553576876,1.713169326386719,2,0.0839073124416653,0.1081903026332374,90.3401975355887,0
B0033,74,02595.csv,24,1.5659920939439786,1.713169326386719,2,0.0839073124416653,0.1081903026332374,91.4090667994182,0
B0033,75,02597.csv,24,1.5416252851780503,1.713169326386719,2,0.0839073124416653,0.1081903026332374,89.98674336701582,0
B0033,76,02599.csv,24,1.517590655990168,1.713169326386719,2,0.0839073124416653,0.1081903026332374,88.58380970379326,0
B0033,77,02601.csv,24,1.5075202042593092,1.713169326386719,2,0.0839073124416653,0.1081903026332374,87.99598387853766,0
B0033,78,02605.csv,24,1.49549282626034,1.713169326386719,2,0.0865552274379426,0.1119934521157012,87.29392963242665,0
B0033,79,02607.csv,24,1.4997618811573148,1.713169326386719,2,0.0865552274379426,0.1119934521157012,87.5431201141392,0
B0033,80,02609.csv,24,1.4906966807803954,1.713169326386719,2,0.0865552274379426,0.1119934521157012,87.01397216377057,0
B0033,81,02611.csv,24,1.4800999425051866,1.713169326386719,2,0.0865552274379426,0.1119934521157012,86.39542628438815,0
B0033,82,02613.csv,24,1.4676091496100632,1.713169326386719,2,0.0865552274379426,0.1119934521157012,85.66632188689883,0
B0033,83,02617.csv,24,1.4729818491920503,1.713169326386719,2,0.0864069259894296,0.1128450101488721,85.97993359469885,0
B0033,84,02619.csv,24,1.4742872137206404,1.713169326386719,2,0.0864069259894296,0.1128450101488721,86.05612947962886,0
B0033,85,02621.csv,24,1.4635162808346138,1.713169326386719,2,0.0864069259894296,0.1128450101488721,85.42741562629693,0
B0033,86,02623.csv,24,1.4527095680488362,1.713169326386719,2,0.0864069259894296,0.1128450101488721,84.7966132520465,0
B0033,87,02625.csv,24,1.4557303847230247,1.713169326386719,2,0.0864069259894296,0.1128450101488721,84.97294238820724,0
B0033,88,02629.csv,24,1.459740099618568,1.713169326386719,2,0.0887050669767017,0.1160156344404579,85.20699484488998,0
B0033,89,02631.csv,24,1.448711504158192,1.713169326386719,2,0.0887050669767017,0.1160156344404579,84.56324088020531,0
B0033,90,02633.csv,24,1.4666759762884336,1.713169326386719,2,0.0887050669767017,0.1160156344404579,85.61185130379555,0
B0033,91,02635.csv,24,1.4689502109504418,1.713169326386719,2,0.0887050669767017,0.1160156344404579,85.74460144279114,0
B0033,92,02637.csv,24,1.471116588522042,1.713169326386719,2,0.0887050669767017,0.1160156344404579,85.87105581821294,0
B0033,93,02641.csv,24,1.4473012364654927,1.713169326386719,2,0.0898923542583947,0.1152909976414748,84.4809216563564,0
B0033,94,02643.csv,24,1.4205315547561643,1.713169326386719,2,0.0898923542583947,0.1152909976414748,82.91833929528944,0
B0033,95,02645.csv,24,1.4241466094817417,1.713169326386719,2,0.0898923542583947,0.1152909976414748,83.12935490652514,0
B0033,96,02647.csv,24,1.4412820083364295,1.713169326386719,2,0.0898923542583947,0.1152909976414748,84.12957120685014,0
B0033,97,02649.csv,24,1.4448965388921615,1.713169326386719,2,0.0898923542583947,0.1152909976414748,84.34055622158627,0
B0033,98,02653.csv,24,1.4540256354795746,1.713169326386719,2,0.0921631077559332,0.1146968454749727,84.87343387978412,0
B0033,99,02655.csv,24,1.4226030447542912,1.713169326386719,2,0.0921631077559332,0.1146968454749727,83.03925495530164,0
B0033,100,02657.csv,24,1.410196954589097,1.713169326386719,2,0.0921631077559332,0.1146968454749727,82.31509477019256,0
B0033,101,02659.csv,24,1.4144881298999457,1.713169326386719,2,0.0921631077559332,0.1146968454749727,82.56557645024336,0
B0033,102,02661.csv,24,1.431360032946153,1.713169326386719,2,0.0921631077559332,0.1146968454749727,83.55041214548619,0
B0033,103,02665.csv,24,1.4515133236517528,1.713169326386719,2,0.090109642803023,0.1147335217159905,84.72678685609961,0
B0033,104,02667.csv,24,1.4230376757726733,1.713169326386719,2,0.090109642803023,0.1147335217159905,83.064624952983,0
B0033,105,02669.csv,24,1.396298696255913,1.713169326386719,2,0.090109642803023,0.1147335217159905,81.50383472023023,0
B0033,106,02671.csv,24,1.3979060730399124,1.713169326386719,2,0.090109642803023,0.1147335217159905,81.5976594671039,0
B0033,107,02673.csv,24,1.4011347560096767,1.713169326386719,2,0.090109642803023,0.1147335217159905,81.78612203878522,0
B0033,108,02677.csv,24,1.436782528945267,1.713169326386719,2,0.092436093949676,0.1163704046903859,83.86693053719418,0
B0033,109,02679.csv,24,1.4370006879546382,1.713169326386719,2,0.092436093949676,0.1163704046903859,83.87966477227597,0
B0033,110,02681.csv,24,1.410355528453481,1.713169326386719,2,0.092436093949676,0.1163704046903859,82.3243509401427,0
B0033,111,02683.csv,24,1.382633397996189,1.713169326386719,2,0.092436093949676,0.1163704046903859,80.70617286338705,0
B0033,112,02685.csv,24,1.3699403583067564,1.713169326386719,2,0.092436093949676,0.1163704046903859,79.96526304823156,0
B0033,113,02689.csv,24,1.3786129327882322,1.713169326386719,2,0.0920475173169191,0.1203997864761216,80.47149289649572,0
B0033,114,02691.csv,24,1.8035959863147195,1.713169326386719,2,0.0920475173169191,0.1203997864761216,100.0,0
B0033,115,02695.csv,24,1.4234424290662009,1.713169326386719,2,0.0863916411128797,0.1112123553543622,83.08825094764059,0
B0033,116,02697.csv,24,1.3946003892958665,1.713169326386719,2,0.0863916411128797,0.1112123553543622,81.40470225656253,0
B0033,117,02699.csv,24,1.3961613987822286,1.713169326386719,2,0.0863916411128797,0.1112123553543622,81.49582048184936,0
B0033,118,02701.csv,24,1.384968608315797,1.713169326386719,2,0.0863916411128797,0.1112123553543622,80.84248223360753,0
B0033,119,02703.csv,24,1.3715114742475478,1.713169326386719,2,0.0863916411128797,0.1112123553543622,80.05697120086963,0
B0033,120,02707.csv,24,1.3616865084879255,1.713169326386719,2,0.0906674979688245,0.1189578328356123,79.48347472224984,0
B0033,121,02709.csv,24,1.3796301360966086,1.713169326386719,2,0.0906674979688245,0.1189578328356123,80.53086842305397,0
B0033,122,02711.csv,24,1.364231776003204,1.713169326386719,2,0.0906674979688245,0.1189578328356123,79.63204541377903,0
B0033,123,02713.csv,24,1.3418414512081456,1.713169326386719,2,0.0906674979688245,0.1189578328356123,78.32509201167238,0
B0033,124,02715.csv,24,1.355221569579225,1.713169326386719,2,0.0906674979688245,0.1189578328356123,79.10610753448118,0
B0033,125,02719.csv,24,1.3403860264029774,1.713169326386719,2,0.0909557798656722,0.1209363559139077,78.24013690637419,0
B0033,126,02721.csv,24,1.3594078914195438,1.713169326386719,2,0.0909557798656722,0.1209363559139077,79.35046877629424,0
B0033,127,02723.csv,24,1.3457100861355502,1.713169326386719,2,0.0909557798656722,0.1209363559139077,78.55090944068066,0
B0033,128,02725.csv,24,1.3477611420854358,1.713169326386719,2,0.0909557798656722,0.1209363559139077,78.67063233778688,0
B0033,129,02727.csv,24,1.335482103134067,1.713169326386719,2,0.0909557798656722,0.1209363559139077,77.95388830307627,0
B0033,130,02731.csv,24,1.353154941842234,1.713169326386719,2,0.095356774650343,0.1219867024669133,78.98547569119751,0
B0033,131,02733.csv,24,1.3709677706044292,1.713169326386719,2,0.095356774650343,0.1219867024669133,80.02523448723926,0
B0033,132,02735.csv,24,1.357426672491866,1.713169326386719,2,0.095356774650343,0.1219867024669133,79.234822360195,0
B0033,133,02737.csv,24,1.3443678821106904,1.713169326386719,2,0.095356774650343,0.1219867024669133,78.4725631847568,0
B0033,134,02739.csv,24,1.33005823859453,1.713169326386719,2,0.095356774650343,0.1219867024669133,77.63729002782134,0
B0033,135,02743.csv,24,1.4033641858066626,1.713169326386719,2,0.1119074154631581,0.1409796226478348,81.91625685748922,0
B0033,136,02747.csv,24,1.3865570950229378,1.713169326386719,2,0.0884963349105808,0.1149810457358202,80.93520434126347,0
B0033,137,02749.csv,24,1.3704138176872631,1.713169326386719,2,0.0884963349105808,0.1149810457358202,79.99289950968428,0
B0033,138,02751.csv,24,1.325319393635713,1.713169326386719,2,0.0884963349105808,0.1149810457358202,77.36067726772646,0
B0033,139,02753.csv,24,0.8439684993200656,1.713169326386719,2,0.0884963349105808,0.1149810457358202,49.26357752972948,0
B0033,140,02755.csv,24,0.298661803715835,1.713169326386719,2,0.0884963349105808,0.1149810457358202,17.433291567608723,0
B0033,141,02759.csv,24,0.2344867974702557,1.713169326386719,2,0.1456294596992112,0.1691988277794489,13.687310055032135,0
B0033,142,02761.csv,24,0.2025633038072582,1.713169326386719,2,0.1456294596992112,0.1691988277794489,11.823892751715832,0
B0033,143,02763.csv,24,0.2353199565407024,1.713169326386719,2,0.1456294596992112,0.1691988277794489,13.735942671645926,0
B0033,144,02765.csv,24,0.2355042783748287,1.713169326386719,2,0.1456294596992112,0.1691988277794489,13.746701785254098,0
B0033,145,02767.csv,24,0.4304242256752923,1.713169326386719,2,0.1456294596992112,0.1691988277794489,25.124441527511408,0
B0033,146,02771.csv,24,0.4643633320269643,1.713169326386719,2,0.1382996517013786,0.1655497360143937,27.105512857060237,0
B0033,147,02773.csv,24,0.3994839380247729,1.713169326386719,2,0.1382996517013786,0.1655497360143937,23.318415282821626,0
B0033,148,02775.csv,24,1.461469789426299,1.713169326386719,2,0.1382996517013786,0.1655497360143937,85.30795916762736,0
B0033,149,02777.csv,24,1.4150999545382532,1.713169326386719,2,0.1382996517013786,0.1655497360143937,82.60128947807337,0
B0033,150,02779.csv,24,1.383632373873956,1.713169326386719,2,0.1382996517013786,0.1655497360143937,80.76448443028126,0
B0033,151,02783.csv,24,1.3705402893609833,1.713169326386719,2,0.0995331061490151,0.1304748915407405,80.00028183154659,0
B0033,152,02785.csv,24,1.3557042566115398,1.713169326386719,2,0.0995331061490151,0.1304748915407405,79.13428262639303,0
B0033,153,02787.csv,24,1.3578385793919765,1.713169326386719,2,0.0995331061490151,0.1304748915407405,79.25886592049964,0
B0033,154,02789.csv,24,1.3609083979571397,1.713169326386719,2,0.0995331061490151,0.1304748915407405,79.43805536300722,0
B0033,155,02791.csv,24,1.3495626547684758,1.713169326386719,2,0.0995331061490151,0.1304748915407405,78.7757890584503,0
B0033,156,02795.csv,24,1.1888877132486642,1.713169326386719,2,0.0990146912411192,0.1275503224776246,69.39697640724002,0
B0033,157,02799.csv,24,1.5041493934608643,1.713169326386719,2,0.093091725109756,0.1161312975013201,87.79922511415127,0
B0033,158,02801.csv,24,1.4899088638712767,1.713169326386719,2,0.093091725109756,0.1161312975013201,86.9679862301571,0
B0033,159,02803.csv,24,1.475330178643193,1.713169326386719,2,0.093091725109756,0.1161312975013201,86.1170087462891,0
B0033,160,02805.csv,24,1.459830765413703,1.713169326386719,2,0.093091725109756,0.1161312975013201,85.21228712941425,0
B0033,161,02807.csv,24,1.4474169057725728,1.713169326386719,2,0.093091725109756,0.1161312975013201,84.48767342953482,0
B0033,162,02811.csv,24,1.4676323674647154,1.713169326386719,2,0.094182061637456,0.1172287722528883,85.6676771443328,0
B0033,163,02813.csv,24,1.441552493165527,1.713169326386719,2,0.094182061637456,0.1172287722528883,84.14535977047495,0
B0033,164,02815.csv,24,1.418392873584403,1.713169326386719,2,0.094182061637456,0.1172287722528883,82.79350159601357,0
B0033,165,02817.csv,24,1.4031824838852518,1.713169326386719,2,0.094182061637456,0.1172287722528883,81.90565067171342,0
B0033,166,02819.csv,24,1.3911104661211642,1.713169326386719,2,0.094182061637456,0.1172287722528883,81.20099074241448,0
B0033,167,02823.csv,24,1.4086019958134537,1.713169326386719,2,0.0909525815740188,0.1192006189435624,82.22199487918486,0
B0033,168,02825.csv,24,1.413770890394895,1.713169326386719,2,0.0909525815740188,0.1192006189435624,82.52371021472283,0
B0033,169,02827.csv,24,1.412472234540845,1.713169326386719,2,0.0909525815740188,0.1192006189435624,82.44790592415751,0
B0033,170,02829.csv,24,1.3831900026575588,1.713169326386719,2,0.0909525815740188,0.1192006189435624,80.73866262682122,0
B0033,171,02831.csv,24,1.3646098107432565,1.713169326386719,2,0.0909525815740188,0.1192006189435624,79.6541118104994,0
B0033,172,02835.csv,24,1.369751365782437,1.713169326386719,2,0.0892837984693767,0.1187425614046036,79.95423130014872,0
B0033,173,02837.csv,24,1.3867946911071662,1.713169326386719,2,0.0892837984693767,0.1187425614046036,80.94907314457257,0
B0033,174,02839.csv,24,1.3918615875742792,1.713169326386719,2,0.0892837984693767,0.1187425614046036,81.24483471285839,0
B0033,175,02841.csv,24,1.377162352180965,1.713169326386719,2,0.0892837984693767,0.1187425614046036,80.38682055355069,0
B0033,176,02843.csv,24,1.3599525359390852,1.713169326386719,2,0.0892837984693767,0.1187425614046036,79.38226041014809,0
B0033,177,02847.csv,24,1.379779043170725,1.713169326386719,2,0.0864847755878061,0.1180185558562798,80.53956032944191,0
B0033,178,02851.csv,24,1.3631373661966442,1.713169326386719,2,0.0903234958460437,0.1164556858952188,79.56816323997964,0
B0033,179,02853.csv,24,1.3652295228794809,1.713169326386719,2,0.0903234958460437,0.1164556858952188,79.69028524220165,0
B0033,180,02855.csv,24,1.3498620694059131,1.713169326386719,2,0.0903234958460437,0.1164556858952188,78.79326629393577,0
B0033,181,02857.csv,24,1.3529504172332432,1.713169326386719,2,0.0903234958460437,0.1164556858952188,78.97353731442175,0
B0033,182,02859.csv,24,1.3535740542605128,1.713169326386719,2,0.0903234958460437,0.1164556858952188,79.00993984729834,0
B0033,183,02863.csv,24,1.3432225183905024,1.713169326386719,2,0.0895134118798777,0.1156364233610516,78.40570676242032,0
B0033,184,02865.csv,24,1.3412081769053426,1.713169326386719,2,0.0895134118798777,0.1156364233610516,78.28812693804836,0
B0033,185,02867.csv,24,1.3277389969987805,1.713169326386719,2,0.0895134118798777,0.1156364233610516,77.50191277351098,0
B0033,186,02869.csv,24,1.329778900445409,1.713169326386719,2,0.0895134118798777,0.1156364233610516,77.62098468398763,0
B0033,187,02871.csv,24,1.3356045028702497,1.713169326386719,2,0.0895134118798777,0.1156364233610516,77.96103294046252,0
B0033,188,02875.csv,24,1.3177489685711123,1.713169326386719,2,0.0876318347612828,0.1167798998588414,76.9187813647355,0
B0033,189,02877.csv,24,1.317605472474197,1.713169326386719,2,0.0876318347612828,0.1167798998588414,76.91040530437152,0
B0033,190,02879.csv,24,1.3185279522072382,1.713169326386719,2,0.0876318347612828,0.1167798998588414,76.96425168831227,0
B0033,191,02881.csv,24,1.3215397269813982,1.713169326386719,2,0.0876318347612828,0.1167798998588414,77.14005303659535,0
B0033,192,02883.csv,24,1.3046615372928705,1.713169326386719,2,0.0876318347612828,0.1167798998588414,76.15485038157665,0
B0033,193,02887.csv,24,1.3280324770208678,1.713169326386719,2,0.090745110639456,0.1096074278088891,77.51904359750877,0
B0033,194,02889.csv,24,1.3634549770713926,1.713169326386719,2,0.090745110639456,0.1096074278088891,79.58670261433433,0
B0033,195,02891.csv,24,1.3291316747402466,1.713169326386719,2,0.090745110639456,0.1096074278088891,77.58320524822528,0
B0033,196,02893.csv,24,1.3124201086917682,1.713169326386719,2,0.090745110639456,0.1096074278088891,76.60772863939962,0
B0033,197,02895.csv,24,1.3152825503676355,1.713169326386719,2,0.090745110639456,0.1096074278088891,76.77481321369005,0
B0034,1,01805.csv,24,0.7459302957645664,1.6623217152845853,1,,,44.87279982604721,0
B0034,2,01809.csv,24,1.6623217152845853,1.6623217152845853,1,0.1240301702976134,0.151331100257049,100.0,0
B0034,3,01811.csv,24,1.645087369694532,1.6623217152845853,1,0.1240301702976134,0.151331100257049,98.96323645227103,0
B0034,4,01813.csv,24,1.620729289277574,1.6623217152845853,1,0.1240301702976134,0.151331100257049,97.49793162030066,0
B0034,5,01815.csv,24,1.5967402025126003,1.6623217152845853,1,0.1240301702976134,0.151331100257049,96.05482427565126,0
B0034,6,01817.csv,24,1.4856500618812698,1.6623217152845853,1,0.1240301702976134,0.151331100257049,89.37199389390942,0
B0034,7,01821.csv,24,1.4866702197497013,1.6623217152845853,1,0.120380461449601,0.1460981022644004,89.43336335440864,0
B0034,8,01823.csv,24,1.4701330958405268,1.6623217152845853,1,0.120380461449601,0.1460981022644004,88.43854245078208,0
B0034,9,01825.csv,24,1.4565041801019636,1.6623217152845853,1,0.120380461449601,0.1460981022644004,87.61867012322664,0
B0034,10,01827.csv,24,1.4418961035576472,1.6623217152845853,1,0.120380461449601,0.1460981022644004,86.73989458838285,0
B0034,11,01829.csv,24,1.4370949588970292,1.6623217152845853,1,0.120380461449601,0.1460981022644004,86.4510729591836,0
B0034,12,01833.csv,24,1.4458703624967404,1.6623217152845853,1,0.1205765535887721,0.1431788177780116,86.97897339620634,0
B0034,13,01835.csv,24,1.432104054561837,1.6623217152845853,1,0.1205765535887721,0.1431788177780116,86.15083599005169,0
B0034,14,01837.csv,24,1.426720633302465,1.6623217152845853,1,0.1205765535887721,0.1431788177780116,85.82698644818063,0
B0034,15,01839.csv,24,1.4230846885129826,1.6623217152845853,1,0.1205765535887721,0.1431788177780116,85.60825954615856,0
B0034,16,01841.csv,24,1.4409479522418909,1.6623217152845853,1,0.1205765535887721,0.1431788177780116,86.68285681362252,0
B0034,17,01845.csv,24,1.486901544051865,1.6623217152845853,1,0.1210505449768947,0.1419348235758278,89.4472790904564,0
B0034,18,01847.csv,24,1.5245313226850703,1.6623217152845853,1,0.1210505449768947,0.1419348235758278,91.71096717725752,0
B0034,19,01849.csv,24,1.4629049605190707,1.6623217152845853,1,0.1210505449768947,0.1419348235758278,88.00372076404146,0
B0034,20,01851.csv,24,1.423079450854989,1.6623217152845853,1,0.1210505449768947,0.1419348235758278,85.60794446527227,0
B0034,21,01853.csv,24,1.4051040863603437,1.6623217152845853,1,0.1210505449768947,0.1419348235758278,84.5266035714268,0
B0034,22,01857.csv,24,1.6329463925070862,1.6623217152845853,1,0.1207875536171222,0.1420779335220057,98.2328737868608,0
B0034,23,01861.csv,24,1.5687138208259117,1.6623217152845853,1,0.1231860471342966,0.1435165646876622,94.36884607847117,0
B0034,24,01863.csv,24,1.5149520966053402,1.6623217152845853,1,0.1231860471342966,0.1435165646876622,91.1347113302905,0
B0034,25,01865.csv,24,1.4855182940634626,1.6623217152845853,1,0.1231860471342966,0.1435165646876622,89.36406716007711,0
B0034,26,01867.csv,24,1.480771929049074,1.6623217152845853,1,0.1231860471342966,0.1435165646876622,89.07854090058431,0
B0034,27,01869.csv,24,1.484026357317059,1.6623217152845853,1,0.1231860471342966,0.1435165646876622,89.2743169791894,0
B0034,28,01873.csv,24,1.4922153055506522,1.6623217152845853,1,0.1220873226956666,0.1416112723297097,89.76693812215457,0
B0034,29,01875.csv,24,1.473312924099279,1.6623217152845853,1,0.1220873226956666,0.1416112723297097,88.62983082953059,0
B0034,30,01877.csv,24,1.441593178980006,1.6623217152845853,1,0.1220873226956666,0.1416112723297097,86.72167160694336,0
B0034,31,01879.csv,24,1.4225873198015788,1.6623217152845853,1,0.1220873226956666,0.1416112723297097,85.57833942258496,0
B0034,32,01881.csv,24,1.4266489379486664,1.6623217152845853,1,0.1220873226956666,0.1416112723297097,85.82267348317878,0
B0034,33,01885.csv,24,1.4596775560238575,1.6623217152845853,1,0.1213351875279063,0.1421662524982832,87.80957034986243,0
B0034,34,01887.csv,24,1.4396159938545154,1.6623217152845853,1,0.1213351875279063,0.1421662524982832,86.60273042321755,0
B0034,35,01889.csv,24,1.4195512657848512,1.6623217152845853,1,0.1213351875279063,0.1421662524982832,85.39570004605443,0
B0034,36,01891.csv,24,1.4118101714470452,1.6623217152845853,1,0.1213351875279063,0.1421662524982832,84.93002037246123,0
B0034,37,01893.csv,24,1.4044196701845313,1.6623217152845853,1,0.1213351875279063,0.1421662524982832,84.48543126587853,0
B0034,38,01897.csv,24,1.4735059098606866,1.6623217152845853,1,0.1222125891909682,0.1405649119516749,88.64144024061108,0
B0034,39,01899.csv,24,1.492658600645149,1.6623217152845853,1,0.1222125891909682,0.1405649119516749,89.79360534850558,0
B0034,40,01901.csv,24,1.4820260149945934,1.6623217152845853,1,0.1222125891909682,0.1405649119516749,89.15398273196921,0
B0034,41,01903.csv,24,1.423575357658995,1.6623217152845853,1,0.1222125891909682,0.1405649119516749,85.63777664513529,0
B0034,42,01905.csv,24,1.403825219724535,1.6623217152845853,1,0.1222125891909682,0.1405649119516749,84.44967101234093,0
B0034,43,01909.csv,24,1.5363173478836123,1.6623217152845853,1,0.1213673034622562,0.1424974651809117,92.41997705724482,0
B0034,44,01913.csv,24,1.5440367168176732,1.6623217152845853,1,0.1231072821956826,0.1405676747491041,92.88434979948138,0
B0034,45,01915.csv,24,1.507892155360249,1.6623217152845853,1,0.1231072821956826,0.1405676747491041,90.71000766551988,0
B0034,46,01917.csv,24,1.8203060058691087,1.6623217152845853,1,0.1231072821956826,0.1405676747491041,100.0,0
B0034,47,01921.csv,24,1.5936575758226643,1.6623217152845853,1,0.1249733640758512,0.1434122906953782,95.86938323487124,0
B0034,48,01923.csv,24,1.533070464968097,1.6623217152845853,1,0.1249733640758512,0.1434122906953782,92.22465488310364,0
B0034,49,01925.csv,24,1.4862143093107285,1.6623217152845853,1,0.1249733640758512,0.1434122906953782,89.40593722896126,0
B0034,50,01927.csv,24,1.5029318848267783,1.6623217152845853,1,0.1249733640758512,0.1434122906953782,90.41161352870134,0
B0034,51,01929.csv,24,1.5202185406928062,1.6623217152845853,1,0.1249733640758512,0.1434122906953782,91.4515238966573,0
B0034,52,01933.csv,24,1.5118194735004464,1.6623217152845853,1,0.1260670230602223,0.1435226557337258,90.94626266382056,0
B0034,53,01935.csv,24,1.464601301820905,1.6623217152845853,1,0.1260670230602223,0.1435226557337258,88.10576727442732,0
B0034,54,01937.csv,24,1.4546140961511749,1.6623217152845853,1,0.1260670230602223,0.1435226557337258,87.50496866980701,0
B0034,55,01939.csv,24,1.4333400490204142,1.6623217152845853,1,0.1260670230602223,0.1435226557337258,86.22518949498473,0
B0034,56,01941.csv,24,1.449326234639616,1.6623217152845853,1,0.1260670230602223,0.1435226557337258,87.18686769916226,0
B0034,57,01945.csv,24,1.495199821798908,1.6623217152845853,1,0.1252713170947647,0.1435591074973786,89.94647715005839,0
B0034,58,01947.csv,24,1.4720590241846008,1.6623217152845853,1,0.1252713170947647,0.1435591074973786,88.55440018917085,0
B0034,59,01949.csv,24,1.4097383014648728,1.6623217152845853,1,0.1252713170947647,0.1435591074973786,84.80538324818366,0
B0034,60,01951.csv,24,1.3861944181384176,1.6623217152845853,1,0.1252713170947647,0.1435591074973786,83.3890579298066,0
B0034,61,01953.csv,24,1.3624125407550536,1.6623217152845853,1,0.1252713170947647,0.1435591074973786,81.95841564409884,0
B0034,62,01957.csv,24,1.4471377445077278,1.6623217152845853,1,0.1235425210299043,0.1436713068857462,87.05521507670262,0
B0034,63,01959.csv,24,1.4554483390450048,1.6623217152845853,1,0.1235425210299043,0.1436713068857462,87.55515407532505,0
B0034,64,01961.csv,24,1.4423952167302958,1.6623217152845853,1,0.1235425210299043,0.1436713068857462,86.76991965320994,0
B0034,65,01963.csv,24,1.377541945989605,1.6623217152845853,1,0.1235425210299043,0.1436713068857462,82.86855265881992,0
B0034,66,01965.csv,24,1.3539935892900532,1.6623217152845853,1,0.1235425210299043,0.1436713068857462,81.45195823651096,0
B0034,67,01969.csv,24,1.5509038861664448,1.6623217152845853,1,0.1237545085880591,0.1458068729337951,93.29745691861662,0
B0034,68,01973.csv,24,1.5562932697752867,1.6623217152845853,1,0.1267251796303376,0.1452212888923113,93.6216651365138,0
B0034,69,01975.csv,24,1.5067526605064707,1.6623217152845853,1,0.1267251796303376,0.1452212888923113,90.64145927062732,0
B0034,70,01977.csv,24,1.444138733302766,1.6623217152845853,1,0.1267251796303376,0.1452212888923113,86.87480407819453,0
B0034,71,01979.csv,24,1.4144103811292437,1.6623217152845853,1,0.1267251796303376,0.1452212888923113,85.08644073671987,0
B0034,72,01981.csv,24,1.3897574212362729,1.6623217152845853,1,0.1267251796303376,0.1452212888923113,83.60339689109757,0
B0034,73,01985.csv,24,1.449968311475299,1.6623217152845853,1,0.1257307656681546,0.1454321615828021,87.22549300434711,0
B0034,74,01987.csv,24,1.4678653068012166,1.6623217152845853,1,0.1257307656681546,0.1454321615828021,88.30211945765997,0
B0034,75,01989.csv,24,1.4290644310445066,1.6623217152845853,1,0.1257307656681546,0.1454321615828021,85.96798188369057,0
B0034,76,01991.csv,24,1.376744834668327,1.6623217152845853,1,0.1257307656681546,0.1454321615828021,82.8206009708916,0
B0034,77,01993.csv,24,1.3515813262521057,1.6623217152845853,1,0.1257307656681546,0.1454321615828021,81.30684414603333,0
B0034,78,01997.csv,24,1.353993472828928,1.6623217152845853,1,0.1253441117935972,0.1478802597593119,81.4519512305792,0
B0034,79,01999.csv,24,1.3577165116893766,1.6623217152845853,1,0.1253441117935972,0.1478802597593119,81.67591743556926,0
B0034,80,02001.csv,24,1.334169315351027,1.6623217152845853,1,0.1253441117935972,0.1478802597593119,80.25939281690853,0
B0034,81,02003.csv,24,1.3372147888783987,1.6623217152845853,1,0.1253441117935972,0.1478802597593119,80.44259884131219,0
B0034,82,02005.csv,24,1.339045224276927,1.6623217152845853,1,0.1253441117935972,0.1478802597593119,80.55271202708713,0
B0034,83,02009.csv,24,1.3439244604756322,1.6623217152845853,1,0.12527841795391,0.1478038929970834,80.84623139544055,0
B0034,84,02011.csv,24,1.3454786192090245,1.6623217152845853,1,0.12527841795391,0.1478038929970834,80.93972465364094,0
B0034,85,02013.csv,24,1.3482263029682544,1.6623217152845853,1,0.12527841795391,0.1478038929970834,81.10501659045232,0
B0034,86,02015.csv,24,1.3373192299576058,1.6623217152845853,1,0.12527841795391,0.1478038929970834,80.4488816852555,0
B0034,87,02017.csv,24,1.3402523341553034,1.6623217152845853,1,0.12527841795391,0.1478038929970834,80.62532792732335,0
B0034,88,02021.csv,24,1.329096568237912,1.6623217152845853,1,0.1250367388099057,0.1470983982534746,79.95423244593624,0
B0034,89,02023.csv,24,1.3323485655766352,1.6623217152845853,1,0.1250367388099057,0.1470983982534746,80.14986228755006,0
B0034,90,02025.csv,24,1.3501541310555516,1.6623217152845853,1,0.1250367388099057,0.1470983982534746,81.22098861136567,0
B0034,91,02027.csv,24,1.381523441054128,1.6623217152845853,1,0.1250367388099057,0.1470983982534746,83.1080667689897,0
B0034,92,02029.csv,24,1.3835971952817807,1.6623217152845853,1,0.1250367388099057,0.1470983982534746,83.23281724349684,0
B0034,93,02033.csv,24,1.33011618620809,1.6623217152845853,1,0.1246732923578224,0.1474804420717201,80.01556942786958,0
B0034,94,02035.csv,24,1.3176982121703231,1.6623217152845853,1,0.1246732923578224,0.1474804420717201,79.26854351082916,0
B0034,95,02037.csv,24,1.3063657719651272,1.6623217152845853,1,0.1246732923578224,0.1474804420717201,78.58681986485875,0
B0034,96,02039.csv,24,1.3381567383793782,1.6623217152845853,1,0.1246732923578224,0.1474804420717201,80.49926353457334,0
B0034,97,02041.csv,24,1.3563258092165067,1.6623217152845853,1,0.1246732923578224,0.1474804420717201,81.59225718737045,0
B0034,98,02045.csv,24,1.3648997529550058,1.6623217152845853,1,0.1251092258626547,0.1471351855185385,82.10803843835598,0
B0034,99,02047.csv,24,1.3337639975535058,1.6623217152845853,1,0.1251092258626547,0.1471351855185385,80.23501018424516,0
B0034,100,02049.csv,24,1.3060123668658763,1.6623217152845853,1,0.1251092258626547,0.1471351855185385,78.56556013540919,0
B0034,101,02051.csv,24,1.3101868361375808,1.6623217152845853,1,0.1251092258626547,0.1471351855185385,78.81668296159387,0
B0034,102,02053.csv,24,1.3567668941696105,1.6623217152845853,1,0.1251092258626547,0.1471351855185385,81.61879145862781,0
B0034,103,02057.csv,24,1.3916857433587717,1.6623217152845853,1,0.1264638175619604,0.1464806266658573,83.71939863160114,0
B0034,104,02059.csv,24,1.3629935079344777,1.6623217152845853,1,0.1264638175619604,0.1464806266658573,81.9933647862584,0
B0034,105,02061.csv,24,1.3211711973900628,1.6623217152845853,1,0.1264638175619604,0.1464806266658573,79.47746728219101,0
B0034,106,02063.csv,24,1.3074869015593356,1.6623217152845853,1,0.1264638175619604,0.1464806266658573,78.65426346400685,0
B0034,107,02065.csv,24,1.3105881895483489,1.6623217152845853,1,0.1264638175619604,0.1464806266658573,78.8408271093288,0
B0034,108,02069.csv,24,1.376312668196664,1.6623217152845853,1,0.1271233146951738,0.1465866624226255,82.79460320718019,0
B0034,109,02071.csv,24,1.391764929132287,1.6623217152845853,1,0.1271233146951738,0.1465866624226255,83.72416219648676,0
B0034,110,02073.csv,24,1.3649746353453525,1.6623217152845853,1,0.1271233146951738,0.1465866624226255,82.11254312536441,0
B0034,111,02075.csv,24,1.3219093937291897,1.6623217152845853,1,0.1271233146951738,0.1465866624226255,79.52187483172487,0
B0034,112,02077.csv,24,1.3090033888073913,1.6623217152845853,1,0.1271233146951738,0.1465866624226255,78.7454905251775,0
B0034,113,02081.csv,24,1.3327005721973733,1.6623217152845853,1,0.124489358707192,0.1481547693370429,80.17103788896954,0
B0034,114,02083.csv,24,1.7423975189669398,1.6623217152845853,1,0.124489358707192,0.1481547693370429,100.0,0
B0034,115,02087.csv,24,1.37734756281946,1.6623217152845853,1,0.1272960691814162,0.1479466364268468,82.85685918406364,0
B0034,116,02089.csv,24,1.34875988767775,1.6623217152845853,1,0.1272960691814162,0.1479466364268468,81.13711535356113,0
B0034,117,02091.csv,24,1.3501504559881146,1.6623217152845853,1,0.1272960691814162,0.1479466364268468,81.22076753096931,0
B0034,118,02093.csv,24,1.3387814875085953,1.6623217152845853,1,0.1272960691814162,0.1479466364268468,80.5368464599164,0
B0034,119,02095.csv,24,1.3253371210402685,1.6623217152845853,1,0.1272960691814162,0.1479466364268468,79.7280760309008,0
B0034,120,02099.csv,24,1.3308160596334049,1.6623217152845853,1,0.1259736664142202,0.1476030885314802,80.05767159250354,0
B0034,121,02101.csv,24,1.333083376618503,1.6623217152845853,1,0.1259736664142202,0.1476030885314802,80.19406618834203,0
B0034,122,02103.csv,24,1.3333226534895923,1.6623217152845853,1,0.1259736664142202,0.1476030885314802,80.20846032570361,0
B0034,123,02105.csv,24,1.3264281097516477,1.6623217152845853,1,0.1259736664142202,0.1476030885314802,79.79370645017211,0
B0034,124,02107.csv,24,1.323971040986857,1.6623217152845853,1,0.1259736664142202,0.1476030885314802,79.64589698933196,0
B0034,125,02111.csv,24,1.3249364225071156,1.6623217152845853,1,0.1259231863090842,0.1490022186394229,79.70397127852534,0
B0034,126,02113.csv,24,1.3283067675570923,1.6623217152845853,1,0.1259231863090842,0.1490022186394229,79.90672054294193,0
B0034,127,02115.csv,24,1.314584348909226,1.6623217152845853,1,0.1259231863090842,0.1490022186394229,79.08122337703881,0
B0034,128,02117.csv,24,1.3166841798543305,1.6623217152845853,1,0.1259231863090842,0.1490022186394229,79.20754254412886,0
B0034,129,02119.csv,24,1.3041727649654071,1.6623217152845853,1,0.1259231863090842,0.1490022186394229,78.45489552196194,0
B0034,130,02123.csv,24,1.3534450073572306,1.6623217152845853,1,0.127212110588067,0.1490478179338208,81.41895728803159,0
B0034,131,02125.csv,24,1.371294082513786,1.6623217152845853,1,0.127212110588067,0.1490478179338208,82.49270101600182,0
B0034,132,02127.csv,24,1.357699321922511,1.6623217152845853,1,0.127212110588067,0.1490478179338208,81.67488335373616,0
B0034,133,02129.csv,24,1.3286903090919502,1.6623217152845853,1,0.127212110588067,0.1490478179338208,79.92979318473752,0
B0034,134,02131.csv,24,1.3143943268181724,1.6623217152845853,1,0.127212110588067,0.1490478179338208,79.06979225096336,0
B0034,135,02135.csv,24,1.3866783030110723,1.6623217152845853,1,0.1261498012706538,0.1488802539580276,83.41816690842401,0
B0034,136,02139.csv,24,1.3868330458429208,1.6623217152845853,1,0.1275273799981891,0.1483581068321612,83.42747574620346,0
B0034,137,02141.csv,24,1.3548037379291014,1.6623217152845853,1,0.1275273799981891,0.1483581068321612,81.50069420811016,0
B0034,138,02143.csv,24,1.3255787669951669,1.6623217152845853,1,0.1275273799981891,0.1483581068321612,79.74261268482744,0
B0034,139,02145.csv,24,1.3119728676377551,1.6623217152845853,1,0.1275273799981891,0.1483581068321612,78.92412494973325,0
B0034,140,02147.csv,24,1.3064487948795198,1.6623217152845853,1,0.1275273799981891,0.1483581068321612,78.59181425996465,0
B0034,141,02151.csv,24,1.3418431880549024,1.6623217152845853,1,0.1271239415617905,0.1473348966192847,80.72102865029241,0
B0034,142,02153.csv,24,1.3609210170759327,1.6623217152845853,1,0.1271239415617905,0.1473348966192847,81.86869031202822,0
B0034,143,02155.csv,24,1.329960367739497,1.6623217152845853,1,0.1271239415617905,0.1473348966192847,80.00619588319648,0
B0034,144,02157.csv,24,1.299069387625936,1.6623217152845853,1,0.1271239415617905,0.1473348966192847,78.14789253375895,0
B0034,145,02159.csv,24,1.2984544371955695,1.6623217152845853,1,0.1271239415617905,0.1473348966192847,78.11089906704836,0
B0034,146,02163.csv,24,1.317648609161009,1.6623217152845853,1,0.1260775043428536,0.1485469199588018,79.26555955117453,0
B0034,147,02165.csv,24,1.3360648564106594,1.6623217152845853,1,0.1260775043428536,0.1485469199588018,80.37342255268129,0
B0034,148,02167.csv,24,1.3635797361860138,1.6623217152845853,1,0.1260775043428536,0.1485469199588018,82.02863041782332,0
B0034,149,02169.csv,24,1.3333112541544827,1.6623217152845853,1,0.1260775043428536,0.1485469199588018,80.20777457787244,0
B0034,150,02171.csv,24,1.3023273463118925,1.6623217152845853,1,0.1260775043428536,0.1485469199588018,78.34388099110751,0
B0034,151,02175.csv,24,1.2888728444455877,1.6623217152845853,1,0.1258468150180572,0.1500417113466578,77.5345008487082,0
B0034,152,02177.csv,24,1.2902746194203034,1.6623217152845853,1,0.1258468150180572,0.1500417113466578,77.61882718348606,0
B0034,153,02179.csv,24,1.292407565676824,1.6623217152845853,1,0.1258468150180572,0.1500417113466578,77.74713846263911,0
B0034,154,02181.csv,24,1.295409150510234,1.6623217152845853,1,0.1258468150180572,0.1500417113466578,77.92770428246877,0
B0034,155,02183.csv,24,1.283229881592695,1.6623217152845853,1,0.1258468150180572,0.1500417113466578,77.1950381080722,0
B0034,156,02187.csv,24,1.4557454024367815,1.6623217152845853,1,0.1259459876773694,0.1508850262189733,87.57302446641995,0
B0034,157,02191.csv,24,1.454676342673242,1.6623217152845853,1,0.1291754709943593,0.1487549819388528,87.50871322307218,0
B0034,158,02193.csv,24,1.423427718198495,1.6623217152845853,1,0.1291754709943593,0.1487549819388528,85.62889512363783,0
B0034,159,02195.csv,24,1.392551210363313,1.6623217152845853,1,0.1291754709943593,0.1487549819388528,83.77146238054839,0
B0034,160,02197.csv,24,1.3765732493746907,1.6623217152845853,1,0.1291754709943593,0.1487549819388528,82.81027894405054,0
B0034,161,02199.csv,24,1.3810190828982352,1.6623217152845853,1,0.1291754709943593,0.1487549819388528,83.0777261826125,0
B0034,162,02203.csv,24,1.4007568321672863,1.6623217152845853,1,0.129339376928962,0.1488266666977823,84.26508655260395,0
B0034,163,02205.csv,24,1.374645303479972,1.6623217152845853,1,0.129339376928962,0.1488266666977823,82.69429983621649,0
B0034,164,02207.csv,24,1.3345924114397838,1.6623217152845853,1,0.129339376928962,0.1488266666977823,80.28484493516376,0
B0034,165,02209.csv,24,1.336396621564738,1.6623217152845853,1,0.129339376928962,0.1488266666977823,80.39338049169082,0
B0034,166,02211.csv,24,1.3069152971756248,1.6623217152845853,1,0.129339376928962,0.1488266666977823,78.61987755793012,0
B0034,167,02215.csv,24,1.341539456674081,1.6623217152845853,1,0.1288554727133594,0.1506303179552148,80.70275713413349,0
B0034,168,02217.csv,24,1.346388970161922,1.6623217152845853,1,0.1288554727133594,0.1506303179552148,80.99448847850873,0
B0034,169,02219.csv,24,1.344989807277774,1.6623217152845853,1,0.1288554727133594,0.1506303179552148,80.9103192788115,0
B0034,170,02221.csv,24,1.3158760805047784,1.6623217152845853,1,0.1288554727133594,0.1506303179552148,79.15892985128356,0
B0034,171,02223.csv,24,1.2972766889740088,1.6623217152845853,1,0.1288554727133594,0.1506303179552148,78.04004947092437,0
B0034,172,02227.csv,24,1.2851255211005648,1.6623217152845853,1,0.1285235940686088,0.1513695168864817,77.30907376617856,0
B0034,173,02229.csv,24,1.3190209156530253,1.6623217152845853,1,0.1285235940686088,0.1513695168864817,79.34811315553392,0
B0034,174,02231.csv,24,1.3410097849290994,1.6623217152845853,1,0.1285235940686088,0.1513695168864817,80.67089376255437,0
B0034,175,02233.csv,24,1.326126983882746,1.6623217152845853,1,0.1285235940686088,0.1513695168864817,79.77559167334324,0
B0034,176,02235.csv,24,1.3091442679990724,1.6623217152845853,1,0.1285235940686088,0.1513695168864817,78.75396537035252,0
B0034,177,02239.csv,24,1.363001289617145,1.6623217152845853,1,0.1277624590570417,0.1517947179106206,81.99383290759711,0
B0034,178,02243.csv,24,1.329285701687194,1.6623217152845853,1,0.1287632732985492,0.1512289070426518,79.9656101141423,0
B0034,179,02245.csv,24,1.2969085930621855,1.6623217152845853,1,0.1287632732985492,0.1512289070426518,78.01790598880302,0
B0034,180,02247.csv,24,1.2986285924941396,1.6623217152845853,1,0.1287632732985492,0.1512289070426518,78.12137569723185,0
B0034,181,02249.csv,24,1.2840657611821942,1.6623217152845853,1,0.1287632732985492,0.1512289070426518,77.24532197200861,0
B0034,182,02251.csv,24,1.3021015914136362,1.6623217152845853,1,0.1287632732985492,0.1512289070426518,78.33030029272761,0
B0034,183,02255.csv,24,1.3089076351731337,1.6623217152845853,1,0.127934454039426,0.1530529539595037,78.7397302903579,0
B0034,184,02257.csv,24,1.2722519696513912,1.6623217152845853,1,0.127934454039426,0.1530529539595037,76.53464175757247,0
B0034,185,02259.csv,24,1.276011534360331,1.6623217152845853,1,0.127934454039426,0.1530529539595037,76.76080524171466,0
B0034,186,02261.csv,24,1.2605053003103004,1.6623217152845853,1,0.127934454039426,0.1530529539595037,75.82799940109697,0
B0034,187,02263.csv,24,1.2660681251347117,1.6623217152845853,1,0.127934454039426,0.1530529539595037,76.16264129221003,0
B0034,188,02267.csv,24,1.265829016865281,1.6623217152845853,1,0.1273923195729759,0.1530415890232465,76.14825729738929,0
B0034,189,02269.csv,24,1.2655873898206993,1.6623217152845853,1,0.1273923195729759,0.1530415890232465,76.13372178104729,0
B0034,190,02271.csv,24,1.2663598323027554,1.6623217152845853,1,0.1273923195729759,0.1530415890232465,76.18018946987995,0
B0034,191,02273.csv,24,1.2868479432728903,1.6623217152845853,1,0.1273923195729759,0.1530415890232465,77.41268921898101,0
B0034,192,02275.csv,24,1.270026164613209,1.6623217152845853,1,0.1273923195729759,0.1530415890232465,76.4007443887469,0
B0034,193,02279.csv,24,1.34598253292492,1.6623217152845853,1,0.1290102771463865,0.1486956552677028,80.97003850391808,0
B0034,194,02281.csv,24,1.3286875315413778,1.6623217152845853,1,0.1290102771463865,0.1486956552677028,79.92962609610798,0
B0034,195,02283.csv,24,1.31203071983408,1.6623217152845853,1,0.1290102771463865,0.1486956552677028,78.92760515430453,0
B0034,196,02285.csv,24,1.295125492961198,1.6623217152845853,1,0.1290102771463865,0.1486956552677028,77.91064034433766,0
B0034,197,02287.csv,24,1.2802601605963335,1.6623217152845853,1,0.1290102771463865,0.1486956552677028,77.01638911557839,0
B0036,1,03514.csv,24,1.001982588175331,1.8044229856020628,1,,,55.52925207506211,0
B0036,2,03518.csv,24,1.8011007566288924,1.8044229856020628,1,0.102986752659365,0.1308088982207626,99.81588413583292,0
B0036,3,03520.csv,24,1.8044229856020628,1.8044229856020628,1,0.102986752659365,0.1308088982207626,100.0,0
B0036,4,03522.csv,24,1.804388833772829,1.8044229856020628,1,0.102986752659365,0.1308088982207626,99.99810732685704,0
B0036,5,03524.csv,24,1.7989248871784247,1.8044229856020628,1,0.102986752659365,0.1308088982207626,99.69529880368913,0
B0036,6,03526.csv,24,1.792996521672392,1.8044229856020628,1,0.102986752659365,0.1308088982207626,99.36675247318144,0
B0036,7,03530.csv,24,1.7885507985621891,1.8044229856020628,1,0.1012609541587629,0.1291598306694328,99.1203732624489,0
B0036,8,03532.csv,24,1.7890856930727703,1.8044229856020628,1,0.1012609541587629,0.1291598306694328,99.15001678366588,0
B0036,9,03534.csv,24,1.7893137312833287,1.8044229856020628,1,0.1012609541587629,0.1291598306694328,99.16265451951706,0
B0036,10,03536.csv,24,1.7860759459480868,1.8044229856020628,1,0.1012609541587629,0.1291598306694328,98.98321846926297,0
B0036,11,03538.csv,24,1.7836324249650817,1.8044229856020628,1,0.1012609541587629,0.1291598306694328,98.8478000555926,0
B0036,12,03542.csv,24,1.782972873807272,1.8044229856020628,1,0.1013931483466459,0.1263893482577175,98.81124814048889,0
B0036,13,03544.csv,24,1.7813775963259668,1.8044229856020628,1,0.1013931483466459,0.1263893482577175,98.72283885430518,0
B0036,14,03546.csv,24,1.7785359545932946,1.8044229856020628,1,0.1013931483466459,0.1263893482577175,98.5653568362115,0
B0036,15,03548.csv,24,1.7759043090943398,1.8044229856020628,1,0.1013931483466459,0.1263893482577175,98.41951267882972,0
B0036,16,03550.csv,24,1.7780426649905914,1.8044229856020628,1,0.1013931483466459,0.1263893482577175,98.53801903312214,0
B0036,17,03554.csv,24,1.7830029333591657,1.8044229856020628,1,0.1025167815502021,0.1254868623452591,98.81291402216593,0
B0036,18,03556.csv,24,1.7883000424613875,1.8044229856020628,1,0.1025167815502021,0.1254868623452591,99.1064765152448,0
B0036,19,03558.csv,24,1.779294712578026,1.8044229856020628,1,0.1025167815502021,0.1254868623452591,98.60740673198347,0
B0036,20,03560.csv,24,1.7709235500451854,1.8044229856020628,1,0.1025167815502021,0.1254868623452591,98.14348210900783,0
B0036,21,03562.csv,24,1.7659050180801104,1.8044229856020628,1,0.1025167815502021,0.1254868623452591,97.86535818767014,0
B0036,22,03566.csv,24,1.7826929241469245,1.8044229856020628,1,0.1022622571762007,0.1253183569242175,98.79573350436524,0
B0036,23,03570.csv,24,1.7964662072920203,1.8044229856020628,1,0.1025951411216539,0.1237198229831826,99.55904029301712,0
B0036,24,03572.csv,24,1.7909083533422898,1.8044229856020628,1,0.1025951411216539,0.1237198229831826,99.25102748260194,0
B0036,25,03574.csv,24,1.78518002808874,1.8044229856020628,1,0.1025951411216539,0.1237198229831826,98.93356725851604,0
B0036,26,03576.csv,24,1.7811343176546524,1.8044229856020628,1,0.1025951411216539,0.1237198229831826,98.70935650159434,0
B0036,27,03578.csv,24,1.7755577789223569,1.8044229856020628,1,0.1025951411216539,0.1237198229831826,98.40030819214628,0
B0036,28,03582.csv,24,1.776885870616115,1.8044229856020628,1,0.1020481146391911,0.1239919497346756,98.47391020810124,0
B0036,29,03584.csv,24,1.7713083410378214,1.8044229856020628,1,0.1020481146391911,0.1239919497346756,98.164806986584,0
B0036,30,03586.csv,24,1.7713348840874137,1.8044229856020628,1,0.1020481146391911,0.1239919497346756,98.16627798588982,0
B0036,31,03588.csv,24,1.766084286640505,1.8044229856020628,1,0.1020481146391911,0.1239919497346756,97.87529313983076,0
B0036,32,03590.csv,24,1.7592793663412327,1.8044229856020628,1,0.1020481146391911,0.1239919497346756,97.49816868766126,0
B0036,33,03594.csv,24,1.7610368813762425,1.8044229856020628,1,0.1021270310722576,0.1232897893999445,97.59556907820344,0
B0036,34,03596.csv,24,1.760242767365706,1.8044229856020628,1,0.1021270310722576,0.1232897893999445,97.55155977346324,0
B0036,35,03598.csv,24,1.7555899416034395,1.8044229856020628,1,0.1021270310722576,0.1232897893999445,97.29370306251504,0
B0036,36,03600.csv,24,1.7545602176655593,1.8044229856020628,1,0.1021270310722576,0.1232897893999445,97.23663640208692,0
B0036,37,03602.csv,24,1.7499108336094895,1.8044229856020628,1,0.1021270310722576,0.1232897893999445,96.97897042835636,0
B0036,38,03606.csv,24,1.7610225525303758,1.8044229856020628,1,0.102312808475618,0.1227784604308282,97.5947749824742,0
B0036,39,03608.csv,24,1.7624094574337117,1.8044229856020628,1,0.102312808475618,0.1227784604308282,97.67163638993809,0
B0036,40,03610.csv,24,1.7536170397120676,1.8044229856020628,1,0.102312808475618,0.1227784604308282,97.1843660663055,0
B0036,41,03612.csv,24,1.746204477519168,1.8044229856020628,1,0.102312808475618,0.1227784604308282,96.77356647817976,0
B0036,42,03614.csv,24,1.7406176172769725,1.8044229856020628,1,0.102312808475618,0.1227784604308282,96.4639461570702,0
B0036,43,03618.csv,24,1.750690404425682,1.8044229856020628,1,0.1018814962807889,0.1240098116051723,97.02217375830796,0
B0036,44,03622.csv,24,1.765112055153915,1.8044229856020628,1,0.1027164415837004,0.121698467010417,97.82141267530842,0
B0036,45,03624.csv,24,1.763188826756488,1.8044229856020628,1,0.1027164415837004,0.121698467010417,97.71482855324986,0
B0036,46,03626.csv,24,1.985492952897096,1.8044229856020628,1,0.1027164415837004,0.121698467010417,100.0,0
B0036,47,03630.csv,24,1.765355730813324,1.8044229856020628,1,0.1040227495138019,0.1243788336879979,97.83491702885266,0
B0036,48,03632.csv,24,1.7571880383127276,1.8044229856020628,1,0.1040227495138019,0.1243788336879979,97.38226858856076,0
B0036,49,03634.csv,24,1.7573770661844437,1.8044229856020628,1,0.1040227495138019,0.1243788336879979,97.39274439568716,0
B0036,50,03636.csv,24,1.7617376127979814,1.8044229856020628,1,0.1040227495138019,0.1243788336879979,97.6344031779312,0
B0036,51,03638.csv,24,1.7606892547636663,1.8044229856020628,1,0.1040227495138019,0.1243788336879979,97.57630382746405,0
B0036,52,03642.csv,24,1.760669562156983,1.8044229856020628,1,0.1032775943747973,0.1229352636573638,97.5752124754451,0
B0036,53,03644.csv,24,1.752963802649152,1.8044229856020628,1,0.1032775943747973,0.1229352636573638,97.14816407441512,0
B0036,54,03646.csv,24,1.750535708024147,1.8044229856020628,1,0.1032775943747973,0.1229352636573638,97.01360057991415,0
B0036,55,03648.csv,24,1.7500761995337284,1.8044229856020628,1,0.1032775943747973,0.1229352636573638,96.9881349050649,0
B0036,56,03650.csv,24,1.7465957802278385,1.8044229856020628,1,0.1032775943747973,0.1229352636573638,96.79525223101002,0
B0036,57,03654.csv,24,1.753614286788707,1.8044229856020628,1,0.1042910923115587,0.1229516511727095,97.18421350100442,0
B0036,58,03656.csv,24,1.750725029920349,1.8044229856020628,1,0.1042910923115587,0.1229516511727095,97.02409268169475,0
B0036,59,03658.csv,24,1.743305349081011,1.8044229856020628,1,0.1042910923115587,0.1229516511727095,96.61289858260926,0
B0036,60,03660.csv,24,1.733662505277619,1.8044229856020628,1,0.1042910923115587,0.1229516511727095,96.07849817426072,0
B0036,61,03662.csv,24,1.7319207051538927,1.8044229856020628,1,0.1042910923115587,0.1229516511727095,95.98196869433144,0
B0036,62,03666.csv,24,1.7428604522751463,1.8044229856020628,1,0.1035779067064479,0.1234676083250016,96.58824267823348,0
B0036,63,03668.csv,24,1.743306971099712,1.8044229856020628,1,0.1035779067064479,0.1234676083250016,96.6129884738772,0
B0036,64,03670.csv,24,1.738524506272696,1.8044229856020628,1,0.1035779067064479,0.1234676083250016,96.34794724656098,0
B0036,65,03672.csv,24,1.7295622663746972,1.8044229856020628,1,0.1035779067064479,0.1234676083250016,95.85126548349815,0
B0036,66,03674.csv,24,1.7273036765742085,1.8044229856020628,1,0.1035779067064479,0.1234676083250016,95.72609584098582,0
B0036,67,03678.csv,24,1.7449370491071912,1.8044229856020628,1,0.1015257349852554,0.125723168422026,96.70332638358497,0
B0036,68,03682.csv,24,1.7642432071133691,1.8044229856020628,1,0.1032940105887217,0.1229881545844585,97.77326165708938,0
B0036,69,03684.csv,24,1.7504882032049596,1.8044229856020628,1,0.1032940105887217,0.1229881545844585,97.0109678923699,0
B0036,70,03686.csv,24,1.7442710815479925,1.8044229856020628,1,0.1032940105887217,0.1229881545844585,96.66641887550551,0
B0036,71,03688.csv,24,1.7365413923373951,1.8044229856020628,1,0.1032940105887217,0.1229881545844585,96.238044305226,0
B0036,72,03690.csv,24,1.733223093105756,1.8044229856020628,1,0.1032940105887217,0.1229881545844585,96.05414622489135,0
B0036,73,03694.csv,24,1.73860622908762,1.8044229856020628,1,0.1032207839837861,0.124259090332115,96.35247627415464,0
B0036,74,03696.csv,24,1.7432134953746192,1.8044229856020628,1,0.1032207839837861,0.124259090332115,96.60780810730914,0
B0036,75,03698.csv,24,1.7332698214832971,1.8044229856020628,1,0.1032207839837861,0.124259090332115,96.05673588252232,0
B0036,76,03700.csv,24,1.7298906291663272,1.8044229856020628,1,0.1032207839837861,0.124259090332115,95.86946314525764,0
B0036,77,03702.csv,24,1.7204403348841348,1.8044229856020628,1,0.1032207839837861,0.124259090332115,95.3457337116604,0
B0036,78,03706.csv,24,1.724420729012913,1.8044229856020628,1,0.1028892540502402,0.1256748253839231,95.56632467955087,0
B0036,79,03708.csv,24,1.7214872814061166,1.8044229856020628,1,0.1028892540502402,0.1256748253839231,95.40375483699162,0
B0036,80,03710.csv,24,1.7197448773569262,1.8044229856020628,1,0.1028892540502402,0.1256748253839231,95.30719188788858,0
B0036,81,03712.csv,24,1.7164304142145894,1.8044229856020628,1,0.1028892540502402,0.1256748253839231,95.12350640123807,0
B0036,82,03714.csv,24,1.711202925329962,1.8044229856020628,1,0.1028892540502402,0.1256748253839231,94.83380221733336,0
B0036,83,03718.csv,24,1.7102343231599222,1.8044229856020628,1,0.1023155434535772,0.1251981335588939,94.7801228872778,0
B0036,84,03720.csv,24,1.713096882151029,1.8044229856020628,1,0.1023155434535772,0.1251981335588939,94.93876412682906,0
B0036,85,03722.csv,24,1.7103708617208135,1.8044229856020628,1,0.1023155434535772,0.1251981335588939,94.78768976943242,0
B0036,86,03724.csv,24,1.7064617296121434,1.8044229856020628,1,0.1023155434535772,0.1251981335588939,94.57104809839063,0
B0036,87,03726.csv,24,1.7029429979110946,1.8044229856020628,1,0.1023155434535772,0.1251981335588939,94.376042175216,0
B0036,88,03730.csv,24,1.7072612643840062,1.8044229856020628,1,0.1029340973647276,0.1264013238476249,94.61535781835336,0
B0036,89,03732.csv,24,1.7038637196766078,1.8044229856020628,1,0.1029340973647276,0.1264013238476249,94.42706800302136,0
B0036,90,03734.csv,24,1.7079617948422274,1.8044229856020628,1,0.1029340973647276,0.1264013238476249,94.65418078080788,0
B0036,91,03736.csv,24,1.711302283362779,1.8044229856020628,1,0.1029340973647276,0.1264013238476249,94.83930857773832,0
B0036,92,03738.csv,24,1.714122057472244,1.8044229856020628,1,0.1029340973647276,0.1264013238476249,94.99557870574958,0
B0036,93,03742.csv,24,1.7053324925701605,1.8044229856020628,1,0.1016677917003621,0.12679382347294,94.50846648360334,0
B0036,94,03744.csv,24,1.6934609472531408,1.8044229856020628,1,0.1016677917003621,0.12679382347294,93.8505528230179,0
B0036,95,03746.csv,24,1.6905244127230223,1.8044229856020628,1,0.1016677917003621,0.12679382347294,93.68781190508736,0
B0036,96,03748.csv,24,1.7007774858498304,1.8044229856020628,1,0.1016677917003621,0.12679382347294,94.25603084314234,0
B0036,97,03750.csv,24,1.6971104467944576,1.8044229856020628,1,0.1016677917003621,0.12679382347294,94.05280581859805,0
B0036,98,03754.csv,24,1.6997924522951835,1.8044229856020628,1,0.1042778928730599,0.1244332888046054,94.20144089596772,0
B0036,99,03756.csv,24,1.691270477395412,1.8044229856020628,1,0.1042778928730599,0.1244332888046054,93.72915834538117,0
B0036,100,03758.csv,24,1.6857127009469863,1.8044229856020628,1,0.1042778928730599,0.1244332888046054,93.42114983004012,0
B0036,101,03760.csv,24,1.6832093771286156,1.8044229856020628,1,0.1042778928730599,0.1244332888046054,93.28241718041498,0
B0036,102,03762.csv,24,1.692886364169521,1.8044229856020628,1,0.1042778928730599,0.1244332888046054,93.81870978575866,0
B0036,103,03766.csv,24,1.6984668174144633,1.8044229856020628,1,0.1044429856737314,0.1246608031757409,94.12797503506384,0
B0036,104,03768.csv,24,1.6935813413828429,1.8044229856020628,1,0.1044429856737314,0.1246608031757409,93.85722499083349,0
B0036,105,03770.csv,24,1.6830951253781283,1.8044229856020628,1,0.1044429856737314,0.1246608031757409,93.2760854194366,0
B0036,106,03772.csv,24,1.6850462226942986,1.8044229856020628,1,0.1044429856737314,0.1246608031757409,93.384214019645,0
B0036,107,03774.csv,24,1.6803098840017598,1.8044229856020628,1,0.1044429856737314,0.1246608031757409,93.12172907402356,0
B0036,108,03778.csv,24,1.6944038437227715,1.8044229856020628,1,0.1045320687634572,0.1256188614613827,93.90280755913878,0
B0036,109,03780.csv,24,1.6955686127180103,1.8044229856020628,1,0.1045320687634572,0.1256188614613827,93.96735833268428,0
B0036,110,03782.csv,24,1.6841854728350405,1.8044229856020628,1,0.1045320687634572,0.1256188614613827,93.33651179759804,0
B0036,111,03784.csv,24,1.6722180144870118,1.8044229856020628,1,0.1045320687634572,0.1256188614613827,92.673282696466,0
B0036,112,03786.csv,24,1.6675976965747183,1.8044229856020628,1,0.1045320687634572,0.1256188614613827,92.41722755035224,0
B0036,113,03790.csv,24,1.6781873787039017,1.8044229856020628,1,0.1035342687005086,0.1263883086584116,93.0041011500393,0
B0036,114,03792.csv,24,2.444062432078656,1.8044229856020628,1,0.1035342687005086,0.1263883086584116,100.0,0
B0036,115,03796.csv,24,1.6913403148932205,1.8044229856020628,1,0.1044183648622564,0.1238369096822156,93.73302869608972,0
B0036,116,03798.csv,24,1.6802787096613283,1.8044229856020628,1,0.1044183648622564,0.1238369096822156,93.12000141145882,0
B0036,117,03800.csv,24,1.673147301023026,1.8044229856020628,1,0.1044183648622564,0.1238369096822156,92.72478317852752,0
B0036,118,03802.csv,24,1.6704292090032429,1.8044229856020628,1,0.1044183648622564,0.1238369096822156,92.57414820870775,0
B0036,119,03804.csv,24,1.6659903350115992,1.8044229856020628,1,0.1044183648622564,0.1238369096822156,92.32814857186746,0
B0036,120,03808.csv,24,1.664241575272447,1.8044229856020628,1,0.1022936021423731,0.1256250116503699,92.23123339437826,0
B0036,121,03810.csv,24,1.6668450767774965,1.8044229856020628,1,0.1022936021423731,0.1256250116503699,92.37551782911576,0
B0036,122,03812.csv,24,1.6594501560667536,1.8044229856020628,1,0.1022936021423731,0.1256250116503699,91.96569592096292,0
B0036,123,03814.csv,24,1.662412523067319,1.8044229856020628,1,0.1022936021423731,0.1256250116503699,92.12986845834484,0
B0036,124,03816.csv,24,1.66035260832257,1.8044229856020628,1,0.1022936021423731,0.1256250116503699,92.01570926389954,0
B0036,125,03820.csv,24,1.6610231379633236,1.8044229856020628,1,0.1029038380520534,0.1259509151830685,92.0528695997024,0
B0036,126,03822.csv,24,1.6575187557321611,1.8044229856020628,1,0.1029038380520534,0.1259509151830685,91.85865891522737,0
B0036,127,03824.csv,24,1.6507877959674548,1.8044229856020628,1,0.1029038380520534,0.1259509151830685,91.48563330990012,0
B0036,128,03826.csv,24,1.653257006211014,1.8044229856020628,1,0.1029038380520534,0.1259509151830685,91.62247540641856,0
B0036,129,03828.csv,24,1.6494214846772686,1.8044229856020628,1,0.1029038380520534,0.1259509151830685,91.40991318767333,0
B0036,130,03832.csv,24,1.6678591915666705,1.8044229856020628,1,0.1040856806622729,0.1250605555562223,92.43171944022724,0
B0036,131,03834.csv,24,1.670862764324967,1.8044229856020628,1,0.1040856806622729,0.1250605555562223,92.5981755750838,0
B0036,132,03836.csv,24,1.6658118164053368,1.8044229856020628,1,0.1040856806622729,0.1250605555562223,92.3182551816986,0
B0036,133,03838.csv,24,1.6532998517617,1.8044229856020628,1,0.1040856806622729,0.1250605555562223,91.62484988019928,0
B0036,134,03840.csv,24,1.6468787023528522,1.8044229856020628,1,0.1040856806622729,0.1250605555562223,91.26899377217562,0
B0036,135,03844.csv,24,1.6718953249703756,1.8044229856020628,1,0.1037414869532509,0.1274068576635496,92.65539944407944,0
B0036,136,03848.csv,24,1.6807743463585727,1.8044229856020628,1,0.1046730875946324,0.1242465770677705,93.1474692890684,0
B0036,137,03850.csv,24,1.6737717086703074,1.8044229856020628,1,0.1046730875946324,0.1242465770677705,92.75938746212756,0
B0036,138,03852.csv,24,1.6605773762487392,1.8044229856020628,1,0.1046730875946324,0.1242465770677705,92.0281657626231,0
B0036,139,03854.csv,24,1.655987781146086,1.8044229856020628,1,0.1046730875946324,0.1242465770677705,91.77381325551836,0
B0036,140,03856.csv,24,1.646862318389844,1.8044229856020628,1,0.1046730875946324,0.1242465770677705,91.26808578313212,0
B0036,141,03860.csv,24,1.6574621175432849,1.8044229856020628,1,0.1046814165790936,0.1249707755636301,91.85552006201344,0
B0036,142,03862.csv,24,1.6603991175216894,1.8044229856020628,1,0.1046814165790936,0.1249707755636301,92.01828677479864,0
B0036,143,03864.csv,24,1.6460789092837111,1.8044229856020628,1,0.1046814165790936,0.1249707755636301,91.22466973753836,0
B0036,144,03866.csv,24,1.6408366462659327,1.8044229856020628,1,0.1046814165790936,0.1249707755636301,90.93414678035992,0
B0036,145,03868.csv,24,1.63444089202816,1.8044229856020628,1,0.1046814165790936,0.1249707755636301,90.57969805692834,0
B0036,146,03872.csv,24,1.6374039186504212,1.8044229856020628,1,0.1043656977117543,0.1259321049999877,90.74390715013452,0
B0036,147,03874.csv,24,1.64738207540524,1.8044229856020628,1,0.1043656977117543,0.1259321049999877,91.29689039377736,0
B0036,148,03876.csv,24,1.6545646441622357,1.8044229856020628,1,0.1043656977117543,0.1259321049999877,91.69494388867888,0
B0036,149,03878.csv,24,1.640896560729935,1.8044229856020628,1,0.1043656977117543,0.1259321049999877,90.93746720270438,0
B0036,150,03880.csv,24,1.6265229979339637,1.8044229856020628,1,0.1043656977117543,0.1259321049999877,90.1408932890122,0
B0036,151,03884.csv,24,1.6217349144630455,1.8044229856020628,1,0.1029259409333536,0.1267294347433985,89.8755406799442,0
B0036,152,03886.csv,24,1.6248200059639546,1.8044229856020628,1,0.1029259409333536,0.1267294347433985,90.04651453283378,0
B0036,153,03888.csv,24,1.61880119736137,1.8044229856020628,1,0.1029259409333536,0.1267294347433985,89.71295590214629,0
B0036,154,03890.csv,24,1.6137350490334217,1.8044229856020628,1,0.1029259409333536,0.1267294347433985,89.43219311158263,0
B0036,155,03892.csv,24,1.612012823654141,1.8044229856020628,1,0.1029259409333536,0.1267294347433985,89.33674845182033,0
B0036,156,03896.csv,24,1.6671032556887178,1.8044229856020628,1,0.103615310969762,0.1280595563839769,92.38982594385833,0
B0036,157,03900.csv,24,1.6850133383886254,1.8044229856020628,1,0.1042563220427105,0.1246626993645387,93.38239159186972,0
B0036,158,03902.csv,24,1.6786654987614698,1.8044229856020628,1,0.1042563220427105,0.1246626993645387,93.03059826636864,0
B0036,159,03904.csv,24,1.6729763502191373,1.8044229856020628,1,0.1042563220427105,0.1246626993645387,92.7153091912611,0
B0036,160,03906.csv,24,1.666489034299654,1.8044229856020628,1,0.1042563220427105,0.1246626993645387,92.35578617635564,0
B0036,161,03908.csv,24,1.6698420840710908,1.8044229856020628,1,0.1042563220427105,0.1246626993645387,92.54161011000046,0
B0036,162,03912.csv,24,1.6746744228027035,1.8044229856020628,1,0.1051440682725413,0.1239624732439577,92.8094153181014,0
B0036,163,03914.csv,24,1.6665045335145643,1.8044229856020628,1,0.1051440682725413,0.1239624732439577,92.35664513320968,0
B0036,164,03916.csv,24,1.652222084834727,1.8044229856020628,1,0.1051440682725413,0.1239624732439577,91.56512070718536,0
B0036,165,03918.csv,24,1.6462718275099526,1.8044229856020628,1,0.1051440682725413,0.1239624732439577,91.2353611456938,0
B0036,166,03920.csv,24,1.642399234692521,1.8044229856020628,1,0.1051440682725413,0.1239624732439577,91.02074445945492,0
B0036,167,03924.csv,24,1.651178607099992,1.8044229856020628,1,0.1036160578605324,0.1263508501388481,91.50729181988672,0
B0036,168,03926.csv,24,1.6481683120281931,1.8044229856020628,1,0.1036160578605324,0.1263508501388481,91.34046313859533,0
B0036,169,03928.csv,24,1.6478887725428395,1.8044229856020628,1,0.1036160578605324,0.1263508501388481,91.3249712341148,0
B0036,170,03930.csv,24,1.635843650915682,1.8044229856020628,1,0.1036160578605324,0.1263508501388481,90.65743808233894,0
B0036,171,03932.csv,24,1.6332362811945516,1.8044229856020628,1,0.1036160578605324,0.1263508501388481,90.51293927347125,0
B0036,172,03936.csv,24,1.629926467682987,1.8044229856020628,1,0.1032709787470331,0.1271079763657862,90.32951146646732,0
B0036,173,03938.csv,24,1.6387862629287224,1.8044229856020628,1,0.1032709787470331,0.1271079763657862,90.82051581059449,0
B0036,174,03940.csv,24,1.6359654863840771,1.8044229856020628,1,0.1032709787470331,0.1271079763657862,90.66419012824876,0
B0036,175,03942.csv,24,1.631137043967566,1.8044229856020628,1,0.1032709787470331,0.1271079763657862,90.39660085150832,0
B0036,176,03944.csv,24,1.6220189720888465,1.8044229856020628,1,0.1032709787470331,0.1271079763657862,89.89128297695922,0
B0036,177,03948.csv,24,1.6416044978422155,1.8044229856020628,1,0.1039364275415278,0.1275792356995124,90.97670063732194,0
B0036,178,03952.csv,24,1.6253090231457803,1.8044229856020628,1,0.104962660264592,0.1270114071122995,90.0736155610144,0
B0036,179,03954.csv,24,1.6196134522239485,1.8044229856020628,1,0.104962660264592,0.1270114071122995,89.757970561628,0
B0036,180,03956.csv,24,1.6124236174774371,1.8044229856020628,1,0.104962660264592,0.1270114071122995,89.35951439010498,0
B0036,181,03958.csv,24,1.6077701029913394,1.8044229856020628,1,0.104962660264592,0.1270114071122995,89.10161951051026,0
B0036,182,03960.csv,24,1.6088077531981582,1.8044229856020628,1,0.104962660264592,0.1270114071122995,89.15912543983495,0
B0036,183,03964.csv,24,1.6083556258734268,1.8044229856020628,1,0.1033269608287819,0.1280562076841714,89.134068824599,0
B0036,184,03966.csv,24,1.606820251901154,1.8044229856020628,1,0.1033269608287819,0.1280562076841714,89.04897935364214,0
B0036,185,03968.csv,24,1.601770977206713,1.8044229856020628,1,0.1033269608287819,0.1280562076841714,88.76915168935665,0
B0036,186,03970.csv,24,1.594911734692208,1.8044229856020628,1,0.1033269608287819,0.1280562076841714,88.38901673379263,0
B0036,187,03972.csv,24,1.5938139125387372,1.8044229856020628,1,0.1033269608287819,0.1280562076841714,88.32817611259513,0
B0036,188,03976.csv,24,1.5920273129504596,1.8044229856020628,1,0.1038631855399398,0.1292125368644082,88.22916387419355,0
B0036,189,03978.csv,24,1.5847361549778751,1.8044229856020628,1,0.1038631855399398,0.1292125368644082,87.82509243247712,0
B0036,190,03980.csv,24,1.5763429363936798,1.8044229856020628,1,0.1038631855399398,0.1292125368644082,87.35994547684828,0
B0036,191,03982.csv,24,1.5720229174642286,1.8044229856020628,1,0.1038631855399398,0.1292125368644082,87.12053271365906,0
B0036,192,03984.csv,24,1.5729874285512353,1.8044229856020628,1,0.1038631855399398,0.1292125368644082,87.17398531843648,0
B0036,193,03988.csv,24,1.596985400389019,1.8044229856020628,1,0.1065741956779839,0.1252361437262971,88.50393799745183,0
B0036,194,03990.csv,24,1.595726023703856,1.8044229856020628,1,0.1065741956779839,0.1252361437262971,88.43414412455108,0
B0036,195,03992.csv,24,1.579500338340559,1.8044229856020628,1,0.1065741956779839,0.1252361437262971,87.53492672969601,0
B0036,196,03994.csv,24,1.5629469877520186,1.8044229856020628,1,0.1065741956779839,0.1252361437262971,86.61755033177691,0
B0036,197,03996.csv,24,1.5591129431541175,1.8044229856020628,1,0.1065741956779839,0.1252361437262971,86.40506996389789,0
B0038,1,02291.csv,24,0.8980573709676724,1.1026236331914077,1,,,81.44731746483217,0
B0038,2,02295.csv,24,1.1026236331914077,1.1026236331914077,1,0.1354086646263523,0.165173115662009,100.0,0
B0038,3,02297.csv,24,1.0885801879473431,1.1026236331914077,1,0.1354086646263523,0.165173115662009,98.72636094299762,0
B0038,4,02299.csv,24,1.0613249847591086,1.1026236331914077,1,0.1354086646263523,0.165173115662009,96.254510860359,0
B0038,5,02301.csv,24,1.0347062057983545,1.1026236331914077,1,0.1354086646263523,0.165173115662009,93.84037985867629,0
B0038,6,02303.csv,24,1.0269978594353013,1.1026236331914077,1,0.1354086646263523,0.165173115662009,93.1412885158994,0
B0038,7,02307.csv,24,1.078501971098942,1.1026236331914077,1,0.1409589153170984,0.1633585736118174,97.8123394632266,0
B0038,8,02311.csv,24,1.0638897478802845,1.1026236331914077,1,0.1390604486837707,0.1644415450645243,96.4871163518405,0
B0038,9,02313.csv,24,1.0366551223324425,1.1026236331914077,1,0.1390604486837707,0.1644415450645243,94.01713251256665,0
B0038,10,02315.csv,24,1.030941327482094,1.1026236331914077,1,0.1390604486837707,0.1644415450645243,93.498932586649,0
B0038,11,02317.csv,24,1.0140084541034655,1.1026236331914077,1,0.1390604486837707,0.1644415450645243,91.9632432662942,0
B0038,12,02319.csv,24,1.008516095994519,1.1026236331914077,1,0.1390604486837707,0.1644415450645243,91.4651260535287,0
B0038,13,02323.csv,44,1.7419245088095905,1.1026236331914077,1,0.1417566616272736,0.1655805616844977,100.0,0
B0038,14,02327.csv,44,1.779741859708433,1.1026236331914077,1,0.1442799845227066,0.1557451124738889,100.0,0
B0038,15,02329.csv,44,1.7815666306452766,1.1026236331914077,1,0.1442799845227066,0.1557451124738889,100.0,0
B0038,16,02331.csv,44,1.7834859577156017,1.1026236331914077,1,0.1442799845227066,0.1557451124738889,100.0,0
B0038,17,02333.csv,44,1.7864411650415677,1.1026236331914077,1,0.1442799845227066,0.1557451124738889,100.0,0
B0038,18,02335.csv,44,1.7859997608067948,1.1026236331914077,1,0.1442799845227066,0.1557451124738889,100.0,0
B0038,19,02339.csv,44,1.7769523773001608,1.1026236331914077,1,0.1464874217828299,0.1580545419252342,100.0,0
B0038,20,02343.csv,44,1.781428917321899,1.1026236331914077,1,0.1455291574783139,0.1573004337390157,100.0,0
B0038,21,02345.csv,44,1.7859452772697195,1.1026236331914077,1,0.1455291574783139,0.1573004337390157,100.0,0
B0038,22,02347.csv,44,1.785208429691551,1.1026236331914077,1,0.1455291574783139,0.1573004337390157,100.0,0
B0038,23,02349.csv,44,1.783596609584544,1.1026236331914077,1,0.1455291574783139,0.1573004337390157,100.0,0
B0038,24,02351.csv,44,1.7796783152744713,1.1026236331914077,1,0.1455291574783139,0.1573004337390157,100.0,0
B0038,25,02355.csv,44,1.7841102592788645,1.1026236331914077,1,0.1450098652315949,0.1581136878860872,100.0,0
B0038,26,02357.csv,44,1.7833032331592191,1.1026236331914077,1,0.1450098652315949,0.1581136878860872,100.0,0
B0038,27,02359.csv,44,1.7796186141356956,1.1026236331914077,1,0.1450098652315949,0.1581136878860872,100.0,0
B0038,28,02361.csv,44,1.7816592334352586,1.1026236331914077,1,0.1450098652315949,0.1581136878860872,100.0,0
B0038,29,02363.csv,44,1.7775911304124037,1.1026236331914077,1,0.1450098652315949,0.1581136878860872,100.0,0
B0038,30,02367.csv,44,1.777701881971679,1.1026236331914077,1,0.1458467317489905,0.1571041662792431,100.0,0
B0038,31,02369.csv,44,1.7789547618270618,1.1026236331914077,1,0.1458467317489905,0.1571041662792431,100.0,0
B0038,32,02371.csv,44,1.7807753731135043,1.1026236331914077,1,0.1458467317489905,0.1571041662792431,100.0,0
B0038,33,02373.csv,44,1.778415319026661,1.1026236331914077,1,0.1458467317489905,0.1571041662792431,100.0,0
B0038,34,02375.csv,44,1.7789773899108463,1.1026236331914077,1,0.1458467317489905,0.1571041662792431,100.0,0
B0038,35,02379.csv,44,1.7792479347236043,1.1026236331914077,1,0.1456213343445297,0.1578165945934228,100.0,0
B0038,36,02381.csv,44,1.777920457368508,1.1026236331914077,1,0.1456213343445297,0.1578165945934228,100.0,0
B0038,37,02383.csv,44,1.779227040224144,1.1026236331914077,1,0.1456213343445297,0.1578165945934228,100.0,0
B0038,38,02385.csv,44,1.7760634320079352,1.1026236331914077,1,0.1456213343445297,0.1578165945934228,100.0,0
B0038,39,02387.csv,44,1.775103937963957,1.1026236331914077,1,0.1456213343445297,0.1578165945934228,100.0,0
B0038,40,02391.csv,44,1.733064100138742,1.1026236331914077,1,0.1452836701674513,0.1571691009282757,100.0,0
B0038,41,02395.csv,44,1.7394892806215223,1.1026236331914077,1,0.1461825969283644,0.158944262526129,100.0,0
B0038,42,02397.csv,44,1.7378064360392924,1.1026236331914077,1,0.1461825969283644,0.158944262526129,100.0,0
B0038,43,02399.csv,44,1.730028145799833,1.1026236331914077,1,0.1461825969283644,0.158944262526129,100.0,0
B0038,44,02401.csv,44,1.7290404566542985,1.1026236331914077,1,0.1461825969283644,0.158944262526129,100.0,0
B0038,45,02403.csv,44,1.7286072907068817,1.1026236331914077,1,0.1461825969283644,0.158944262526129,100.0,0
B0038,46,02407.csv,44,1.52573884649634,1.1026236331914077,1,0.1467937683516624,0.15906437833902,100.0,0
B0038,47,02411.csv,44,1.5301475534434217,1.1026236331914077,1,0.1564431165662892,0.1688866280738168,100.0,0
B0039,1,01109.csv,24,0.1190383185934176,1.7715725869786123,1,,,6.719358804057557,0
B0039,2,01113.csv,24,0.4729861500927512,1.7715725869786123,1,0.1185198874494795,0.1479765884714088,26.698660476532957,0
B0039,3,01115.csv,24,0.1628079382920206,1.7715725869786123,1,0.1185198874494795,0.1479765884714088,9.190023569380628,0
B0039,4,01117.csv,24,0.4787632853388766,1.7715725869786123,1,0.1185198874494795,0.1479765884714088,27.024762567330047,0
B0039,5,01119.csv,24,0.4711383364607152,1.7715725869786123,1,0.1185198874494795,0.1479765884714088,26.59435689644723,0
B0039,6,01121.csv,24,0.4668172561120673,1.7715725869786123,1,0.1185198874494795,0.1479765884714088,26.3504447711181,0
B0039,7,01125.csv,24,0.4699932676625547,1.7715725869786123,1,0.102144213673012,0.1277720421504528,26.52972117073229,0
B0039,8,01129.csv,24,0.4627052684317185,1.7715725869786123,1,0.1014537466753826,0.1311091085380788,26.11833530461513,0
B0039,9,01131.csv,24,0.4604944782656097,1.7715725869786123,1,0.1014537466753826,0.1311091085380788,25.99354277946778,0
B0039,10,01133.csv,24,0.4412227248835694,1.7715725869786123,1,0.1014537466753826,0.1311091085380788,24.90570965743309,0
B0039,11,01135.csv,24,0.4435442194396584,1.7715725869786123,1,0.1014537466753826,0.1311091085380788,25.03675111591762,0
B0039,12,01137.csv,24,0.4126655541164234,1.7715725869786123,1,0.1014537466753826,0.1311091085380788,23.29374235916676,0
B0039,13,01141.csv,44,1.7461791006389626,1.7715725869786123,1,0.0965011379673775,0.125814495398153,98.56661327194288,0
B0039,14,01145.csv,44,1.7695250734505363,1.7715725869786123,1,0.10575691934226,0.1166590648817664,99.88442395512746,0
B0039,15,01147.csv,44,1.7715391419501945,1.7715725869786123,1,0.10575691934226,0.1166590648817664,99.99811212768454,0
B0039,16,01149.csv,44,1.770625483958279,1.7715725869786123,1,0.10575691934226,0.1166590648817664,99.94653885325982,0
B0039,17,01151.csv,44,1.7704040639447296,1.7715725869786123,1,0.10575691934226,0.1166590648817664,99.93404035248278,0
B0039,18,01153.csv,44,1.769508178880176,1.7715725869786123,1,0.10575691934226,0.1166590648817664,99.88347030691206,0
B0039,19,01157.csv,44,1.7638356274269416,1.7715725869786123,1,0.1043106805566972,0.1150229358356421,99.56327165996252,0
B0039,20,01161.csv,44,1.7715725869786123,1.7715725869786123,1,0.1037226007504304,0.1158034441415268,100.0,0
B0039,21,01163.csv,44,1.7701196454489685,1.7715725869786123,1,0.1037226007504304,0.1158034441415268,99.91798577488028,0
B0039,22,01165.csv,44,1.766756975286052,1.7715725869786123,1,0.1037226007504304,0.1158034441415268,99.72817305212578,0
B0039,23,01167.csv,44,1.7648743629092642,1.7715725869786123,1,0.1037226007504304,0.1158034441415268,99.62190518646646,0
B0039,24,01169.csv,44,1.763838685943225,1.7715725869786123,1,0.1037226007504304,0.1158034441415268,99.56344430410398,0
B0039,25,01173.csv,44,1.7657225752056789,1.7715725869786123,1,0.1021636716592339,0.1157783767436508,99.66978424615893,0
B0039,26,01175.csv,44,1.7645632809383045,1.7715725869786123,1,0.1021636716592339,0.1157783767436508,99.60434553504452,0
B0039,27,01177.csv,44,1.7608991948479125,1.7715725869786123,1,0.1021636716592339,0.1157783767436508,99.39751878025484,0
B0039,28,01179.csv,44,1.7598362095817717,1.7715725869786123,1,0.1021636716592339,0.1157783767436508,99.33751642562628,0
B0039,29,01181.csv,44,1.7590955400143164,1.7715725869786123,1,0.1021636716592339,0.1157783767436508,99.29570783291612,0
B0039,30,01185.csv,44,1.7560495443976525,1.7715725869786123,1,0.1047400112572983,0.1174857532001665,99.12377044581424,0
B0039,31,01187.csv,44,1.7571677199949287,1.7715725869786123,1,0.1047400112572983,0.1174857532001665,99.18688813037852,0
B0039,32,01189.csv,44,1.7558911269459976,1.7715725869786123,1,0.1047400112572983,0.1174857532001665,99.1148282521486,0
B0039,33,01191.csv,44,1.7533419072229914,1.7715725869786123,1,0.1047400112572983,0.1174857532001665,98.97093238574476,0
B0039,34,01193.csv,44,1.7506673845335168,1.7715725869786123,1,0.1047400112572983,0.1174857532001665,98.81996353980904,0
B0039,35,01197.csv,44,1.7510006664162403,1.7715725869786123,1,0.1038891605166846,0.1159864988348776,98.83877631017891,0
B0039,36,01199.csv,44,1.7496058853847871,1.7715725869786123,1,0.1038891605166846,0.1159864988348776,98.76004507208542,0
B0039,37,01201.csv,44,1.7477359172183355,1.7715725869786123,1,0.1038891605166846,0.1159864988348776,98.654490934468,0
B0039,38,01203.csv,44,1.7444225468099093,1.7715725869786123,1,0.1038891605166846,0.1159864988348776,98.4674610361291,0
B0039,39,01205.csv,44,1.743308366083936,1.7715725869786123,1,0.1038891605166846,0.1159864988348776,98.40456885016036,0
B0039,40,01209.csv,44,1.6556691733888471,1.7715725869786123,1,0.1036796428951875,0.1158299310131187,93.45759725332866,0
B0039,41,01213.csv,44,1.64297669457593,1.7715725869786123,1,0.1026017419107234,0.1152245944059326,92.741144599556,0
B0039,42,01215.csv,44,1.6343822729361266,1.7715725869786123,1,0.1026017419107234,0.1152245944059326,92.25601507661273,0
B0039,43,01217.csv,44,1.62650670621656,1.7715725869786123,1,0.1026017419107234,0.1152245944059326,91.81146277446864,0
B0039,44,01219.csv,44,1.618865991735961,1.7715725869786123,1,0.1026017419107234,0.1152245944059326,91.38016718224964,0
B0039,45,01221.csv,44,1.6114968339209264,1.7715725869786123,1,0.1026017419107234,0.1152245944059326,90.96420015559778,0
B0039,46,01225.csv,44,1.3240805773461226,1.7715725869786123,1,0.104595721931662,0.1170178272898286,74.74040787706701,0
B0039,47,01229.csv,44,1.3153386221697692,1.7715725869786123,1,0.1065281068779178,0.1181904738199603,74.24695052507317,0
B0040,1,01231.csv,24,0.6734628137095633,1.7341296392350067,1,,,38.83578242781517,0
B0040,2,01235.csv,24,0.7913062105760345,1.7341296392350067,1,0.1219059975893953,0.1476116036789185,45.63131802101664,0
B0040,3,01237.csv,24,0.7865824034601745,1.7341296392350067,1,0.1219059975893953,0.1476116036789185,45.35891583095063,0
B0040,4,01239.csv,24,0.7795871426061582,1.7341296392350067,1,0.1219059975893953,0.1476116036789185,44.9555284084796,0
B0040,5,01241.csv,24,0.7628241523125163,1.7341296392350067,1,0.1219059975893953,0.1476116036789185,43.98887690132718,0
B0040,6,01243.csv,24,0.7405021514606399,1.7341296392350067,1,0.1219059975893953,0.1476116036789185,42.70166051641357,0
B0040,7,01247.csv,24,0.7783970881100656,1.7341296392350067,1,0.1173595250393376,0.141946277814117,44.88690294535576,0
B0040,8,01251.csv,24,0.7733165409025605,1.7341296392350067,1,0.116436023638212,0.1430713061031339,44.59392904694836,0
B0040,9,01253.csv,24,0.7589575236409498,1.7341296392350067,1,0.116436023638212,0.1430713061031339,43.7659046053648,0
B0040,10,01255.csv,24,0.7407399462256391,1.7341296392350067,1,0.116436023638212,0.1430713061031339,42.715373145482296,0
B0040,11,01257.csv,24,0.7446218752617147,1.7341296392350067,1,0.116436023638212,0.1430713061031339,42.939227749443056,0
B0040,12,01259.csv,24,0.7149875629820736,1.7341296392350067,1,0.116436023638212,0.1430713061031339,41.23034096213723,0
B0040,13,01263.csv,44,1.7075144448533202,1.7341296392350067,1,0.116667291895821,0.1408031763916089,98.46521310866773,0
B0040,14,01267.csv,44,1.730880859428193,1.7341296392350067,1,0.1243501349471261,0.1344066738421317,99.8126564627402,0
B0040,15,01269.csv,44,1.7328212845233328,1.7341296392350067,1,0.1243501349471261,0.1344066738421317,99.9245526584592,0
B0040,16,01271.csv,44,1.7317734323431513,1.7341296392350067,1,0.1243501349471261,0.1344066738421317,99.86412740786238,0
B0040,17,01273.csv,44,1.7341296392350067,1.7341296392350067,1,0.1243501349471261,0.1344066738421317,100.0,0
B0040,18,01275.csv,44,1.7334756929990074,1.7341296392350067,1,0.1243501349471261,0.1344066738421317,99.96228965694354,0
B0040,19,01279.csv,44,1.7243057179457877,1.7341296392350067,1,0.1233564920742878,0.1331525400570718,99.43349556648182,0
B0040,20,01283.csv,44,1.7318975861687205,1.7341296392350067,1,0.1225040186823496,0.1331619275624537,99.8712868394735,0
B0040,21,01285.csv,44,1.7333691208377455,1.7341296392350067,1,0.1225040186823496,0.1331619275624537,99.95614408634428,0
B0040,22,01287.csv,44,1.732175650153278,1.7341296392350067,1,0.1225040186823496,0.1331619275624537,99.88732162593156,0
B0040,23,01289.csv,44,1.7334832776102866,1.7341296392350067,1,0.1225040186823496,0.1331619275624537,99.96272702973896,0
B0040,24,01291.csv,44,1.732372495746513,1.7341296392350067,1,0.1225040186823496,0.1331619275624537,99.89867288761243,0
B0040,25,01295.csv,44,1.7338175297202416,1.7341296392350067,1,0.1222009388184009,0.1326713927654389,99.98200195027502,0
B0040,26,01297.csv,44,1.7329630786357868,1.7341296392350067,1,0.1222009388184009,0.1326713927654389,99.93272933160092,0
B0040,27,01299.csv,44,1.731883908457334,1.7341296392350067,1,0.1222009388184009,0.1326713927654389,99.87049810309088,0
B0040,28,01301.csv,44,1.7306960059812662,1.7341296392350067,1,0.1222009388184009,0.1326713927654389,99.80199673795696,0
B0040,29,01303.csv,44,1.7296011601947467,1.7341296392350067,1,0.1222009388184009,0.1326713927654389,99.73886156272276,0
B0040,30,01307.csv,44,1.7296187381064656,1.7341296392350067,1,0.1219858711115269,0.1333987629956205,99.73987520733854,0
B0040,31,01309.csv,44,1.7307198617163877,1.7341296392350067,1,0.1219858711115269,0.1333987629956205,99.80337239837944,0
B0040,32,01311.csv,44,1.729274556175907,1.7341296392350067,1,0.1219858711115269,0.1333987629956205,99.72002767559862,0
B0040,33,01313.csv,44,1.7297962212599596,1.7341296392350067,1,0.1219858711115269,0.1333987629956205,99.75010991813976,0
B0040,34,01315.csv,44,1.7268942069037494,1.7341296392350067,1,0.1219858711115269,0.1333987629956205,99.58276289341038,0
B0040,35,01319.csv,44,1.7272191689306016,1.7341296392350067,1,0.1212139471823516,0.1336918157710993,99.60150209372732,0
B0040,36,01321.csv,44,1.7285674981160106,1.7341296392350067,1,0.1212139471823516,0.1336918157710993,99.6792545958992,0
B0040,37,01323.csv,44,1.726636381605547,1.7341296392350067,1,0.1212139471823516,0.1336918157710993,99.5678951873076,0
B0040,38,01325.csv,44,1.7262424141835069,1.7341296392350067,1,0.1212139471823516,0.1336918157710993,99.54517673459642,0
B0040,39,01327.csv,44,1.72527259276029,1.7341296392350067,1,0.1212139471823516,0.1336918157710993,99.48925119124176,0
B0040,40,01331.csv,44,1.666802687745505,1.7341296392350067,1,0.1226026050513524,0.133347275961549,96.117536430598,0
B0040,41,01335.csv,44,1.666754853762041,1.7341296392350067,1,0.1232360911234898,0.1340413122109681,96.1147780449282,0
B0040,42,01337.csv,44,1.6583274448761054,1.7341296392350067,1,0.1232360911234898,0.1340413122109681,95.62880463813876,0
B0040,43,01339.csv,44,1.65032263550715,1.7341296392350067,1,0.1232360911234898,0.1340413122109681,95.16720077716757,0
B0040,44,01341.csv,44,1.6493406341242296,1.7341296392350067,1,0.1232360911234898,0.1340413122109681,95.1105728665026,0
B0040,45,01343.csv,44,1.641919055037739,1.7341296392350067,1,0.1232360911234898,0.1340413122109681,94.68260145545142,0
B0040,46,01347.csv,44,0.425812451177779,1.7341296392350067,1,0.1236963990271704,0.1341759139695069,24.554822289158366,0
B0040,47,01351.csv,44,0.5569902643736575,1.7341296392350067,1,0.1385168925070375,0.1498897237364264,32.11929787552492,0
B0041,1,02996.csv,4,0.055620243768194,1.2156494086360898,43,,,,42
B0041,2,02999.csv,4,0.0556974726122768,1.2156494086360898,43,0.0535433453908043,0.1859019069554843,,41
B0041,3,03001.csv,4,0.0558390162918539,1.2156494086360898,43,0.0535433453908043,0.1859019069554843,,40
B0041,4,03003.csv,4,0.056148059974053,1.2156494086360898,43,0.0535433453908043,0.1859019069554843,,39
B0041,5,03005.csv,4,0.056470531599139,1.2156494086360898,43,0.0535433453908043,0.1859019069554843,,38
B0041,6,03007.csv,4,0.0440922918408019,1.2156494086360898,43,0.0535433453908043,0.1859019069554843,,37
B0041,7,03011.csv,4,0.0567719130814178,1.2156494086360898,43,0.0517508325288131,0.1855171357206836,,36
B0041,8,03013.csv,4,0.0569383765007572,1.2156494086360898,43,0.0517508325288131,0.1855171357206836,,35
B0041,9,03015.csv,4,0.0444014841131225,1.2156494086360898,43,0.0517508325288131,0.1855171357206836,,34
B0041,10,03017.csv,4,0.0446343581849161,1.2156494086360898,43,0.0517508325288131,0.1855171357206836,,33
B0041,11,03019.csv,4,0.0447987224365748,1.2156494086360898,43,0.0517508325288131,0.1855171357206836,,32
B0041,12,03023.csv,4,0.0467089878078547,1.2156494086360898,43,0.0529248018775308,0.1857635384190134,,31
B0041,13,03025.csv,4,0.0449537153308952,1.2156494086360898,43,0.0529248018775308,0.1857635384190134,,30
B0041,14,03027.csv,4,0.0452193290195426,1.2156494086360898,43,0.0529248018775308,0.1857635384190134,,29
B0041,15,03029.csv,4,0.0454022241469497,1.2156494086360898,43,0.0529248018775308,0.1857635384190134,,28
B0041,16,03031.csv,4,0.0456790122497417,1.2156494086360898,43,0.0529248018775308,0.1857635384190134,,27
B0041,17,03035.csv,4,0.0455208025703398,1.2156494086360898,43,0.0524039212072358,0.1886776649200274,,26
B0041,18,03037.csv,4,0.0457285414602425,1.2156494086360898,43,0.0524039212072358,0.1886776649200274,,25
B0041,19,03039.csv,4,0.045860512192502,1.2156494086360898,43,0.0524039212072358,0.1886776649200274,,24
B0041,20,03041.csv,4,0.045983556030275,1.2156494086360898,43,0.0524039212072358,0.1886776649200274,,23
B0041,21,03043.csv,4,0.046128762966734,1.2156494086360898,43,0.0524039212072358,0.1886776649200274,,22
B0041,22,03047.csv,4,0.0463714545530443,1.2156494086360898,43,0.0528310723280793,0.1957105875037792,,21
B0041,23,03051.csv,4,0.0464238542531432,1.2156494086360898,43,0.054090268807287,0.2206684330727391,,20
B0041,24,03053.csv,4,0.0465794695305646,1.2156494086360898,43,0.054090268807287,0.2206684330727391,,19
B0041,25,03055.csv,4,0.0467260089483965,1.2156494086360898,43,0.054090268807287,0.2206684330727391,,18
B0041,26,03057.csv,4,0.0468634724324437,1.2156494086360898,43,0.054090268807287,0.2206684330727391,,17
B0041,27,03059.csv,4,0.0471230704848885,1.2156494086360898,43,0.054090268807287,0.2206684330727391,,16
B0041,28,03063.csv,4,0.047089685801538,1.2156494086360898,43,0.0541206217262819,0.1849572210121443,,15
B0041,29,03065.csv,4,0.0471681699068244,1.2156494086360898,43,0.0541206217262819,0.1849572210121443,,14
B0041,30,03067.csv,4,0.0474166233958466,1.2156494086360898,43,0.0541206217262819,0.1849572210121443,,13
B0041,31,03069.csv,4,0.0474736581861432,1.2156494086360898,43,0.0541206217262819,0.1849572210121443,,12
B0041,32,03071.csv,4,0.047671071688296,1.2156494086360898,43,0.0541206217262819,0.1849572210121443,,11
B0041,33,03075.csv,4,0.0477561486679362,1.2156494086360898,43,0.0523322711634034,0.1960524938191457,,10
B0041,34,03077.csv,4,0.0478336905290522,1.2156494086360898,43,0.0523322711634034,0.1960524938191457,,9
B0041,35,03079.csv,4,0.0479228171589379,1.2156494086360898,43,0.0523322711634034,0.1960524938191457,,8
B0041,36,03081.csv,4,0.0481080249716144,1.2156494086360898,43,0.0523322711634034,0.1960524938191457,,7
B0041,37,03083.csv,4,0.0480878273582587,1.2156494086360898,43,0.0523322711634034,0.1960524938191457,,6
B0041,38,03087.csv,4,0.0484226192632661,1.2156494086360898,43,0.0551537841354749,0.1840077663962839,,5
B0041,39,03089.csv,4,0.0479864952546282,1.2156494086360898,43,0.0551537841354749,0.1840077663962839,,4
B0041,40,03091.csv,4,0.0482217520049512,1.2156494086360898,43,0.0551537841354749,0.1840077663962839,,3
B0041,41,03093.csv,4,0.0478773156676534,1.2156494086360898,43,0.0551537841354749,0.1840077663962839,,2
B0041,42,03095.csv,4,0.0482903205557941,1.2156494086360898,43,0.0551537841354749,0.1840077663962839,,1
B0041,43,03099.csv,4,1.2156494086360898,1.2156494086360898,43,0.0530770886099763,0.2149164793040737,100.0,0
B0041,44,03103.csv,4,1.1476416320946563,1.2156494086360898,43,0.0520227239672869,0.1955549040765648,94.40564227989586,0
B0041,45,03105.csv,4,1.1194574527298191,1.2156494086360898,43,0.0520227239672869,0.1955549040765648,92.08719592812584,0
B0041,46,03107.csv,4,1.0841325641850128,1.2156494086360898,43,0.0520227239672869,0.1955549040765648,89.18135084698197,0
B0041,47,03109.csv,4,1.0607784232892656,1.2156494086360898,43,0.0520227239672869,0.1955549040765648,87.2602261600585,0
B0041,48,03111.csv,4,1.0170312865626592,1.2156494086360898,43,0.0520227239672869,0.1955549040765648,83.66156223476699,0
B0041,49,03115.csv,4,1.0000374999808574,1.2156494086360898,43,0.0526904058825759,0.2025055350689993,82.26364384965726,0
B0041,50,03117.csv,4,0.991506494786248,1.2156494086360898,43,0.0526904058825759,0.2025055350689993,81.56187859283202,0
B0041,51,03119.csv,4,0.9655644425371016,1.2156494086360898,43,0.0526904058825759,0.2025055350689993,79.42787087112777,0
B0041,52,03121.csv,4,0.9383311962439672,1.2156494086360898,43,0.0526904058825759,0.2025055350689993,77.18764880548392,0
B0041,53,03123.csv,4,0.9298903389240268,1.2156494086360898,43,0.0526904058825759,0.2025055350689993,76.49329916322887,0
B0041,54,03127.csv,4,0.9072117399448598,1.2156494086360898,43,0.0547724493907827,0.2105945065036999,74.62774493204543,0
B0041,55,03129.csv,4,0.9176870676937324,1.2156494086360898,43,0.0547724493907827,0.2105945065036999,75.48945124921673,0
B0041,56,03131.csv,4,0.9157430721963028,1.2156494086360898,43,0.0547724493907827,0.2105945065036999,75.32953709274864,0
B0041,57,03133.csv,4,0.9111662690050432,1.2156494086360898,43,0.0547724493907827,0.2105945065036999,74.95304670343528,0
B0041,58,03135.csv,4,0.8968901443572698,1.2156494086360898,43,0.0547724493907827,0.2105945065036999,73.77868470840987,0
B0041,59,03139.csv,4,0.8862133472800153,1.2156494086360898,43,0.0557417318276825,0.1973430373572889,72.90040541164836,0
B0041,60,03141.csv,4,0.8931124136187014,1.2156494086360898,43,0.0557417318276825,0.1973430373572889,73.46792646580053,0
B0041,61,03143.csv,4,0.880898507091054,1.2156494086360898,43,0.0557417318276825,0.1973430373572889,72.46320368628213,0
B0041,62,03145.csv,4,0.8798879382023741,1.2156494086360898,43,0.0557417318276825,0.1973430373572889,72.3800737245102,0
B0041,63,03147.csv,4,0.8682347537115443,1.2156494086360898,43,0.0557417318276825,0.1973430373572889,71.42147625322906,0
B0041,64,03151.csv,4,0.8443569490395516,1.2156494086360898,43,0.0571892565609036,0.1941291883123657,69.45727469130154,0
B0041,65,03153.csv,4,0.8657093203148538,1.2156494086360898,43,0.0571892565609036,0.1941291883123657,71.21373269009732,0
B0041,66,03155.csv,4,0.848696904019178,1.2156494086360898,43,0.0571892565609036,0.1941291883123657,69.81428181430879,0
B0041,67,03157.csv,4,0.8364948433646345,1.2156494086360898,43,0.0571892565609036,0.1941291883123657,68.81053348293472,0
B0042,1,01532.csv,22,1.7287126633755356,1.7314706281853145,47,0.0758644695101022,0.1283306825628963,99.8407154724496,46
B0042,2,01534.csv,22,1.7314706281853145,1.7314706281853145,47,0.0758644695101022,0.1283306825628963,100.0,45
B0042,3,01536.csv,22,1.7282350363146088,1.7314706281853145,47,0.0758644695101022,0.1283306825628963,99.81313042115552,44
B0042,4,01538.csv,22,1.720344742291621,1.7314706281853145,47,0.0758644695101022,0.1283306825628963,99.35743143934504,43
B0042,5,01540.csv,22,1.7221734367707635,1.7314706281853145,47,0.0758644695101022,0.1283306825628963,99.46304654186972,42
B0042,6,01544.csv,22,0.0,1.7314706281853145,47,0.0751636096366125,0.1131380526405654,,41
B0042,7,01546.csv,22,1.708669577331945,1.7314706281853145,47,0.0751636096366125,0.1131380526405654,98.68313961079048,40
B0042,8,01548.csv,22,1.7036476485918646,1.7314706281853145,47,0.0751636096366125,0.1131380526405654,98.39310126660304,39
B0042,9,01550.csv,22,1.6958375743577971,1.7314706281853145,47,0.0751636096366125,0.1131380526405654,97.94203532838075,38
B0042,10,01552.csv,22,1.6949064846676911,1.7314706281853145,47,0.0751636096366125,0.1131380526405654,97.88826082739014,37
B0042,11,01556.csv,22,1.6874768094352457,1.7314706281853145,47,0.0739153341311581,0.1160794280843854,97.4591645948868,36
B0042,12,01558.csv,22,1.685989172917945,1.7314706281853145,47,0.0739153341311581,0.1160794280843854,97.3732470810067,35
B0042,13,01560.csv,22,1.6782864747774933,1.7314706281853145,47,0.0739153341311581,0.1160794280843854,96.92838258171544,34
B0042,14,01562.csv,22,1.6739647640901527,1.7314706281853145,47,0.0739153341311581,0.1160794280843854,96.67878489192556,33
B0042,15,01564.csv,22,1.6722378801237066,1.7314706281853145,47,0.0739153341311581,0.1160794280843854,96.57904979169716,32
B0042,16,01568.csv,22,1.675989790049197,1.7314706281853145,47,0.0740477597124731,0.1148844296432379,96.79573899591558,31
B0042,17,01570.csv,22,1.6618247672847988,1.7314706281853145,47,0.0740477597124731,0.1148844296432379,95.97764699170736,30
B0042,18,01572.csv,22,1.6606710352566112,1.7314706281853145,47,0.0740477597124731,0.1148844296432379,95.91101392214168,29
B0042,19,01574.csv,22,1.6530644874507203,1.7314706281853145,47,0.0740477597124731,0.1148844296432379,95.47170252510904,28
B0042,20,01576.csv,22,1.649953986270456,1.7314706281853145,47,0.0740477597124731,0.1148844296432379,95.29205748062311,27
B0042,21,01580.csv,22,1.681297805444492,1.7314706281853145,47,0.0747526538711737,0.1148966738004377,97.1023000954162,26
B0042,22,01584.csv,22,1.6700520424481298,1.7314706281853145,47,0.0738675928473736,0.1127342768111405,96.4528081078941,25
B0042,23,01586.csv,22,1.667181860354792,1.7314706281853145,47,0.0738675928473736,0.1127342768111405,96.28704254152431,24
B0042,24,01588.csv,22,1.6568865613275168,1.7314706281853145,47,0.0738675928473736,0.1127342768111405,95.69244400432213,23
B0042,25,01590.csv,22,1.6449819446579936,1.7314706281853145,47,0.0738675928473736,0.1127342768111405,95.00490033619766,22
B0042,26,01592.csv,22,1.639214585000014,1.7314706281853145,47,0.0738675928473736,0.1127342768111405,94.67181009694688,21
B0042,27,01596.csv,22,1.6410599890208055,1.7314706281853145,47,0.0739944660268061,0.1127529834135872,94.7783902485678,20
B0042,28,01598.csv,22,1.643269651219848,1.7314706281853145,47,0.0739944660268061,0.1127529834135872,94.90600790277878,19
B0042,29,01600.csv,22,1.6298673102402297,1.7314706281853145,47,0.0739944660268061,0.1127529834135872,94.13196410662933,18
B0042,30,01602.csv,22,1.6238536344658807,1.7314706281853145,47,0.0739944660268061,0.1127529834135872,93.7846480345888,17
B0042,31,01604.csv,22,1.6186308887044174,1.7314706281853145,47,0.0739944660268061,0.1127529834135872,93.4830116293015,16
B0042,32,01608.csv,22,1.6193418112441196,1.7314706281853145,47,0.0744915146409264,0.1118610851747044,93.5240705146288,15
B0042,33,01610.csv,22,1.614593271326993,1.7314706281853145,47,0.0744915146409264,0.1118610851747044,93.24982157041752,14
B0042,34,01612.csv,22,1.6072040891927848,1.7314706281853145,47,0.0744915146409264,0.1118610851747044,92.823063991402,13
B0042,35,01614.csv,22,1.6012663590062357,1.7314706281853145,47,0.0744915146409264,0.1118610851747044,92.48013410914508,12
B0042,36,01616.csv,22,1.594040741063104,1.7314706281853145,47,0.0744915146409264,0.1118610851747044,92.06282307738334,11
B0042,37,01620.csv,22,1.5946888289374477,1.7314706281853145,47,0.0743104624224476,0.1133210016809909,92.10025298602828,10
B0042,38,01622.csv,22,1.5882100957302596,1.7314706281853145,47,0.0743104624224476,0.1133210016809909,91.72607781367908,9
B0042,39,01624.csv,22,1.587985558077698,1.7314706281853145,47,0.0743104624224476,0.1133210016809909,91.71310978240518,8
B0042,40,01626.csv,22,1.5799165406650344,1.7314706281853145,47,0.0743104624224476,0.1133210016809909,91.24708874333504,7
B0042,41,01628.csv,22,1.5655946193652834,1.7314706281853145,47,0.0743104624224476,0.1133210016809909,90.41993516263808,6
B0042,42,01632.csv,4,0.0707012773734017,1.7314706281853145,47,0.0754596251487432,0.1137792668690111,,5
B0042,43,01636.csv,4,0.0841687853013907,1.7314706281853145,47,0.0769982195284669,0.1825992953152706,,4
B0042,44,01638.csv,4,0.0844378562146582,1.7314706281853145,47,0.0769982195284669,0.1825992953152706,,3
B0042,45,01640.csv,4,0.0847891906059033,1.7314706281853145,47,0.0769982195284669,0.1825992953152706,,2
B0042,46,01642.csv,4,0.0933425818344258,1.7314706281853145,47,0.0769982195284669,0.1825992953152706,,1
B0042,47,01645.csv,4,0.1060318013139778,1.7314706281853145,47,0.0780061072945392,0.1841339460927001,6.123800172406361,0
B0042,48,01647.csv,4,0.106505866207118,1.7314706281853145,47,0.0780061072945392,0.1841339460927001,6.151179492934428,0
B0042,49,01649.csv,4,0.0943911158551295,1.7314706281853145,47,0.0780061072945392,0.1841339460927001,,0
B0042,50,01651.csv,4,0.0945059592738711,1.7314706281853145,47,0.0780061072945392,0.1841339460927001,,0
B0042,51,01653.csv,4,0.0821145610821562,1.7314706281853145,47,0.0780061072945392,0.1841339460927001,,0
B0042,52,01657.csv,4,0.0951847063194674,1.7314706281853145,47,0.0758740062898077,0.1898068619543367,,0
B0042,53,01659.csv,4,0.0953912999865905,1.7314706281853145,47,0.0758740062898077,0.1898068619543367,,0
B0042,54,01661.csv,4,0.0828966456585456,1.7314706281853145,47,0.0758740062898077,0.1898068619543367,,0
B0042,55,01663.csv,4,0.083431990364526,1.7314706281853145,47,0.0758740062898077,0.1898068619543367,,0
B0042,56,01665.csv,4,0.0962477215649569,1.7314706281853145,47,0.0758740062898077,0.1898068619543367,,0
B0042,57,01669.csv,4,0.0871279249656989,1.7314706281853145,47,0.0760013508183652,0.1779143465055044,,0
B0042,58,01671.csv,4,0.0968191218275757,1.7314706281853145,47,0.0760013508183652,0.1779143465055044,,0
B0042,59,01673.csv,4,0.084400548913451,1.7314706281853145,47,0.0760013508183652,0.1779143465055044,,0
B0042,60,01675.csv,4,0.0977012171667452,1.7314706281853145,47,0.0760013508183652,0.1779143465055044,,0
B0042,61,01677.csv,4,0.0851742647657266,1.7314706281853145,47,0.0760013508183652,0.1779143465055044,,0
B0042,62,01681.csv,4,0.0847199354487912,1.7314706281853145,47,0.0770468109234872,0.1968027392847056,,0
B0042,63,01683.csv,4,0.0854883696989364,1.7314706281853145,47,0.0770468109234872,0.1968027392847056,,0
B0042,64,01685.csv,4,0.085777499334335,1.7314706281853145,47,0.0770468109234872,0.1968027392847056,,0
B0042,65,01687.csv,4,0.0859555325524583,1.7314706281853145,47,0.0770468109234872,0.1968027392847056,,0
B0042,66,01689.csv,4,0.0861479697965832,1.7314706281853145,47,0.0770468109234872,0.1968027392847056,,0
B0042,67,01693.csv,4,0.0865245080899333,1.7314706281853145,47,0.0749692599471269,0.1888871205390956,,0
B0042,68,01697.csv,4,0.0867603642868573,1.7314706281853145,47,0.076912853654541,0.1916081813788454,,0
B0042,69,01699.csv,4,0.0866202538937107,1.7314706281853145,47,0.076912853654541,0.1916081813788454,,0
B0042,70,01701.csv,4,0.0869802394927499,1.7314706281853145,47,0.076912853654541,0.1916081813788454,,0
B0042,71,01703.csv,4,0.0738778711347396,1.7314706281853145,47,0.076912853654541,0.1916081813788454,,0
B0042,72,01705.csv,4,0.0877586570223188,1.7314706281853145,47,0.076912853654541,0.1916081813788454,,0
B0042,73,01709.csv,4,0.0879057630027299,1.7314706281853145,47,0.0765149902718176,0.1939822096858468,,0
B0042,74,01711.csv,4,0.0880878488220017,1.7314706281853145,47,0.0765149902718176,0.1939822096858468,,0
B0042,75,01713.csv,4,0.0883425026815871,1.7314706281853145,47,0.0765149902718176,0.1939822096858468,,0
B0042,76,01715.csv,4,0.0746305533274507,1.7314706281853145,47,0.0765149902718176,0.1939822096858468,,0
B0042,77,01717.csv,4,0.0748569866512269,1.7314706281853145,47,0.0765149902718176,0.1939822096858468,,0
B0042,78,01721.csv,4,0.0752757364314176,1.7314706281853145,47,0.0791281546508097,0.1915612590522868,,0
B0042,79,01723.csv,4,0.0753235186048872,1.7314706281853145,47,0.0791281546508097,0.1915612590522868,,0
B0042,80,01725.csv,4,0.0755376530236719,1.7314706281853145,47,0.0791281546508097,0.1915612590522868,,0
B0042,81,01727.csv,4,0.0758428560612825,1.7314706281853145,47,0.0791281546508097,0.1915612590522868,,0
B0042,82,01729.csv,4,0.0759921803489148,1.7314706281853145,47,0.0791281546508097,0.1915612590522868,,0
B0042,83,01733.csv,4,0.0762165260959199,1.7314706281853145,47,0.0790503534240833,0.198004520349432,,0
B0042,84,01735.csv,4,0.0621692314155252,1.7314706281853145,47,0.0790503534240833,0.198004520349432,,0
B0042,85,01737.csv,4,0.0759822277461493,1.7314706281853145,47,0.0790503534240833,0.198004520349432,,0
B0042,86,01739.csv,4,0.0622701354894356,1.7314706281853145,47,0.0790503534240833,0.198004520349432,,0
B0042,87,01741.csv,4,0.0625944660879844,1.7314706281853145,47,0.0790503534240833,0.198004520349432,,0
B0042,88,01745.csv,4,1.4377344766079456,1.7314706281853145,47,0.0787123739973389,0.1893087271488929,83.0354528228283,0
B0042,89,01749.csv,4,1.5246019289244055,1.7314706281853145,47,0.078282632811948,0.1924214151240965,88.05242804045022,0
B0042,90,01751.csv,4,1.5215273965539478,1.7314706281853145,47,0.078282632811948,0.1924214151240965,87.87486035201186,0
B0042,91,01753.csv,4,1.5155323631175952,1.7314706281853145,47,0.078282632811948,0.1924214151240965,87.52862095650819,0
B0042,92,01755.csv,4,1.5044249661534554,1.7314706281853145,47,0.078282632811948,0.1924214151240965,86.88712021238175,0
B0042,93,01757.csv,4,1.5001507149498807,1.7314706281853145,47,0.078282632811948,0.1924214151240965,86.640263515306,0
B0042,94,01761.csv,4,1.489011227320312,1.7314706281853145,47,0.0772233628496216,0.2012540315013774,85.99690939492778,0
B0042,95,01763.csv,4,1.4810149357562843,1.7314706281853145,47,0.0772233628496216,0.2012540315013774,85.53508859162555,0
B0042,96,01765.csv,4,1.476262027748574,1.7314706281853145,47,0.0772233628496216,0.2012540315013774,85.26058737108268,0
B0042,97,01767.csv,4,1.466255102543896,1.7314706281853145,47,0.0772233628496216,0.2012540315013774,84.68264368311114,0
B0042,98,01769.csv,4,1.459328259381702,1.7314706281853145,47,0.0772233628496216,0.2012540315013774,84.28258820140461,0
B0042,99,01773.csv,4,1.445704157754381,1.7314706281853145,47,0.0778025182673027,0.196930633856397,83.49573675815489,0
B0042,100,01775.csv,4,1.4400686089389023,1.7314706281853145,47,0.0778025182673027,0.196930633856397,83.17025917142938,0
B0042,101,01777.csv,4,1.4290313659547842,1.7314706281853145,47,0.0778025182673027,0.196930633856397,82.53281012641231,0
B0042,102,01779.csv,4,1.414172188151386,1.7314706281853145,47,0.0778025182673027,0.196930633856397,81.6746276333618,0
B0042,103,01781.csv,4,1.415603079129078,1.7314706281853145,47,0.0778025182673027,0.196930633856397,81.75726784419759,0
B0042,104,01785.csv,4,1.3994410223300702,1.7314706281853145,47,0.0785474312309159,0.1946124383761916,80.82383839203607,0
B0042,105,01787.csv,4,1.395963528579491,1.7314706281853145,47,0.0785474312309159,0.1946124383761916,80.62299792186165,0
B0042,106,01789.csv,4,1.3929784652630588,1.7314706281853145,47,0.0785474312309159,0.1946124383761916,80.45059746251567,0
B0042,107,01791.csv,4,1.3740772023800918,1.7314706281853145,47,0.0785474312309159,0.1946124383761916,79.35896688124635,0
B0042,108,01793.csv,4,1.3752493030002435,1.7314706281853145,47,0.0785474312309159,0.1946124383761916,79.42666081731849,0
B0042,109,01797.csv,4,1.3671966130854505,1.7314706281853145,47,0.0790373338975149,0.209456772986416,78.9615827626458,0
B0042,110,01799.csv,4,1.356887600783644,1.7314706281853145,47,0.0790373338975149,0.209456772986416,78.36619222387526,0
B0042,111,01801.csv,4,1.3449320225969348,1.7314706281853145,47,0.0790373338975149,0.209456772986416,77.67570530529325,0
B0042,112,01803.csv,4,1.3374691704584258,1.7314706281853145,47,0.0790373338975149,0.209456772986416,77.24469296139166,0
B0044,1,03241.csv,22,1.686525555152074,1.686525555152074,97,0.0802491304054117,0.1445925073678542,100.0,96
B0044,2,03243.csv,22,1.6624606531639186,1.686525555152074,97,0.0802491304054117,0.1445925073678542,98.573107776835,95
B0044,3,03245.csv,22,1.6534010755700512,1.686525555152074,97,0.0802491304054117,0.1445925073678542,98.03593372891191,94
B0044,4,03247.csv,22,1.6452145903490936,1.686525555152074,97,0.0802491304054117,0.1445925073678542,97.55052838204664,93
B0044,5,03249.csv,22,1.635664062367341,1.686525555152074,97,0.0802491304054117,0.1445925073678542,96.9842441681741,92
B0044,6,03253.csv,22,0.0,1.686525555152074,97,0.0768616167394947,0.1223032998649249,,91
B0044,7,03255.csv,22,1.6267769765146465,1.686525555152074,97,0.0768616167394947,0.1223032998649249,96.45729775899898,90
B0044,8,03257.csv,22,1.6159715504743064,1.686525555152074,97,0.0768616167394947,0.1223032998649249,95.81660624932508,89
B0044,9,03259.csv,22,1.6076028386649623,1.686525555152074,97,0.0768616167394947,0.1223032998649249,95.32039605056592,88
B0044,10,03261.csv,22,1.6003360401431612,1.686525555152074,97,0.0768616167394947,0.1223032998649249,94.88952214535873,87
B0044,11,03265.csv,22,1.5978700914991917,1.686525555152074,97,0.0783938699950047,0.120028310566348,94.7433074238304,86
B0044,12,03267.csv,22,1.5900310265163515,1.686525555152074,97,0.0783938699950047,0.120028310566348,94.27850183823504,85
B0044,13,03269.csv,22,1.5816311155652092,1.686525555152074,97,0.0783938699950047,0.120028310566348,93.78044173321724,84
B0044,14,03271.csv,22,1.5714556311034702,1.686525555152074,97,0.0783938699950047,0.120028310566348,93.17710166341192,83
B0044,15,03273.csv,22,1.563220798569978,1.686525555152074,97,0.0783938699950047,0.120028310566348,92.68882963525698,82
B0044,16,03277.csv,22,1.5606775388245586,1.686525555152074,97,0.0750323805265269,0.126579917936989,92.53803086807258,81
B0044,17,03279.csv,22,1.5523886011314287,1.686525555152074,97,0.0750323805265269,0.126579917936989,92.04655075573106,80
B0044,18,03281.csv,22,1.5444592876561969,1.686525555152074,97,0.0750323805265269,0.126579917936989,91.57639402131284,79
B0044,19,03283.csv,22,1.536558134180655,1.686525555152074,97,0.0750323805265269,0.126579917936989,91.10790699178604,78
B0044,20,03285.csv,22,1.5307255867941072,1.686525555152074,97,0.0750323805265269,0.126579917936989,90.762074853712,77
B0044,21,03289.csv,22,1.545242808242328,1.686525555152074,97,0.0759165015493674,0.1254534625171989,91.62285169779082,76
B0044,22,03293.csv,22,1.5397144491816253,1.686525555152074,97,0.0775276445060415,0.1194606932723981,91.29505594967335,75
B0044,23,03295.csv,22,1.5305357077773765,1.686525555152074,97,0.0775276445060415,0.1194606932723981,90.75081626257172,74
B0044,24,03297.csv,22,1.5199735224097084,1.686525555152074,97,0.0775276445060415,0.1194606932723981,90.12454734328958,73
B0044,25,03299.csv,22,1.5136629526844203,1.686525555152074,97,0.0775276445060415,0.1194606932723981,89.75037158852498,72
B0044,26,03301.csv,22,1.501287000699295,1.686525555152074,97,0.0775276445060415,0.1194606932723981,89.01655810154173,71
B0044,27,03305.csv,22,1.5023814734911674,1.686525555152074,97,0.07727130580941,0.121076014639354,89.08145322207689,70
B0044,28,03307.csv,22,1.4980955154277502,1.686525555152074,97,0.07727130580941,0.121076014639354,88.82732377527876,69
B0044,29,03309.csv,22,1.4906542391377111,1.686525555152074,97,0.07727130580941,0.121076014639354,88.38610447283136,68
B0044,30,03311.csv,22,1.484397163943621,1.686525555152074,97,0.07727130580941,0.121076014639354,88.01510059595707,67
B0044,31,03313.csv,22,1.4725321936230114,1.686525555152074,97,0.07727130580941,0.121076014639354,87.31158499938847,66
B0044,32,03317.csv,22,1.4663149382113208,1.686525555152074,97,0.0791364589644549,0.1190942313307892,86.94294217671093,65
B0044,33,03319.csv,22,1.4671298468877776,1.686525555152074,97,0.0791364589644549,0.1190942313307892,86.99126096286673,64
B0044,34,03321.csv,22,1.4593858997633138,1.686525555152074,97,0.0791364589644549,0.1190942313307892,86.53209524783756,63
B0044,35,03323.csv,22,1.4467901368505207,1.686525555152074,97,0.0791364589644549,0.1190942313307892,85.7852484020062,62
B0044,36,03325.csv,22,1.4390669859638228,1.686525555152074,97,0.0791364589644549,0.1190942313307892,85.32731576866395,61
B0044,37,03329.csv,22,1.4389892550462602,1.686525555152074,97,0.0777204814999557,0.1256969602403172,85.32270683064192,60
B0044,38,03331.csv,22,1.4386198779578576,1.686525555152074,97,0.0777204814999557,0.1256969602403172,85.30080517090875,59
B0044,39,03333.csv,22,1.4313412096653504,1.686525555152074,97,0.0777204814999557,0.1256969602403172,84.86922746547333,58
B0044,40,03335.csv,22,1.422973037663468,1.686525555152074,97,0.0777204814999557,0.1256969602403172,84.37304927378693,57
B0044,41,03337.csv,22,1.4150153099745095,1.686525555152074,97,0.0777204814999557,0.1256969602403172,83.90120776123773,56
B0044,42,03341.csv,4,0.0572172710622218,1.686525555152074,97,0.0769989075127542,0.1252650896621177,,55
B0044,43,03345.csv,4,0.0573587470253984,1.686525555152074,97,0.0877271677318431,0.2368243607160147,,54
B0044,44,03347.csv,4,0.0574968754544523,1.686525555152074,97,0.0877271677318431,0.2368243607160147,,53
B0044,45,03349.csv,4,0.0576308880988852,1.686525555152074,97,0.0877271677318431,0.2368243607160147,,52
B0044,46,03351.csv,4,0.0551169133397871,1.686525555152074,97,0.0877271677318431,0.2368243607160147,,51
B0044,47,03354.csv,4,0.0674075526574801,1.686525555152074,97,0.0853574012443256,0.2365673620223707,,50
B0044,48,03356.csv,4,0.0675676530317139,1.686525555152074,97,0.0853574012443256,0.2365673620223707,,49
B0044,49,03358.csv,4,0.0556373104491564,1.686525555152074,97,0.0853574012443256,0.2365673620223707,,48
B0044,50,03360.csv,4,0.0682243327610682,1.686525555152074,97,0.0853574012443256,0.2365673620223707,,47
B0044,51,03362.csv,4,0.0560524534315144,1.686525555152074,97,0.0853574012443256,0.2365673620223707,,46
B0044,52,03366.csv,4,0.0686822013010505,1.686525555152074,97,0.0855439076731957,0.2265719007037673,,45
B0044,53,03368.csv,4,0.0687475535334652,1.686525555152074,97,0.0855439076731957,0.2265719007037673,,44
B0044,54,03370.csv,4,0.0565143989134748,1.686525555152074,97,0.0855439076731957,0.2265719007037673,,43
B0044,55,03372.csv,4,0.0567330718538736,1.686525555152074,97,0.0855439076731957,0.2265719007037673,,42
B0044,56,03374.csv,4,0.0694133756360175,1.686525555152074,97,0.0855439076731957,0.2265719007037673,,41
B0044,57,03378.csv,4,0.0593176644466495,1.686525555152074,97,0.0848053040488877,0.244816097133117,,40
B0044,58,03380.csv,4,0.0698170725362273,1.686525555152074,97,0.0848053040488877,0.244816097133117,,39
B0044,59,03382.csv,4,0.0574643508969407,1.686525555152074,97,0.0848053040488877,0.244816097133117,,38
B0044,60,03384.csv,4,0.0705377438399369,1.686525555152074,97,0.0848053040488877,0.244816097133117,,37
B0044,61,03386.csv,4,0.0580546605234449,1.686525555152074,97,0.0848053040488877,0.244816097133117,,36
B0044,62,03390.csv,4,0.0708399201529106,1.686525555152074,97,0.0872763634531949,0.211354006808051,,35
B0044,63,03392.csv,4,0.0581718361305258,1.686525555152074,97,0.0872763634531949,0.211354006808051,,34
B0044,64,03394.csv,4,0.0583051571279828,1.686525555152074,97,0.0872763634531949,0.211354006808051,,33
B0044,65,03396.csv,4,0.0584559266936776,1.686525555152074,97,0.0872763634531949,0.211354006808051,,32
B0044,66,03398.csv,4,0.058629861106387,1.686525555152074,97,0.0872763634531949,0.211354006808051,,31
B0044,67,03402.csv,4,0.0589003321838338,1.686525555152074,97,0.085812723216084,0.2293881143729977,,30
B0044,68,03406.csv,4,0.0590646770201104,1.686525555152074,97,0.0883036858881941,0.2166401359101405,,29
B0044,69,03408.csv,4,0.0724057998284407,1.686525555152074,97,0.0883036858881941,0.2166401359101405,,28
B0044,70,03410.csv,4,0.0725563284689165,1.686525555152074,97,0.0883036858881941,0.2166401359101405,,27
B0044,71,03412.csv,4,0.0595922298890959,1.686525555152074,97,0.0883036858881941,0.2166401359101405,,26
B0044,72,03414.csv,4,0.0732170902276858,1.686525555152074,97,0.0883036858881941,0.2166401359101405,,25
B0044,73,03418.csv,4,0.0598410084998697,1.686525555152074,97,0.0882194181016561,0.207645453619687,,24
B0044,74,03420.csv,4,0.0734434705697157,1.686525555152074,97,0.0882194181016561,0.207645453619687,,23
B0044,75,03422.csv,4,0.0737373960592326,1.686525555152074,97,0.0882194181016561,0.207645453619687,,22
B0044,76,03424.csv,4,0.0603231248972743,1.686525555152074,97,0.0882194181016561,0.207645453619687,,21
B0044,77,03426.csv,4,0.0740961197823434,1.686525555152074,97,0.0882194181016561,0.207645453619687,,20
B0044,78,03430.csv,4,0.0607171505329549,1.686525555152074,97,0.0859578058969941,0.2114825783154404,,19
B0044,79,03432.csv,4,0.0608284422939796,1.686525555152074,97,0.0859578058969941,0.2114825783154404,,18
B0044,80,03434.csv,4,0.0609288444479822,1.686525555152074,97,0.0859578058969941,0.2114825783154404,,17
B0044,81,03436.csv,4,0.0612203873656202,1.686525555152074,97,0.0859578058969941,0.2114825783154404,,16
B0044,82,03438.csv,4,0.061336775826916,1.686525555152074,97,0.0859578058969941,0.2114825783154404,,15
B0044,83,03442.csv,4,0.0615021959933087,1.686525555152074,97,0.0851450528939488,0.2156964199191051,,14
B0044,84,03444.csv,4,0.0615436456229027,1.686525555152074,97,0.0851450528939488,0.2156964199191051,,13
B0044,85,03446.csv,4,0.0613682829819075,1.686525555152074,97,0.0851450528939488,0.2156964199191051,,12
B0044,86,03448.csv,4,0.0616335088887399,1.686525555152074,97,0.0851450528939488,0.2156964199191051,,11
B0044,87,03450.csv,4,0.0619810308759487,1.686525555152074,97,0.0851450528939488,0.2156964199191051,,10
B0044,88,03454.csv,4,1.4779954511171076,1.686525555152074,97,0.0861128905186487,0.231556384626028,87.63552064788232,9
B0044,89,03458.csv,4,1.494119871447679,1.686525555152074,97,0.0846546520054471,0.2043531381988625,88.5915939360287,8
B0044,90,03460.csv,4,1.488007820113173,1.686525555152074,97,0.0846546520054471,0.2043531381988625,88.22918903111429,7
B0044,91,03462.csv,4,1.4748338592717107,1.686525555152074,97,0.0846546520054471,0.2043531381988625,87.44805880742939,6
B0044,92,03464.csv,4,1.4604378044785566,1.686525555152074,97,0.0846546520054471,0.2043531381988625,86.59446635819693,5
B0044,93,03466.csv,4,1.452380841576719,1.686525555152074,97,0.0846546520054471,0.2043531381988625,86.11674084272964,4
B0044,94,03470.csv,4,1.441102888364986,1.686525555152074,97,0.0845136629594813,0.2027478547713615,85.44803154406053,3
B0044,95,03472.csv,4,1.4300355978410688,1.686525555152074,97,0.0845136629594813,0.2027478547713615,84.79181317309613,2
B0044,96,03474.csv,4,1.413943296719903,1.686525555152074,97,0.0845136629594813,0.2027478547713615,83.83764434523543,1
B0044,97,03476.csv,4,1.3972667497450315,1.686525555152074,97,0.0845136629594813,0.2027478547713615,82.8488335368888,0
B0044,98,03478.csv,4,1.3865375876825874,1.686525555152074,97,0.0845136629594813,0.2027478547713615,82.2126639852524,0
B0044,99,03482.csv,4,1.3724753685724698,1.686525555152074,97,0.0848874721210119,0.2077787098651387,81.37886582149736,0
B0044,100,03484.csv,4,1.3598593948812812,1.686525555152074,97,0.0848874721210119,0.2077787098651387,80.63082060791321,0
B0044,101,03486.csv,4,1.3486733410392264,1.686525555152074,97,0.0848874721210119,0.2077787098651387,79.96756034435639,0
B0044,102,03488.csv,4,1.3334258933205057,1.686525555152074,97,0.0848874721210119,0.2077787098651387,79.06348583020852,0
B0044,103,03490.csv,4,1.3387793081075827,1.686525555152074,97,0.0848874721210119,0.2077787098651387,79.38090852034941,0
B0044,104,03494.csv,4,1.3153320403016997,1.686525555152074,97,0.086289455343448,0.2176103583287245,77.9906379884707,0
B0044,105,03496.csv,4,1.322963328110081,1.686525555152074,97,0.086289455343448,0.2176103583287245,78.44312373854243,0
B0044,106,03498.csv,4,1.3086991524155074,1.686525555152074,97,0.086289455343448,0.2176103583287245,77.59735086240671,0
B0044,107,03500.csv,4,1.2897499583900436,1.686525555152074,97,0.086289455343448,0.2176103583287245,76.47378686021433,0
B0044,108,03502.csv,4,1.2906172590904164,1.686525555152074,97,0.086289455343448,0.2176103583287245,76.52521215274686,0
B0044,109,03506.csv,4,1.2752011253442166,1.686525555152074,97,0.084693672840073,0.230488456454893,75.61113565392917,0
B0044,110,03508.csv,4,1.268607265737458,1.686525555152074,97,0.084693672840073,0.230488456454893,75.22016265108226,0
B0044,111,03510.csv,4,1.2565759973225976,1.686525555152074,97,0.084693672840073,0.230488456454893,74.50678665875847,0
B0044,112,03512.csv,4,1.2486254509320869,1.686525555152074,97,0.084693672840073,0.230488456454893,74.03537095051598,0
B0045,1,00185.csv,4,1.0819793880779518,1.0819793880779518,1,,,100.0,0
B0045,2,00189.csv,4,0.927952404748273,1.0819793880779518,1,0.065086717668146,0.2144103420624745,85.76433294137931,0
B0045,3,00191.csv,4,0.885193608411576,1.0819793880779518,1,0.065086717668146,0.2144103420624745,81.81242805226174,0
B0045,4,00193.csv,4,0.8581010699478283,1.0819793880779518,1,0.065086717668146,0.2144103420624745,79.30844888571998,0
B0045,5,00195.csv,4,0.8409352213456689,1.0819793880779518,1,0.065086717668146,0.2144103420624745,77.72192618562926,0
B0045,6,00197.csv,4,0.8245471942901911,1.0819793880779518,1,0.065086717668146,0.2144103420624745,76.20729224379514,0
B0045,7,00201.csv,4,0.7935960418803983,1.0819793880779518,1,0.0649676213639743,0.2113722499969527,73.34668761945244,0
B0045,8,00205.csv,4,0.8183676087159205,1.0819793880779518,1,0.065834534585151,0.2248199871981467,75.6361551553846,0
B0045,9,00207.csv,4,0.7977644276409412,1.0819793880779518,1,0.065834534585151,0.2248199871981467,73.73194318036916,0
B0045,10,00209.csv,4,0.7993777411831636,1.0819793880779518,1,0.065834534585151,0.2248199871981467,73.88105078445099,0
B0045,11,00211.csv,4,0.7783107440628891,1.0819793880779518,1,0.065834534585151,0.2248199871981467,71.93397144519497,0
B0045,12,00213.csv,4,0.7803738231239117,1.0819793880779518,1,0.065834534585151,0.2248199871981467,72.124647818863,0
B0045,13,00217.csv,4,0.7713058245640294,1.0819793880779518,1,0.0663305435341286,0.226688422968848,71.28655435240697,0
B0045,14,00221.csv,4,0.795279016979026,1.0819793880779518,1,0.0662571640532643,0.20403871987566,73.50223356766291,0
B0045,15,00223.csv,4,0.7824128169919247,1.0819793880779518,1,0.0662571640532643,0.20403871987566,72.31309816186214,0
B0045,16,00225.csv,4,0.7649414992231182,1.0819793880779518,1,0.0662571640532643,0.20403871987566,70.69834302314894,0
B0045,17,00227.csv,4,0.7544899426779375,1.0819793880779518,1,0.0662571640532643,0.20403871987566,69.73237669695607,0
B0045,18,00229.csv,4,0.7504048978314295,1.0819793880779518,1,0.0662571640532643,0.20403871987566,69.35482377020718,0
B0045,19,00233.csv,4,0.7407258109620256,1.0819793880779518,1,0.0677762743960447,0.2253467282921095,68.46025156522295,0
B0045,20,00235.csv,4,0.0,1.0819793880779518,1,0.0677762743960447,0.2253467282921095,,0
B0045,21,00237.csv,4,0.7308525593793626,1.0819793880779518,1,0.0677762743960447,0.2253467282921095,67.54773403564208,0
B0045,22,00239.csv,4,0.7287255851177903,1.0819793880779518,1,0.0677762743960447,0.2253467282921095,67.3511522629199,0
B0045,23,00241.csv,4,0.7161023377036263,1.0819793880779518,1,0.0677762743960447,0.2253467282921095,66.1844713119465,0
B0045,24,00245.csv,4,0.7129204834988017,1.0819793880779518,1,0.0698056336440426,0.2313917989646665,65.89039415669895,0
B0045,25,00247.csv,4,0.7141991829499618,1.0819793880779518,1,0.0698056336440426,0.2313917989646665,66.0085756549095,0
B0045,26,00249.csv,4,0.7190570819844222,1.0819793880779518,1,0.0698056336440426,0.2313917989646665,66.45755824071367,0
B0045,27,00251.csv,4,0.7173975428775917,1.0819793880779518,1,0.0698056336440426,0.2313917989646665,66.30417832191702,0
B0045,28,00253.csv,4,0.7071027496463946,1.0819793880779518,1,0.0698056336440426,0.2313917989646665,65.35270056322469,0
B0045,29,00257.csv,4,0.703531206505542,1.0819793880779518,1,0.0695030163003846,0.2267345841606366,65.02260710856127,0
B0045,30,00259.csv,4,0.6941108278958862,1.0819793880779518,1,0.0695030163003846,0.2267345841606366,64.15194554943578,0
B0045,31,00261.csv,4,0.6914114388869608,1.0819793880779518,1,0.0695030163003846,0.2267345841606366,63.90245937265006,0
B0045,32,00263.csv,4,0.6971551798505504,1.0819793880779518,1,0.0695030163003846,0.2267345841606366,64.4333143063834,0
B0045,33,00265.csv,4,0.6832460217432723,1.0819793880779518,1,0.0695030163003846,0.2267345841606366,63.1477853711246,0
B0045,34,00269.csv,4,0.6822029317493292,1.0819793880779518,1,0.0694793009922898,0.2233163378120357,63.05137965347076,0
B0045,35,00273.csv,4,0.7289529213213379,1.0819793880779518,1,0.0695340067217323,0.2235368973793861,67.37216340287807,0
B0045,36,00275.csv,4,0.7139321758287004,1.0819793880779518,1,0.0695340067217323,0.2235368973793861,65.98389800169325,0
B0045,37,00277.csv,4,0.6957731747455482,1.0819793880779518,1,0.0695340067217323,0.2235368973793861,64.3055849688165,0
B0045,38,00279.csv,4,0.7018312962317095,1.0819793880779518,1,0.0695340067217323,0.2235368973793861,64.86549595722481,0
B0045,39,00281.csv,4,0.6911808244378487,1.0819793880779518,1,0.0695340067217323,0.2235368973793861,63.88114524673849,0
B0045,40,00285.csv,4,0.6843279752855028,1.0819793880779518,1,0.0702885052840268,0.2247695414345832,63.247782982368605,0
B0045,41,00287.csv,4,0.6741394908812485,1.0819793880779518,1,0.0702885052840268,0.2247695414345832,62.306130625907976,0
B0045,42,00289.csv,4,0.6670070174301739,1.0819793880779518,1,0.0702885052840268,0.2247695414345832,61.64692458837479,0
B0045,43,00291.csv,4,0.6804085117374855,1.0819793880779518,1,0.0702885052840268,0.2247695414345832,62.88553360948731,0
B0045,44,00293.csv,4,0.6617864063235485,1.0819793880779518,1,0.0702885052840268,0.2247695414345832,61.164418991304274,0
B0045,45,00297.csv,4,0.6623168733492338,1.0819793880779518,1,0.0726562463919995,0.2175193036547894,61.21344645259701,0
B0045,46,00299.csv,4,0.6679358357181778,1.0819793880779518,1,0.0726562463919995,0.2175193036547894,61.73276894901958,0
B0045,47,00301.csv,4,0.6488990885270688,1.0819793880779518,1,0.0726562463919995,0.2175193036547894,59.97333180993264,0
B0045,48,00303.csv,4,0.6503639129625527,1.0819793880779518,1,0.0726562463919995,0.2175193036547894,60.10871557524503,0
B0045,49,00305.csv,4,0.6572077690202801,1.0819793880779518,1,0.0726562463919995,0.2175193036547894,60.74124666901059,0
B0045,50,00309.csv,4,0.6363517458476216,1.0819793880779518,1,0.0716877344637498,0.2494326006958125,58.81366621762071,0
B0045,51,00311.csv,4,0.6536449360948587,1.0819793880779518,1,0.0716877344637498,0.2494326006958125,60.41195824035112,0
B0045,52,00313.csv,4,0.6391428272150887,1.0819793880779518,1,0.0716877344637498,0.2494326006958125,59.07162689582044,0
B0045,53,00315.csv,4,0.6482206049496236,1.0819793880779518,1,0.0716877344637498,0.2494326006958125,59.910624184914894,0
B0045,54,00317.csv,4,0.6287957471922729,1.0819793880779518,1,0.0716877344637498,0.2494326006958125,58.11531662440237,0
B0045,55,00321.csv,4,0.6380571850193401,1.0819793880779518,1,0.0716378959549494,0.2435673721882546,58.97128836740565,0
B0045,56,00325.csv,4,0.6554825047832906,1.0819793880779518,1,0.0730922991159811,0.2405556600424316,60.58179222320509,0
B0045,57,00327.csv,4,0.6484934835397033,1.0819793880779518,1,0.0730922991159811,0.2405556600424316,59.93584449808227,0
B0045,58,00329.csv,4,0.6454071687844921,1.0819793880779518,1,0.0730922991159811,0.2405556600424316,59.650597404725545,0
B0045,59,00331.csv,4,0.6427008031845645,1.0819793880779518,1,0.0730922991159811,0.2405556600424316,59.4004664290574,0
B0045,60,00333.csv,4,0.6352454880802477,1.0819793880779518,1,0.0730922991159811,0.2405556600424316,58.711422332056586,0
B0045,61,00337.csv,4,0.6156760019587869,1.0819793880779518,1,0.0719619701337601,0.2371062702958198,56.90274775497204,0
B0045,62,00341.csv,4,0.6170833682807023,1.0819793880779518,1,0.0733904425683212,0.2523682559402184,57.03282105742334,0
B0045,63,00343.csv,4,0.6434227390858672,1.0819793880779518,1,0.0733904425683212,0.2523682559402184,59.46719005699871,0
B0045,64,00345.csv,4,0.6278124433742752,1.0819793880779518,1,0.0733904425683212,0.2523682559402184,58.02443653658993,0
B0045,65,00347.csv,4,0.6290078315253372,1.0819793880779518,1,0.0733904425683212,0.2523682559402184,58.13491813764755,0
B0045,66,00349.csv,4,0.0,1.0819793880779518,1,0.0733904425683212,0.2523682559402184,,0
B0045,67,00353.csv,4,0.6266355568292261,1.0819793880779518,1,0.0739103213992939,0.2501676896592772,57.91566491320995,0
B0045,68,00357.csv,4,0.6495813516716594,1.0819793880779518,1,0.0730330884492115,0.233874591829985,60.03638875464973,0
B0045,69,00359.csv,4,0.6337485177966306,1.0819793880779518,1,0.0730330884492115,0.233874591829985,58.57306754451517,0
B0045,70,00361.csv,4,0.6298550929085645,1.0819793880779518,1,0.0730330884492115,0.233874591829985,58.213224747973314,0
B0045,71,00363.csv,4,0.6183063778386736,1.0819793880779518,1,0.0730330884492115,0.233874591829985,57.1458555173629,0
B0045,72,00365.csv,4,0.6069476168507777,1.0819793880779518,1,0.0730330884492115,0.233874591829985,56.09604245132347,0
B0048,1,00369.csv,4,1.6579955793677608,1.6579955793677608,12,,,100.0,11
B0048,2,00373.csv,4,1.5076933476098775,1.6579955793677608,12,0.07486242670723,0.2118441290131373,90.93470250293444,10
B0048,3,00375.csv,4,1.4989223343608031,1.6579955793677608,12,0.07486242670723,0.2118441290131373,90.40568943690327,9
B0048,4,00377.csv,4,1.4782919502497789,1.6579955793677608,12,0.07486242670723,0.2118441290131373,89.16139274710805,8
B0048,5,00379.csv,4,1.461856891390611,1.6579955793677608,12,0.07486242670723,0.2118441290131373,88.17013203063286,7
B0048,6,00381.csv,4,1.4509592706473475,1.6579955793677608,12,0.07486242670723,0.2118441290131373,87.51285520318686,6
B0048,7,00385.csv,4,1.451746997147108,1.6579955793677608,12,0.0748964391390291,0.1979882209085581,87.56036597520355,5
B0048,8,00389.csv,4,1.444392866287476,1.6579955793677608,12,0.0757692694613932,0.2089565660584671,87.1168104584611,4
B0048,9,00391.csv,4,1.432738323965376,1.6579955793677608,12,0.0757692694613932,0.2089565660584671,86.41388082058207,3
B0048,10,00393.csv,4,1.417241201438662,1.6579955793677608,12,0.0757692694613932,0.2089565660584671,85.47919060068271,2
B0048,11,00395.csv,4,1.4057559944573452,1.6579955793677608,12,0.0757692694613932,0.2089565660584671,84.78647421927377,1
B0048,12,00397.csv,4,1.3902706269897065,1.6579955793677608,12,0.0757692694613932,0.2089565660584671,83.85249299155882,0
B0048,13,00401.csv,4,1.4196659307880326,1.6579955793677608,12,0.0753322025051574,0.1951976925684672,85.62543522156977,0
B0048,14,00405.csv,4,1.4190563985232272,1.6579955793677608,12,0.0764147145889461,0.1947071183478171,85.58867201952084,0
B0048,15,00407.csv,4,1.404272356704056,1.6579955793677608,12,0.0764147145889461,0.1947071183478171,84.69699040087572,0
B0048,16,00409.csv,4,1.3916140490958342,1.6579955793677608,12,0.0764147145889461,0.1947071183478171,83.93351987262203,0
B0048,17,00411.csv,4,1.3749618350294734,1.6579955793677608,12,0.0764147145889461,0.1947071183478171,82.92916170221541,0
B0048,18,00413.csv,4,1.3545155713071164,1.6579955793677608,12,0.0764147145889461,0.1947071183478171,81.69597001118846,0
B0048,19,00417.csv,4,1.3440223073315984,1.6579955793677608,12,0.0769489678768179,0.2163753560854461,81.06308147360146,0
B0048,20,00419.csv,4,0.0,1.6579955793677608,12,0.0769489678768179,0.2163753560854461,,0
B0048,21,00421.csv,4,1.372384475860572,1.6579955793677608,12,0.0769489678768179,0.2163753560854461,82.7737113981872,0
B0048,22,00423.csv,4,1.318410575267441,1.6579955793677608,12,0.0769489678768179,0.2163753560854461,79.51834080101634,0
B0048,23,00425.csv,4,1.3112727599578604,1.6579955793677608,12,0.0769489678768179,0.2163753560854461,79.08783209529936,0
B0048,24,00429.csv,4,1.2970172419001187,1.6579955793677608,12,0.0812010538637714,0.2112378461682464,78.22802774870527,0
B0048,25,00431.csv,4,1.2995219526631718,1.6579955793677608,12,0.0812010538637714,0.2112378461682464,78.3790963519164,0
B0048,26,00433.csv,4,1.2826154066729571,1.6579955793677608,12,0.0812010538637714,0.2112378461682464,77.35939845883387,0
B0048,27,00435.csv,4,1.2752890152407,1.6579955793677608,12,0.0812010538637714,0.2112378461682464,76.91751601213574,0
B0048,28,00437.csv,4,1.2735572473264072,1.6579955793677608,12,0.0812010538637714,0.2112378461682464,76.81306652289445,0
B0048,29,00441.csv,4,1.2594114333938535,1.6579955793677608,12,0.078869566389857,0.2137082907420026,75.9598788480547,0
B0048,30,00443.csv,4,1.2631632585495876,1.6579955793677608,12,0.078869566389857,0.2137082907420026,76.18616564896189,0
B0048,31,00445.csv,4,1.2491717310136363,1.6579955793677608,12,0.078869566389857,0.2137082907420026,75.3422835717077,0
B0048,32,00447.csv,4,1.233984347835307,1.6579955793677608,12,0.078869566389857,0.2137082907420026,74.4262749063456,0
B0048,33,00449.csv,4,1.240031992028868,1.6579955793677608,12,0.078869566389857,0.2137082907420026,74.79103125846248,0
B0048,34,00453.csv,4,1.30370857198071,1.6579955793677608,12,0.0799826707857191,0.2047737934078979,78.63160723732749,0
B0048,35,00457.csv,4,1.315055963470538,1.6579955793677608,12,0.0788327823664273,0.2102307097728051,79.31601144389089,0
B0048,36,00459.csv,4,1.2888738300982074,1.6579955793677608,12,0.0788327823664273,0.2102307097728051,77.73686770562382,0
B0048,37,00461.csv,4,1.2877137595885193,1.6579955793677608,12,0.0788327823664273,0.2102307097728051,77.66689945455462,0
B0048,38,00463.csv,4,1.2673379985315465,1.6579955793677608,12,0.0788327823664273,0.2102307097728051,76.4379600466014,0
B0048,39,00465.csv,4,1.250594345697306,1.6579955793677608,12,0.0788327823664273,0.2102307097728051,75.42808685739632,0
B0048,40,00469.csv,4,1.2487131179395878,1.6579955793677608,12,0.0786066163448657,0.2154982225647067,75.31462287829238,0
B0048,41,00471.csv,4,1.248002326082933,1.6579955793677608,12,0.0786066163448657,0.2154982225647067,75.27175232631383,0
B0048,42,00473.csv,4,1.2300895244599586,1.6579955793677608,12,0.0786066163448657,0.2154982225647067,74.19136334060828,0
B0048,43,00475.csv,4,1.2244197121500937,1.6579955793677608,12,0.0786066163448657,0.2154982225647067,73.84939546201917,0
B0048,44,00477.csv,4,1.2186682845116386,1.6579955793677608,12,0.0786066163448657,0.2154982225647067,73.50250505350263,0
B0048,45,00481.csv,4,1.2037865236033616,1.6579955793677608,12,0.0792768393252681,0.2195434787289041,72.60492962607286,0
B0048,46,00483.csv,4,1.1947642300832226,1.6579955793677608,12,0.0792768393252681,0.2195434787289041,72.06076089411644,0
B0048,47,00485.csv,4,1.2052091893871495,1.6579955793677608,12,0.0792768393252681,0.2195434787289041,72.69073599380337,0
B0048,48,00487.csv,4,1.1955746593628465,1.6579955793677608,12,0.0792768393252681,0.2195434787289041,72.10964095686865,0
B0048,49,00489.csv,4,1.1888497102149884,1.6579955793677608,12,0.0792768393252681,0.2195434787289041,71.70403377482644,0
B0048,50,00493.csv,4,1.1915605250807406,1.6579955793677608,12,0.0806396651057525,0.2364909564116417,71.8675332979546,0
B0048,51,00495.csv,4,1.1726587153109655,1.6579955793677608,12,0.0806396651057525,0.2364909564116417,70.72749348090134,0
B0048,52,00497.csv,4,1.1841133872494156,1.6579955793677608,12,0.0806396651057525,0.2364909564116417,71.41836817809553,0
B0048,53,00499.csv,4,1.1576825122317769,1.6579955793677608,12,0.0806396651057525,0.2364909564116417,69.82422188804827,0
B0048,54,00501.csv,4,0.0,1.6579955793677608,12,0.0806396651057525,0.2364909564116417,,0
B0048,55,00505.csv,4,1.259355851168598,1.6579955793677608,12,0.0790627076320204,0.2339661720435051,75.95652647329885,0
B0048,56,00509.csv,4,1.265883375278026,1.6579955793677608,12,0.0803691215820104,0.2302661311627608,76.35022620269845,0
B0048,57,00511.csv,4,1.247259867318412,1.6579955793677608,12,0.0803691215820104,0.2302661311627608,75.22697182305073,0
B0048,58,00513.csv,4,1.232808747256218,1.6579955793677608,12,0.0803691215820104,0.2302661311627608,74.3553699779056,0
B0048,59,00515.csv,4,1.2319592783041904,1.6579955793677608,12,0.0803691215820104,0.2302661311627608,74.3041352844843,0
B0048,60,00517.csv,4,1.220785786262778,1.6579955793677608,12,0.0803691215820104,0.2302661311627608,73.63021961302799,0
B0048,61,00521.csv,4,1.2275441303266783,1.6579955793677608,12,0.0787772881088217,0.2372169286680659,74.03784096907994,0
B0048,62,00525.csv,4,1.2386788414290355,1.6579955793677608,12,0.0799177529548652,0.2320164334146056,74.70941761505647,0
B0048,63,00527.csv,4,1.2283577755407058,1.6579955793677608,12,0.0799177529548652,0.2320164334146056,74.08691499702988,0
B0048,64,00529.csv,4,1.2095481507570451,1.6579955793677608,12,0.0799177529548652,0.2320164334146056,72.95243520602625,0
B0048,65,00531.csv,4,1.2082142070681048,1.6579955793677608,12,0.0799177529548652,0.2320164334146056,72.87198000424283,0
B0048,66,00533.csv,4,0.0,1.6579955793677608,12,0.0799177529548652,0.2320164334146056,,0
B0048,67,00537.csv,4,1.2998734542832149,1.6579955793677608,12,0.0816525770705254,0.2331287026955529,78.40029674740703,0
B0048,68,00541.csv,4,1.2691220651743778,1.6579955793677608,12,0.0800508246084786,0.2193824296361437,76.54556387046152,0
B0048,69,00543.csv,4,1.2555144634690785,1.6579955793677608,12,0.0800508246084786,0.2193824296361437,75.7248378157824,0
B0048,70,00545.csv,4,1.2519876926897655,1.6579955793677608,12,0.0800508246084786,0.2193824296361437,75.512124897654,0
B0048,71,00547.csv,4,1.2374982003019996,1.6579955793677608,12,0.0800508246084786,0.2193824296361437,74.63820867205759,0
B0048,72,00549.csv,4,1.2231273969878986,1.6579955793677608,12,0.0800508246084786,0.2193824296361437,73.77145103452632,0
B0049,1,04257.csv,4,0.8583727215167135,2.378643730568756,1,,,36.08664511147571,0
B0049,2,04261.csv,4,1.4209057149417377,2.378643730568756,1,0.0433385417036897,0.1579440267453546,59.73596199721703,0
B0049,3,04263.csv,4,1.372852133389263,2.378643730568756,1,0.0433385417036897,0.1579440267453546,57.7157527100959,0
B0049,4,04265.csv,4,1.3643742487429145,2.378643730568756,1,0.0433385417036897,0.1579440267453546,57.3593359614506,0
B0049,5,04267.csv,4,2.378643730568756,2.378643730568756,1,0.0433385417036897,0.1579440267453546,100.0,0
B0049,6,04271.csv,4,1.0605357965671216,2.378643730568756,1,0.0638173707029388,0.1426082664508583,44.58573526324338,0
B0049,7,04273.csv,4,1.0069932376659496,2.378643730568756,1,0.0638173707029388,0.1426082664508583,42.33476517415107,0
B0049,8,04275.csv,4,0.9298775334359536,2.378643730568756,1,0.0638173707029388,0.1426082664508583,39.09276204274657,0
B0049,9,04277.csv,4,0.9232377029483808,2.378643730568756,1,0.0638173707029388,0.1426082664508583,38.81361849542832,0
B0049,10,04279.csv,4,0.9053279121173716,2.378643730568756,1,0.0638173707029388,0.1426082664508583,38.060677203681074,0
B0049,11,04283.csv,4,0.8595848360639872,2.378643730568756,1,0.0638173707029388,0.1426082664508583,36.13760333324287,0
B0049,12,04285.csv,4,0.8369614294820705,2.378643730568756,1,0.0638173707029388,0.1426082664508583,35.18649803356408,0
B0049,13,04287.csv,4,0.8456824187653132,2.378643730568756,1,0.0638173707029388,0.1426082664508583,35.553135086905286,0
B0049,14,04289.csv,4,0.8071214007577537,2.378643730568756,1,0.0638173707029388,0.1426082664508583,33.93200042466063,0
B0049,15,04291.csv,4,0.7820744360746734,2.378643730568756,1,0.0638173707029388,0.1426082664508583,32.879006890522106,0
B0049,16,04295.csv,4,0.7953019444133349,2.378643730568756,1,0.0638173707029388,0.1426082664508583,33.43510144846999,0
B0049,17,04297.csv,4,0.0,2.378643730568756,1,0.0638173707029388,0.1426082664508583,,0
B0049,18,04299.csv,4,0.7752051154719997,2.378643730568756,1,0.0638173707029388,0.1426082664508583,32.59021540340725,0
B0049,19,04301.csv,4,0.7711865903845158,2.378643730568756,1,0.0638173707029388,0.1426082664508583,32.42127353809802,0
B0049,20,04303.csv,4,0.7585098914517947,2.378643730568756,1,0.0638173707029388,0.1426082664508583,31.888335428459808,0
B0049,21,04307.csv,4,0.7349386490499009,2.378643730568756,1,0.0759166394673117,0.1068216779814283,30.897382386649813,0
B0049,22,04309.csv,4,0.7366758033690756,2.378643730568756,1,0.0759166394673117,0.1068216779814283,30.97041368162056,0
B0049,23,04311.csv,4,0.7093946599203638,2.378643730568756,1,0.0759166394673117,0.1068216779814283,29.823493564996426,0
B0049,24,04313.csv,4,0.7186465009220309,2.378643730568756,1,0.0759166394673117,0.1068216779814283,30.212448030214084,0
B0049,25,04315.csv,4,0.6913885231046639,2.378643730568756,1,0.0759166394673117,0.1068216779814283,29.06650181443299,0
B0050,1,04319.csv,4,0.8631448527758341,1.648789607776492,1,,,52.350211858737104,0
B0050,2,04323.csv,4,1.648789607776492,1.648789607776492,1,0.0761757019999664,0.1650538224128641,100.0,0
B0050,3,04325.csv,4,1.601636485397804,1.648789607776492,1,0.0761757019999664,0.1650538224128641,97.14013709473356,0
B0050,4,04327.csv,4,1.5517564797427017,1.648789607776492,1,0.0761757019999664,0.1650538224128641,94.1148872132542,0
B0050,5,04329.csv,4,0.0325584171083419,1.648789607776492,1,0.0761757019999664,0.1650538224128641,,0
B0050,6,04333.csv,4,2.6401491157387014,1.648789607776492,1,-4986.050426740892,1862.2309458669624,100.0,0
B0050,7,04335.csv,4,1.359027658891632,1.648789607776492,1,-4986.050426740892,1862.2309458669624,82.42577782403515,0
B0050,8,04337.csv,4,1.3742172692238257,1.648789607776492,1,-4986.050426740892,1862.2309458669624,83.34703607678931,0
B0050,9,04339.csv,4,1.3528030430821978,1.648789607776492,1,-4986.050426740892,1862.2309458669624,82.04825143861424,0
B0050,10,04341.csv,4,1.3607406193458431,1.648789607776492,1,-4986.050426740892,1862.2309458669624,82.5296698212998,0
B0050,11,04345.csv,4,0.5268786924650971,1.648789607776492,1,0.102682232070076,0.1690229975991349,31.95548358505424,0
B0050,12,04347.csv,4,1.4002714246164416,1.648789607776492,1,0.102682232070076,0.1690229975991349,84.92723498571813,0
B0050,13,04349.csv,4,1.4289274755270829,1.648789607776492,1,0.102682232070076,0.1690229975991349,86.66524029430846,0
B0050,14,04351.csv,4,0.076583541740148,1.648789607776492,1,0.102682232070076,0.1690229975991349,,0
B0050,15,04353.csv,4,0.5736933387569048,1.648789607776492,1,0.102682232070076,0.1690229975991349,34.794817728780465,0
B0050,16,04357.csv,4,0.3014742035427856,1.648789607776492,1,0.1080963797632516,0.1913368939378321,18.28457688724425,0
B0050,17,04359.csv,4,0.0,1.648789607776492,1,0.1080963797632516,0.1913368939378321,,0
B0050,18,04361.csv,4,0.1795654263232146,1.648789607776492,1,0.1080963797632516,0.1913368939378321,10.890742243661466,0
B0050,19,04363.csv,4,1.179168781562907,1.648789607776492,1,0.1080963797632516,0.1913368939378321,71.51723761487668,0
B0050,20,04365.csv,4,0.0961913170505672,1.648789607776492,1,0.1080963797632516,0.1913368939378321,,0
B0050,21,04369.csv,4,0.2780851770910449,1.648789607776492,1,0.1115873080193426,0.1874779473862687,16.866019519983645,0
B0050,22,04371.csv,4,,1.648789607776492,1,0.1115873080193426,0.1874779473862687,,0
B0050,23,04373.csv,4,,1.648789607776492,1,0.1115873080193426,0.1874779473862687,,0
B0050,24,04375.csv,4,,1.648789607776492,1,0.1115873080193426,0.1874779473862687,,0
B0050,25,04377.csv,4,,1.648789607776492,1,0.1115873080193426,0.1874779473862687,,0
B0051,1,04443.csv,4,0.6434735598158292,2.330873478782131,1,,,27.60654173953881,0
B0051,2,04447.csv,4,1.293180461998278,2.330873478782131,1,0.0638844452297328,0.1650552657421569,55.48050864922784,0
B0051,3,04449.csv,4,1.2288940261191657,2.330873478782131,1,0.0638844452297328,0.1650552657421569,52.722468092144425,0
B0051,4,04451.csv,4,1.2039031789717949,2.330873478782131,1,0.0638844452297328,0.1650552657421569,51.65030148272261,0
B0051,5,04453.csv,4,2.330873478782131,2.330873478782131,1,0.0638844452297328,0.1650552657421569,100.0,0
B0051,6,04457.csv,4,1.0092808819126011,2.330873478782131,1,0.0793182123358629,0.1850923141282679,43.30054338427434,0
B0051,7,04459.csv,4,0.9565659895125322,2.330873478782131,1,0.0793182123358629,0.1850923141282679,41.03894948482287,0
B0051,8,04461.csv,4,0.901956291365404,2.330873478782131,1,0.0793182123358629,0.1850923141282679,38.69606392521449,0
B0051,9,04463.csv,4,0.8897906666138162,2.330873478782131,1,0.0793182123358629,0.1850923141282679,38.17412977210274,0
B0051,10,04465.csv,4,0.8830717036634559,2.330873478782131,1,0.0793182123358629,0.1850923141282679,37.885870327241285,0
B0051,11,04469.csv,4,0.8431270354481757,2.330873478782131,1,0.0752560606873869,0.1902290927957217,36.17214933041776,0
B0051,12,04471.csv,4,0.826559103449663,2.330873478782131,1,0.0752560606873869,0.1902290927957217,35.46134575616416,0
B0051,13,04473.csv,4,0.8352681546837963,2.330873478782131,1,0.0752560606873869,0.1902290927957217,35.83498470797392,0
B0051,14,04475.csv,4,0.8025719464987874,2.330873478782131,1,0.0752560606873869,0.1902290927957217,34.432239836463665,0
B0051,15,04477.csv,4,0.7839218784699513,2.330873478782131,1,0.0752560606873869,0.1902290927957217,33.63210768863981,0
B0051,16,04481.csv,4,0.7910763493036002,2.330873478782131,1,0.0781802277846298,0.1646760292726133,33.93905145451882,0
B0051,17,04483.csv,4,0.0,2.330873478782131,1,0.0781802277846298,0.1646760292726133,,0
B0051,18,04485.csv,4,0.7654538269480236,2.330873478782131,1,0.0781802277846298,0.1646760292726133,32.839784480621795,0
B0051,19,04487.csv,4,0.773177347633947,2.330873478782131,1,0.0781802277846298,0.1646760292726133,33.171141834688,0
B0051,20,04489.csv,4,0.7605293776416485,2.330873478782131,1,0.0781802277846298,0.1646760292726133,32.628513926848626,0
B0051,21,04493.csv,4,0.7376430319247004,2.330873478782131,1,0.0822217340232647,0.1594446953812804,31.64663541970176,0
B0051,22,04495.csv,4,0.739179500257907,2.330873478782131,1,0.0822217340232647,0.1594446953812804,31.7125535549928,0
B0051,23,04497.csv,4,0.7014575429842594,2.330873478782131,1,0.0822217340232647,0.1594446953812804,30.09419212881376,0
B0051,24,04499.csv,4,0.7047349480541781,2.330873478782131,1,0.0822217340232647,0.1594446953812804,30.23480057881127,0
B0051,25,04501.csv,4,0.677848893570423,2.330873478782131,1,0.0822217340232647,0.1594446953812804,29.081325080098104,0
B0052,1,04381.csv,4,0.8606591508342232,1.4183095114360322,1,,,60.6820404075842,0
B0052,2,04385.csv,4,1.4183095114360322,1.4183095114360322,1,0.072504594632496,0.173360961064253,100.0,0
B0052,3,04387.csv,4,1.3707123028693164,1.4183095114360322,1,0.072504594632496,0.173360961064253,96.64408874206,0
B0052,4,04389.csv,4,1.3515647352626494,1.4183095114360322,1,0.072504594632496,0.173360961064253,95.29406130078026,0
B0052,5,04391.csv,4,,1.4183095114360322,1,0.072504594632496,0.173360961064253,,0
B0052,6,04395.csv,4,,1.4183095114360322,1,-1132.4980536723524,58358.57546583202,,0
B0052,7,04397.csv,4,,1.4183095114360322,1,-1132.4980536723524,58358.57546583202,,0
B0052,8,04399.csv,4,,1.4183095114360322,1,-1132.4980536723524,58358.57546583202,,0
B0052,9,04401.csv,4,,1.4183095114360322,1,-1132.4980536723524,58358.57546583202,,0
B0052,10,04403.csv,4,,1.4183095114360322,1,-1132.4980536723524,58358.57546583202,,0
B0052,11,04407.csv,4,,1.4183095114360322,1,-5756.374362090784,2179.0503088778023,,0
B0052,12,04409.csv,4,,1.4183095114360322,1,-5756.374362090784,2179.0503088778023,,0
B0052,13,04411.csv,4,,1.4183095114360322,1,-5756.374362090784,2179.0503088778023,,0
B0052,14,04413.csv,4,,1.4183095114360322,1,-5756.374362090784,2179.0503088778023,,0
B0052,15,04415.csv,4,,1.4183095114360322,1,-5756.374362090784,2179.0503088778023,,0
B0052,16,04419.csv,4,,1.4183095114360322,1,-7997.932807178092,1148.3462586736832,,0
B0052,17,04421.csv,4,,1.4183095114360322,1,-7997.932807178092,1148.3462586736832,,0
B0052,18,04423.csv,4,,1.4183095114360322,1,-7997.932807178092,1148.3462586736832,,0
B0052,19,04425.csv,4,,1.4183095114360322,1,-7997.932807178092,1148.3462586736832,,0
B0052,20,04427.csv,4,,1.4183095114360322,1,-7997.932807178092,1148.3462586736832,,0
B0052,21,04431.csv,4,,1.4183095114360322,1,448.2291202648121,39358.51455443919,,0
B0052,22,04433.csv,4,,1.4183095114360322,1,448.2291202648121,39358.51455443919,,0
B0052,23,04435.csv,4,,1.4183095114360322,1,448.2291202648121,39358.51455443919,,0
B0052,24,04437.csv,4,,1.4183095114360322,1,448.2291202648121,39358.51455443919,,0
B0052,25,04439.csv,4,,1.4183095114360322,1,448.2291202648121,39358.51455443919,,0
B0053,1,06672.csv,4,1.06914178861943,1.1540727934432229,1,,,92.64075842474394,0
B0053,2,06676.csv,4,1.1540727934432229,1.1540727934432229,1,0.0996980829489472,0.1678926795728959,100.0,0
B0053,3,06678.csv,4,1.1501525413826983,1.1540727934432229,1,0.0996980829489472,0.1678926795728959,99.66031154336214,0
B0053,4,06680.csv,4,1.1305863853936766,1.1540727934432229,1,0.0996980829489472,0.1678926795728959,97.96491103654964,0
B0053,5,06682.csv,4,1.121790272357562,1.1540727934432229,1,0.0996980829489472,0.1678926795728959,97.2027309482494,0
B0053,6,06684.csv,4,1.1135982401443856,1.1540727934432229,1,0.0996980829489472,0.1678926795728959,96.49289424993027,0
B0053,7,06688.csv,4,1.0864654057095062,1.1540727934432229,1,0.0997211625758571,0.1685832323391912,94.14184372789802,0
B0053,8,06690.csv,4,1.0647493568993147,1.1540727934432229,1,0.0997211625758571,0.1685832323391912,92.26015576734912,0
B0053,9,06692.csv,4,1.0809288094959644,1.1540727934432229,1,0.0997211625758571,0.1685832323391912,93.66209962120062,0
B0053,10,06694.csv,4,1.0852752041846463,1.1540727934432229,1,0.0997211625758571,0.1685832323391912,94.03871318607936,0
B0053,11,06696.csv,4,1.0504799933740894,1.1540727934432229,1,0.0997211625758571,0.1685832323391912,91.0237204570034,0
B0053,12,06700.csv,4,1.0853550177054303,1.1540727934432229,1,0.1005922423642111,0.1637383357163175,94.04562899946976,0
B0053,13,06702.csv,4,1.0508395690790722,1.1540727934432229,1,0.1005922423642111,0.1637383357163175,91.05487756485878,0
B0053,14,06704.csv,4,1.060906788333118,1.1540727934432229,1,0.1005922423642111,0.1637383357163175,91.92719855806146,0
B0053,15,06706.csv,4,1.070582461063814,1.1540727934432229,1,0.1005922423642111,0.1637383357163175,92.7655921832875,0
B0053,16,06708.csv,4,1.024036665663697,1.1540727934432229,1,0.1005922423642111,0.1637383357163175,88.73241544915396,0
B0053,17,06712.csv,4,1.0670957253433857,1.1540727934432229,1,0.0994015439552692,0.166904876534016,92.46346776442606,0
B0053,18,06714.csv,4,1.0279237850447498,1.1540727934432229,1,0.0994015439552692,0.166904876534016,89.06923297081613,0
B0053,19,06716.csv,4,1.0325426399701008,1.1540727934432229,1,0.0994015439552692,0.166904876534016,89.469455118985,0
B0053,20,06718.csv,4,1.055948784653705,1.1540727934432229,1,0.0994015439552692,0.166904876534016,91.49758929012086,0
B0053,21,06720.csv,4,1.0445313831308718,1.1540727934432229,1,0.0994015439552692,0.166904876534016,90.50827548013416,0
B0053,22,06724.csv,4,1.035313906812183,1.1540727934432229,1,0.1014664503272224,0.1650786182762299,89.70958441220004,0
B0053,23,06728.csv,4,1.076341053101982,1.1540727934432229,1,0.1011177165294839,0.1670114106313426,93.26457214979264,0
B0053,24,06730.csv,4,1.0352223140423542,1.1540727934432229,1,0.1011177165294839,0.1670114106313426,89.70164793103964,0
B0053,25,06732.csv,4,1.0514287056908256,1.1540727934432229,1,0.1011177165294839,0.1670114106313426,91.1059260442182,0
B0053,26,06734.csv,4,1.060332934638968,1.1540727934432229,1,0.1011177165294839,0.1670114106313426,91.87747433811536,0
B0053,27,06736.csv,4,1.0236966462748538,1.1540727934432229,1,0.1011177165294839,0.1670114106313426,88.70295288918591,0
B0053,28,06740.csv,4,1.0465884668750889,1.1540727934432229,1,0.1021762818092291,0.1658215071854956,90.6865210601274,0
B0053,29,06742.csv,4,1.0031121684812232,1.1540727934432229,1,0.1021762818092291,0.1658215071854956,86.91931515761648,0
B0053,30,06744.csv,4,1.0461578935615607,1.1540727934432229,1,0.1021762818092291,0.1658215071854956,90.6492120345638,0
B0053,31,06746.csv,4,1.0156263513525603,1.1540727934432229,1,0.1021762818092291,0.1658215071854956,88.00366468413124,0
B0053,32,06748.csv,4,1.0250054893129452,1.1540727934432229,1,0.1021762818092291,0.1658215071854956,88.81636367622876,0
B0053,33,06752.csv,4,0.9801331625592912,1.1540727934432229,1,0.1019045384887791,0.1710377846083801,84.92819240933878,0
B0053,34,06754.csv,4,1.036777776420363,1.1540727934432229,1,0.1019045384887791,0.1710377846083801,89.83642819679463,0
B0053,35,06756.csv,4,1.026830062058722,1.1540727934432229,1,0.1019045384887791,0.1710377846083801,88.97446226031661,0
B0053,36,06758.csv,4,1.0150379662805102,1.1540727934432229,1,0.1019045384887791,0.1710377846083801,87.95268132542172,0
B0053,37,06760.csv,4,0.9904614739486176,1.1540727934432229,1,0.1019045384887791,0.1710377846083801,85.82313694386086,0
B0053,38,06764.csv,4,1.0145765174582757,1.1540727934432229,1,0.1021725584755827,0.1638124856960519,87.91269694793216,0
B0053,39,06766.csv,4,0.9811308944080388,1.1540727934432229,1,0.1021725584755827,0.1638124856960519,85.01464552169149,0
B0053,40,06768.csv,4,1.0041687429386437,1.1540727934432229,1,0.1021725584755827,0.1638124856960519,87.01086696123089,0
B0053,41,06770.csv,4,1.007820487960787,1.1540727934432229,1,0.1021725584755827,0.1638124856960519,87.32728937781418,0
B0053,42,06772.csv,4,0.982454133084564,1.1540727934432229,1,0.1021725584755827,0.1638124856960519,85.12930368572093,0
B0053,43,06776.csv,4,1.1096775355538029,1.1540727934432229,1,0.1004089202755683,0.1667393739054837,96.15316658172272,0
B0053,44,06780.csv,4,1.1136801589914762,1.1540727934432229,1,0.1027718376726618,0.1672444723442067,96.4999924891017,0
B0053,45,06782.csv,4,1.0385009100572404,1.1540727934432229,1,0.1027718376726618,0.1672444723442067,89.98573711791879,0
B0053,46,06784.csv,4,1.0768815902180078,1.1540727934432229,1,0.1027718376726618,0.1672444723442067,93.3114095000098,0
B0053,47,06786.csv,4,1.0721705505837382,1.1540727934432229,1,0.1027718376726618,0.1672444723442067,92.90319957936744,0
B0053,48,06788.csv,4,1.0124588999851116,1.1540727934432229,1,0.1027718376726618,0.1672444723442067,87.72920614170269,0
B0053,49,06792.csv,4,1.0279944857549583,1.1540727934432229,1,0.1014554230700909,0.1711389079529937,89.0753591623883,0
B0053,50,06794.csv,4,1.0304147279049998,1.1540727934432229,1,0.1014554230700909,0.1711389079529937,89.28507228999963,0
B0053,51,06796.csv,4,1.0556163273995052,1.1540727934432229,1,0.1014554230700909,0.1711389079529937,91.46878198644916,0
B0053,52,06798.csv,4,1.0011115418162628,1.1540727934432229,1,0.1014554230700909,0.1711389079529937,86.74596156360346,0
B0053,53,06800.csv,4,1.0466839215498662,1.1540727934432229,1,0.1014554230700909,0.1711389079529937,90.69479217398778,0
B0053,54,06804.csv,4,1.047181656018543,1.1540727934432229,1,0.1019507489324868,0.1658850218902032,90.73792068992756,0
B0053,55,06806.csv,4,1.0102740078425778,1.1540727934432229,1,0.1019507489324868,0.1658850218902032,87.53988600912984,0
B0053,56,06808.csv,4,0.0,1.1540727934432229,1,0.1019507489324868,0.1658850218902032,,0
B0055,1,07314.csv,4,0.7989997927037011,1.319892156462878,1,,,60.53523303334919,0
B0055,2,07318.csv,4,1.319892156462878,1.319892156462878,1,0.0961908583965746,0.2017671893861614,100.0,0
B0055,3,07320.csv,4,1.2769832801132015,1.319892156462878,1,0.0961908583965746,0.2017671893861614,96.74906194876812,0
B0055,4,07322.csv,4,1.2572591312230863,1.319892156462878,1,0.0961908583965746,0.2017671893861614,95.2546861549932,0
B0055,5,07324.csv,4,1.206763751299412,1.319892156462878,1,0.0961908583965746,0.2017671893861614,91.4289660250248,0
B0055,6,07326.csv,4,1.2077322536103197,1.319892156462878,1,0.0961908583965746,0.2017671893861614,91.50234340712116,0
B0055,7,07330.csv,4,1.2009614290093835,1.319892156462878,1,0.0959763432768074,0.1840796258694923,90.98936023892954,0
B0055,8,07332.csv,4,1.189059086549973,1.319892156462878,1,0.0959763432768074,0.1840796258694923,90.0875939543789,0
B0055,9,07334.csv,4,1.169708782604433,1.319892156462878,1,0.0959763432768074,0.1840796258694923,88.62154206136697,0
B0055,10,07336.csv,4,1.1483647194613424,1.319892156462878,1,0.0959763432768074,0.1840796258694923,87.00443546378784,0
B0055,11,07338.csv,4,1.1527726060972296,1.319892156462878,1,0.0959763432768074,0.1840796258694923,87.33839355379573,0
B0055,12,07342.csv,4,1.1318370471727228,1.319892156462878,1,0.0978518208220766,0.1796663621748983,85.75223677409252,0
B0055,13,07344.csv,4,1.1326525803383347,1.319892156462878,1,0.0978518208220766,0.1796663621748983,85.81402463771597,0
B0055,14,07346.csv,4,1.1160565716574584,1.319892156462878,1,0.0978518208220766,0.1796663621748983,84.55664852561365,0
B0055,15,07348.csv,4,1.0984641825068853,1.319892156462878,1,0.0978518208220766,0.1796663621748983,83.22378287712627,0
B0055,16,07350.csv,4,1.092569410309668,1.319892156462878,1,0.0978518208220766,0.1796663621748983,82.77717273793016,0
B0055,17,07354.csv,4,1.109167680712031,1.319892156462878,1,0.097531103850855,0.1713255438972697,84.03472020656912,0
B0055,18,07356.csv,4,1.107503502890571,1.319892156462878,1,0.097531103850855,0.1713255438972697,83.90863582813628,0
B0055,19,07358.csv,4,1.106751675424531,1.319892156462878,1,0.097531103850855,0.1713255438972697,83.85167454820453,0
B0055,20,07360.csv,4,1.0726694124582823,1.319892156462878,1,0.097531103850855,0.1713255438972697,81.26947396466714,0
B0055,21,07362.csv,4,1.0776844021506693,1.319892156462878,1,0.097531103850855,0.1713255438972697,81.64942846836132,0
B0055,22,07366.csv,4,1.1981714734535909,1.319892156462878,1,0.0975919890866962,0.1632732966555418,90.7779827000805,0
B0055,23,07370.csv,4,1.162538155268093,1.319892156462878,1,0.0984142673170484,0.1704903849366,88.07826833243169,0
B0055,24,07372.csv,4,1.1556827465844224,1.319892156462878,1,0.0984142673170484,0.1704903849366,87.55887675561968,0
B0055,25,07374.csv,4,1.137444098422356,1.319892156462878,1,0.0984142673170484,0.1704903849366,86.17704809084881,0
B0055,26,07376.csv,4,1.1126375352125493,1.319892156462878,1,0.0984142673170484,0.1704903849366,84.29760944971886,0
B0055,27,07378.csv,4,1.098656067845981,1.319892156462878,1,0.0984142673170484,0.1704903849366,83.23832083298547,0
B0055,28,07382.csv,4,1.098530275888464,1.319892156462878,1,0.1001161409222528,0.1667195684592821,83.22879036059794,0
B0055,29,07384.csv,4,1.1029370400968537,1.319892156462878,1,0.1001161409222528,0.1667195684592821,83.56266341127194,0
B0055,30,07386.csv,4,1.0949644922735318,1.319892156462878,1,0.1001161409222528,0.1667195684592821,82.95863316650656,0
B0055,31,07388.csv,4,1.0890679714830998,1.319892156462878,1,0.1001161409222528,0.1667195684592821,82.51189054730395,0
B0055,32,07390.csv,4,1.073323391636053,1.319892156462878,1,0.1001161409222528,0.1667195684592821,81.31902188981908,0
B0055,33,07394.csv,4,1.095373856745309,1.319892156462878,1,0.0959148476411232,0.1606795896891386,82.9896481604038,0
B0055,34,07396.csv,4,1.0639517466243125,1.319892156462878,1,0.0959148476411232,0.1606795896891386,80.60899077357583,0
B0055,35,07398.csv,4,1.085798072407703,1.319892156462878,1,0.0959148476411232,0.1606795896891386,82.26415068011967,0
B0055,36,07400.csv,4,1.0588748965507555,1.319892156462878,1,0.0959148476411232,0.1606795896891386,80.22434949446087,0
B0055,37,07402.csv,4,1.0813260035191288,1.319892156462878,1,0.0959148476411232,0.1606795896891386,81.92532990096157,0
B0055,38,07406.csv,4,1.061601862588323,1.319892156462878,1,0.0973463150121152,0.1621587836501836,80.4309547102139,0
B0055,39,07408.csv,4,1.0593920670581127,1.319892156462878,1,0.0973463150121152,0.1621587836501836,80.26353227957136,0
B0055,40,07410.csv,4,1.0742513141424723,1.319892156462878,1,0.0973463150121152,0.1621587836501836,81.38932479311886,0
B0055,41,07412.csv,4,1.04056147341315,1.319892156462878,1,0.0973463150121152,0.1621587836501836,78.83685559596823,0
B0055,42,07414.csv,4,1.0575656535324895,1.319892156462878,1,0.0973463150121152,0.1621587836501836,80.12515631327139,0
B0055,43,07418.csv,4,1.0983528970914622,1.319892156462878,1,0.0957513027495029,0.1613095878772497,83.21535147499404,0
B0055,44,07422.csv,4,1.109758993739737,1.319892156462878,1,0.0982934825737443,0.1591460762969972,84.07952030821458,0
B0055,45,07424.csv,4,1.0793315779206871,1.319892156462878,1,0.0982934825737443,0.1591460762969972,81.77422470735345,0
B0055,46,07426.csv,4,1.0716159094756148,1.319892156462878,1,0.0982934825737443,0.1591460762969972,81.18965661159712,0
B0055,47,07428.csv,4,1.0746464211019795,1.319892156462878,1,0.0982934825737443,0.1591460762969972,81.419259584198,0
B0055,48,07430.csv,4,1.08643683065179,1.319892156462878,1,0.0982934825737443,0.1591460762969972,82.31254541001934,0
B0055,49,07434.csv,4,1.1340138347387958,1.319892156462878,1,0.0960595078437481,0.1541064904497954,85.9171583970762,0
B0055,50,07436.csv,4,1.1176964717951587,1.319892156462878,1,0.0960595078437481,0.1541064904497954,84.68089353530407,0
B0055,51,07438.csv,4,1.1046468529644289,1.319892156462878,1,0.0960595078437481,0.1541064904497954,83.6922052726432,0
B0055,52,07440.csv,4,1.089700148407426,1.319892156462878,1,0.0960595078437481,0.1541064904497954,82.55978665163572,0
B0055,53,07442.csv,4,1.075533547538172,1.319892156462878,1,0.0960595078437481,0.1541064904497954,81.48647162359445,0
B0055,54,07446.csv,4,1.0609866776144368,1.319892156462878,1,0.0980537839894344,0.1570535339827561,80.38434598003288,0
B0055,55,07448.csv,4,1.0518218041615568,1.319892156462878,1,0.0980537839894344,0.1570535339827561,79.68998065571422,0
B0055,56,07450.csv,4,1.0553857898132757,1.319892156462878,1,0.0980537839894344,0.1570535339827561,79.96000162934209,0
B0055,57,07452.csv,4,1.0533102333691788,1.319892156462878,1,0.0980537839894344,0.1570535339827561,79.80274965735833,0
B0055,58,07454.csv,4,1.0315365260084348,1.319892156462878,1,0.0980537839894344,0.1570535339827561,78.15309159596833,0
B0055,59,07458.csv,4,1.0533401053259417,1.319892156462878,1,0.0945385434995231,0.1599802865899194,79.80501286928944,0
B0055,60,07460.csv,4,1.0317876798810788,1.319892156462878,1,0.0945385434995231,0.1599802865899194,78.17211995911256,0
B0055,61,07462.csv,4,1.0354207912157296,1.319892156462878,1,0.0945385434995231,0.1599802865899194,78.44737815478115,0
B0055,62,07464.csv,4,1.0322251791310608,1.319892156462878,1,0.0945385434995231,0.1599802865899194,78.2052665497518,0
B0055,63,07466.csv,4,1.011543397303472,1.319892156462878,1,0.0945385434995231,0.1599802865899194,76.6383368785419,0
B0055,64,07470.csv,4,1.0413760568150228,1.319892156462878,1,0.0953261246934921,0.1564819179161687,78.89857150191433,0
B0055,65,07472.csv,4,1.02174193386881,1.319892156462878,1,0.0953261246934921,0.1564819179161687,77.4110164126539,0
B0055,66,07474.csv,4,1.0133135547969283,1.319892156462878,1,0.0953261246934921,0.1564819179161687,76.77245067600549,0
B0055,67,07476.csv,4,1.029994255962691,1.319892156462878,1,0.0953261246934921,0.1564819179161687,78.03624340968341,0
B0055,68,07478.csv,4,1.0189349807814327,1.319892156462878,1,0.0953261246934921,0.1564819179161687,77.1983510768056,0
B0055,69,07482.csv,4,1.0290879520854015,1.319892156462878,1,0.0955986501310135,0.1574347424641926,77.9675784151343,0
B0055,70,07486.csv,4,1.0567629241900045,1.319892156462878,1,0.0953317195752566,0.1527808323572457,80.0643385155025,0
B0055,71,07488.csv,4,1.0291668536316647,1.319892156462878,1,0.0953317195752566,0.1527808323572457,77.97355629339327,0
B0055,72,07490.csv,4,1.032129844490102,1.319892156462878,1,0.0953317195752566,0.1527808323572457,78.1980436383577,0
B0055,73,07492.csv,4,1.0409230283951276,1.319892156462878,1,0.0953317195752566,0.1527808323572457,78.86424836288536,0
B0055,74,07494.csv,4,1.011161098766987,1.319892156462878,1,0.0953317195752566,0.1527808323572457,76.60937250182272,0
B0055,75,07498.csv,4,1.0337876112911784,1.319892156462878,1,0.0970492370316739,0.1578826080591113,78.32364229374474,0
B0055,76,07500.csv,4,1.003994224020383,1.319892156462878,1,0.0970492370316739,0.1578826080591113,76.06638308321672,0
B0055,77,07502.csv,4,1.0334195479955004,1.319892156462878,1,0.0970492370316739,0.1578826080591113,78.29575643247375,0
B0055,78,07504.csv,4,1.009893656411646,1.319892156462878,1,0.0970492370316739,0.1578826080591113,76.5133462962623,0
B0055,79,07506.csv,4,1.0126262447940628,1.319892156462878,1,0.0970492370316739,0.1578826080591113,76.72037748203279,0
B0055,80,07510.csv,4,0.9948742055727694,1.319892156462878,1,0.0967383381331187,0.1514956779140662,75.37541614300443,0
B0055,81,07512.csv,4,1.0240799556179332,1.319892156462878,1,0.0967383381331187,0.1514956779140662,77.58815374449385,0
B0055,82,07514.csv,4,1.0208889510043029,1.319892156462878,1,0.0967383381331187,0.1514956779140662,77.34639121882041,0
B0055,83,07516.csv,4,1.016100815944114,1.319892156462878,1,0.0967383381331187,0.1514956779140662,76.98362407631232,0
B0055,84,07518.csv,4,0.9987875345106276,1.319892156462878,1,0.0967383381331187,0.1514956779140662,75.671904679488,0
B0055,85,07522.csv,4,1.0158868294923784,1.319892156462878,1,0.0957668537291583,0.1571078100358343,76.96741165693489,0
B0055,86,07524.csv,4,0.9963437517762594,1.319892156462878,1,0.0957668537291583,0.1571078100358343,75.48675449714906,0
B0055,87,07526.csv,4,1.0053777381419529,1.319892156462878,1,0.0957668537291583,0.1571078100358343,76.17120332287004,0
B0055,88,07528.csv,4,1.009132291002791,1.319892156462878,1,0.0957668537291583,0.1571078100358343,76.4556623858665,0
B0055,89,07530.csv,4,0.9984581240784204,1.319892156462878,1,0.0957668537291583,0.1571078100358343,75.64694730470595,0
B0055,90,07534.csv,4,1.0892389324114138,1.319892156462878,1,0.094272851252728,0.1543495432705305,82.52484319100873,0
B0055,91,07538.csv,4,1.0793936031703524,1.319892156462878,1,0.0974710990124724,0.1576091210071961,81.77892397383228,0
B0055,92,07540.csv,4,1.032614295314224,1.319892156462878,1,0.0974710990124724,0.1576091210071961,78.23474745705607,0
B0055,93,07542.csv,4,1.0498572649026638,1.319892156462878,1,0.0974710990124724,0.1576091210071961,79.54113976373122,0
B0055,94,07544.csv,4,1.0453902697248565,1.319892156462878,1,0.0974710990124724,0.1576091210071961,79.20270338800654,0
B0055,95,07546.csv,4,1.0001607736713514,1.319892156462878,1,0.0974710990124724,0.1576091210071961,75.77594644941591,0
B0055,96,07550.csv,4,1.0084094786878155,1.319892156462878,1,0.0977872215415929,0.1508852414965815,76.40089940303974,0
B0055,97,07552.csv,4,1.003655158082039,1.319892156462878,1,0.0977872215415929,0.1508852414965815,76.04069417093068,0
B0055,98,07554.csv,4,1.028526967659532,1.319892156462878,1,0.0977872215415929,0.1508852414965815,77.92507612257027,0
B0055,99,07556.csv,4,0.9816844358987022,1.319892156462878,1,0.0977872215415929,0.1508852414965815,74.376109524696,0
B0055,100,07558.csv,4,1.0127121434171131,1.319892156462878,1,0.0977872215415929,0.1508852414965815,76.72688548517756,0
B0055,101,07562.csv,4,1.0201379996149256,1.319892156462878,1,0.0968087979207628,0.1548973820370723,77.2894963137556,0
B0055,102,07564.csv,4,0.9907591663373164,1.319892156462878,1,0.0968087979207628,0.1548973820370723,75.0636452748086,0
