battery_id,cycle_number,filename,capacity,reference_capacity,soh_target,rul_target,ambient_temperature,Re,Rct,voltage_mean,voltage_min,voltage_max,voltage_std,current_mean,current_min,current_max,current_std,temperature_mean,temperature_min,temperature_max,temperature_std,discharge_duration,voltage_drop,temperature_range,temperature_rate,voltage_mean_last_10pct
B0005,1,05122.csv,1.8564874208181568,1.8564874208181568,100.0,124,24,,,3.52982866886934,2.612467347907089,4.191491807505295,0.2365582361664671,-1.8187019641679727,-2.0180146876333027,0.0007285852728454,0.5950584036965106,32.572328114029,24.325993424022467,38.98218133148803,3.495804364444764,3690.234,1.5790244595982057,14.65618790746556,0.0039716147830911,3.147319680663075
B0005,2,05124.csv,1.846327249719927,1.8564874208181568,99.45272071416716,123,24,,,3.5373201277859714,2.587208728940726,4.189773213846608,0.2353661208702503,-1.817559850661287,-2.016820542901454,0.0029274033590803,0.5967037718608691,32.72523522519307,24.685948163596,39.03339796678704,3.4355094885337065,3672.344,1.6025644849058818,14.347449803191044,0.0039068915665828,3.1570732181754493
B0005,3,05126.csv,1.835349194223408,1.8564874208181568,98.8613859508171,122,24,,,3.5437367282719,2.65191689384378,4.188186735991303,0.228111087522163,-1.816486541884096,-2.016573862170142,0.001483676365228,0.598033410427442,32.64286193755933,24.7342661639544,38.81879668981741,3.388173834611566,3651.641,1.5362698421475236,14.084530525863013,0.0038570414029919,3.1890097726140567
B0005,4,05128.csv,1.8352625275821128,1.8564874208181568,98.85671763794176,121,24,,,3.5436661072601456,2.592947964776547,4.188461118855572,0.2333465027689954,-1.8255891938692528,-2.0159359571668354,0.0015470119527235,0.5849720920767387,32.51487646204882,24.65224374129252,38.7623045063458,3.395305825857119,3631.563,1.5955131540790246,14.11006076505328,0.0038853961132034,3.149943650615725
B0005,5,05130.csv,1.8346455082120416,1.8564874208181568,98.82348178817772,120,24,,,3.5423432526672167,2.547419651124539,4.188298524761055,0.2373009622577081,-1.8261139590277584,-2.017425579158831,0.0017014548245034,0.5849781734923365,32.38234901543077,24.518700434435164,38.66539257343368,3.404666943380702,3629.172,1.640878873636516,14.146692138998514,0.0038980495107419,3.1349231538407447
B0005,6,05132.csv,1.8356616600675493,1.8564874208181568,98.87821697485946,119,24,,,3.541334734634757,2.5209480504077413,4.188815807948604,0.2399322616711474,-1.8168108743168805,-2.0162347618032066,0.0024899497555445,0.5982374845560281,32.43418218230641,24.51442664842638,38.75169504640032,3.426121786903716,3652.281,1.6678677575408627,14.237268397973942,0.0038981853800334,3.146902942181649
B0005,7,05134.csv,1.8351461429226603,1.8564874208181568,98.8504485591348,118,24,,,3.541025049507521,2.487927319492314,4.18839163793879,0.2431395702465373,-1.816791144707133,-2.01583310669507,0.0023142958827398,0.598027293280686,32.480416444757985,24.575581239008407,38.8207012322275,3.4283444842023894,3650.828,1.700464318446476,14.245119993219092,0.003901887460384,3.134012666021508
B0005,8,05136.csv,1.8257567905665533,1.8564874208181568,98.3446895515155,117,24,,,3.554133296801584,2.665204904745877,4.188927891511958,0.2279099167513015,-1.844341212075406,-2.0166395518034546,0.0022276160569156,0.5588480400785013,32.41046186109587,24.71132429046902,38.51713023385634,3.3604246400026705,3572.453,1.523722986766081,13.805805943387323,0.0038645171660445,3.1473347389804616
B0005,9,05138.csv,1.8247738529891333,1.8564874208181568,98.29174345738107,116,24,,,3.5529355991467955,2.603858472633368,4.189029250882121,0.2330679954907623,-1.853972745505648,-2.018357230695621,0.0054010283210214,0.5439173113548029,32.3461408313,24.628487294051176,38.526267904657,3.3813142741426034,3550.594,1.5851707782487532,13.89778061060582,0.0039142128361073,3.112184805267264
B0005,10,05140.csv,1.824613268496936,1.8564874208181568,98.28309354731994,115,24,,,3.5512057319377,2.552853984885676,4.189223427076418,0.2373541416710242,-1.853589933851096,-2.016071837814984,0.0030191479674457,0.5437675433297863,32.27679750791685,24.561560340089137,38.52698128472781,3.3932601951659325,3551.25,1.636369442190742,13.965420944638671,0.0039325366968359,3.0957818545792057
B0005,11,05142.csv,1.8246195526864504,1.8564874208181568,98.2834320462208,114,24,,,3.549292319740949,2.472448301852732,4.188916055911241,0.2437430225146571,-1.863380178294828,-2.0160713863396573,0.0026264001899385,0.5281400480827111,32.15709350345252,24.43128509546442,38.54143406601644,3.428338024143619,3530.25,1.7164677540585087,14.110148970552022,0.0039969262716668,3.0597989757525115
B0005,12,05145.csv,1.814201935767392,1.8564874208181568,97.72228539894284,113,24,,,3.559759220648976,2.64956413267546,4.189876247266316,0.2294762470979779,-1.8729688102878943,-2.016851865845563,0.0023645237017673,0.5130716590837109,32.36407129853099,24.74037188089418,38.52197451768004,3.372628957375283,3491.016,1.5403121145908556,13.781602636785864,0.0039477340226415,3.113432312950684
B0005,13,05147.csv,1.8137521577549047,1.8564874208181568,97.69805803238792,112,24,,,3.558081969139198,2.5724981777366227,4.189286794768804,0.235240978233635,-1.8826095043160835,-2.016393908986775,0.001858378552761,0.4956165132448094,32.3181954403762,24.73310769931152,38.582485834057856,3.3830347534459797,3470.281,1.616788617032181,13.849378134746338,0.003990852076459,3.083754920977084
B0005,14,05149.csv,1.8134404914735824,1.8564874208181568,97.6812700769282,111,24,,,3.555692244172496,2.5249886697730286,4.188837765892728,0.2385534552786928,-1.8825367876363652,-2.0158117255163046,0.0022664654273509,0.4956211462224087,32.15709029211502,24.44798340505406,38.52029413487392,3.4352703228831944,3470.0,1.6638490961196997,14.07231072981986,0.0040554209596022,3.07020967821665
B0005,15,05151.csv,1.8025980036306504,1.8564874208181568,97.0972376875165,110,24,,,3.562746818017503,2.694621861688723,4.189110301768517,0.2245337571832233,-1.8817935155260213,-2.0193509920362724,0.0013199464372558,0.4967589302069122,32.044070003146096,24.46309712112356,38.21358592965045,3.369577367933261,3450.297,1.494488440079794,13.750488808526889,0.0039853058471566,3.1307365869751216
B0005,16,05153.csv,1.80210690024615,1.8564874208181568,97.0707843230071,109,24,,,3.5614521756489204,2.64010141737067,4.18921207304098,0.2285918114151638,-1.8921861285036712,-2.0164420273602586,0.0030782527761262,0.4783175942794847,31.93159367491153,24.32051139249706,38.1983618706913,3.3944813682353794,3429.407,1.5491106556703098,13.87785047819424,0.0040467201700452,3.109355949078082
B0005,17,05155.csv,1.802579500826209,1.8564874208181568,97.0962410309147,108,24,,,3.5603420474985823,2.573903509838096,4.188899969428112,0.2336151721811594,-1.9027629207037409,-2.016465255161054,0.00090184864654,0.4583670956269601,31.941655359029298,24.357321702352365,38.31926916027133,3.410138436875302,3409.484,1.6149964595900164,13.961947457918969,0.0040950324031199,3.087099567720024
B0005,18,05157.csv,1.8030683142834096,1.8564874208181568,97.1225710481138,107,24,,,3.5591189041401865,2.4942396831720126,4.188779799856791,0.239395023298654,-1.913347060582244,-2.0181069603406625,-0.0004481239748701,0.4370967010164596,31.965008645476725,24.382419922756025,38.4787542519308,3.42421539021763,3390.422,1.6945401166847782,14.096334329174775,0.0041576931512286,3.0647029434641797
B0005,19,05159.csv,1.802777624719604,1.8564874208181568,97.1069130069902,106,24,,,3.557886771846508,2.4556793246645583,4.189272591516219,0.2421163852190815,-1.9131602105481536,-2.0170254305215485,0.0023375587090041,0.437393752193808,31.966241678512723,24.355030419469987,38.54659017774874,3.4428404616047628,3390.281,1.7335932668516607,14.191559758278752,0.0041859538363571,3.055406280460227
B0005,20,05162.csv,1.8470259949329195,1.8564874208181568,99.4903587398902,105,24,0.0446687003661609,0.0694562730453699,3.5520375235511907,2.632142800798914,4.187614060563439,0.2347778294843276,-1.8553455745575973,-2.01684718332263,0.0059551658046401,0.5414698544768106,32.37143341978575,24.54942444728521,38.44749852224995,3.367045402578324,3591.734,1.5554712597645248,13.89807407496474,0.0038694608439725,3.088696824617145
B0005,21,05166.csv,1.847417311283644,1.8564874208181568,99.51143705942724,104,24,0.044843430573346,0.0679720560130687,3.5525668436897124,2.5027764692056795,4.187628781108399,0.2448173475304705,-1.8746995273150973,-2.016190951623346,0.0016182635202416,0.5092300236214019,32.70024990461686,24.917503693363493,38.992275791716615,3.423475752251563,3552.297,1.68485231190272,14.074772098353122,0.0039621608492626,3.034490502289135
B0005,22,05170.csv,1.8361774213478947,1.8564874208181568,98.9059985409806,103,24,0.04510114851143,0.0685283289600032,3.55679403832704,2.617507742871704,4.187447226312926,0.2337389126892703,-1.8738272127883848,-2.016760348146938,0.0025192157843694,0.5103730187309344,32.32266411829938,24.56596639952811,38.51424197364312,3.404198992305272,3531.578,1.5699394834412224,13.948275574115003,0.0039495872876416,3.082181011470585
B0005,23,05174.csv,1.825780747577624,1.8564874208181568,98.34597999985368,102,24,0.0441720755771717,0.0680444951699617,3.5614100044534203,2.694074478000972,4.187344026387161,0.2254499468391753,-1.883193546754683,-2.0160230713598764,0.0037933120349866,0.4943730360583862,31.98795810666763,24.21658146702539,38.165816144899125,3.4134139076577568,3492.907,1.493269548386189,13.949234677873736,0.0039935889154431,3.114681318043272
B0005,24,05178.csv,1.8251136435078368,1.8564874208181568,98.310046329509,101,24,0.0437866281960759,0.0684502122707276,3.556610794781798,2.6237674644021887,4.187438187636325,0.23129045070961,-1.873239184822504,-2.01719076462715,0.0034388887386759,0.5118130466075484,31.894456524691385,24.05499065781757,38.16526203587147,3.44564206028333,3511.594,1.5636707232341367,14.110271378053902,0.0040181955482478,3.09626734290306
B0005,25,05182.csv,1.825581504220376,1.8564874208181568,98.33524772367376,100,24,0.0446393219887852,0.0683410113732366,3.5586742170266272,2.5010798299873738,4.18774138117799,0.2391092244793281,-1.9139593751505897,-2.016114862565665,0.0012614422239159,0.4348648966308472,31.78039681801023,24.024851602995685,38.27549578575718,3.4543490512089248,3431.9370000000054,1.686661551190617,14.250644182761494,0.0041523618244628,3.0567211912308503
B0005,26,05186.csv,1.814031127508391,1.8564874208181568,97.71308478400272,99,24,0.0435587857754753,0.0686823765587221,3.564103182686904,2.68499881852498,4.188261122540052,0.2243233017803933,-1.9030532722310995,-2.016863630474281,0.0031353992245556,0.4573362383960382,31.688747146342205,23.93622764909489,37.98216079918311,3.432535498835743,3431.125,1.5032623040150717,14.045933150088224,0.0040936815621955,3.1185939717368902
B0005,27,05190.csv,1.8147691941158937,1.8564874208181568,97.75284086310276,98,24,0.0452654781826178,0.0681437253042456,3.559588063594272,2.547109116468133,4.187338767288234,0.234632555802405,-1.9134590742247917,-2.024643671910137,0.0011043615738374,0.4360661995802954,31.596747992569156,23.811534187517506,38.11100191887773,3.47063541983783,3412.406,1.640229650820101,14.299467731360227,0.0041904356431679,3.076111681480134
B0005,28,05194.csv,1.813969388710352,1.8564874208181568,97.7097592135008,97,24,0.0444837157774346,0.0678255571971684,3.556833231052199,2.471314764334132,4.187560306288175,0.2401290130965145,-1.9136209099025527,-2.017291134571006,-3.060676830687782e-05,0.4361071320744154,31.56558649878708,23.754765330883423,38.18831137948753,3.489822310500097,3410.688,1.7162455419540428,14.433546048604107,0.004231857633593,3.0563271722808736
B0005,29,05198.csv,1.802765665167823,1.8564874208181568,97.10626880376824,96,24,0.0444141648591004,0.0688580524121343,3.5624410850948944,2.6613903306108773,4.18805176248713,0.2253102623843757,-1.902581974571906,-2.01713712589233,0.0037901043107805,0.4586111812467354,31.59124667045208,23.79410930748377,37.99854111908584,3.46465231316726,3410.718,1.5266614318762528,14.204431811602074,0.0041646456293373,3.117887501588968
B0005,30,05202.csv,1.804077040117352,1.8564874208181568,97.1769062309236,95,24,0.0445354459002964,0.0677943469911627,3.5591407106855666,2.541762355407921,4.187667484260542,0.2343829081837709,-1.9130621638638965,-2.015946028510057,0.0006901740069088,0.4374122485698811,31.603485399391182,23.80130098691845,38.194201649765226,3.492189073621994,3392.719,1.645905128852621,14.392900662846776,0.004242290818322,3.0816027019880257
B0005,31,05206.csv,1.8518025516704488,1.8564874208181568,99.74764875349152,94,24,0.045021352455558,0.0694040818553967,3.5573161327793144,2.628919415830567,4.2010701773378685,0.2247833797121463,-1.920618117118412,-2.0167372379007014,0.0008475435827522,0.4210961516440683,31.91556385491565,23.78129749955371,38.45796400011448,3.5124329149973468,3470.672,1.5721507615073014,14.67666650056077,0.0042287679448132,3.106006275782067
B0005,32,05210.csv,1.8307038456739428,1.8564874208181568,98.6111634878274,93,24,0.0464625160005063,0.0699377430233672,3.561870782772737,2.6312552691827045,4.1996223345495824,0.2235720445769139,-1.9298830859597569,-2.0183057226929555,0.0011650883880798,0.3998423776454544,32.081128118597164,24.2036410699716,38.49126351534004,3.3961568803744853,3414.109,1.568367065366878,14.287622445368438,0.0041848758915923,3.117495450265018
B0005,33,05214.csv,1.8199041089501269,1.8564874208181568,98.0294338944722,92,24,0.0477238545111998,0.0695041754421432,3.5617586337260088,2.654880745360911,4.199853323702163,0.2213510620234656,-1.929300528480541,-2.016579511976592,0.0019472390588109,0.4008377365876798,31.849792632896243,24.00078927251757,38.31473393357882,3.3849959023295284,3395.219,1.5449725783412518,14.313944661061251,0.0042159120401544,3.1233185649328
B0005,34,05218.csv,1.809307963702852,1.8564874208181568,97.4586707894572,91,24,0.0469402296332379,0.069661211991841,3.5597307651083123,2.6749688422803803,4.199103467081427,0.2192753243650964,-1.923330987770314,-2.0193879194408373,0.0018372947715281,0.4140883105105742,31.465690433362017,23.53999092882516,37.861934640176806,3.4211588441551437,3386.0,1.5241346248010466,14.321943711351649,0.0042297530157565,3.133048311773509
B0005,35,05222.csv,1.80460990458052,1.8564874208181568,97.20560906279805,90,24,0.0470279824320801,0.0711294674960708,3.5575937553540915,2.6159705726789904,4.199998536865001,0.2239537871103155,-1.9284469980320087,-2.015814483813837,0.0074961910680886,0.4025003826410406,31.40934895665032,23.56609574757256,37.90665575786083,3.40239559793214,3368.187,1.5840279641860109,14.340560010288272,0.0042576495931752,3.1158777631542764
B0005,36,05226.csv,1.7993770651972192,1.8564874208181568,96.92374130950108,89,24,0.0477553802626716,0.0716707961231252,3.5597237883937995,2.658447162110498,4.19967522099872,0.2209801800385344,-1.9231439161693824,-2.019901495893039,0.0013923748862999,0.4150774096349069,31.90224747551808,23.9730227457941,38.34003238560517,3.436739888008232,3368.266,1.5412280588882217,14.36700963981107,0.0042654023286198,3.1305213851940987
B0005,37,05230.csv,1.7884432335370462,1.8564874208181568,96.33478867036312,88,24,0.0470229394468384,0.0697669618355563,3.559061771422033,2.697942608427116,4.1991847248803165,0.2177151433764468,-1.917014964043808,-2.016522387288751,0.0025753372180031,0.427886714229778,31.649024294808623,23.755161868961988,38.0745950590744,3.43441537775388,3358.719,1.5012421164532004,14.31943319011241,0.0042633614750481,3.147316164556844
B0005,38,05234.csv,1.7829230484252725,1.8564874208181568,96.03744299218228,87,24,0.046245370477528,0.0719248993978976,3.557015527748059,2.6617272246516333,4.200012480335,0.2205202807545798,-1.922048805055383,-2.017112121704317,0.0011747056452339,0.4167099351187296,31.48874626238971,23.51454265913581,38.07252758016199,3.4726866358971216,3339.5,1.538285255683367,14.55798492102618,0.004359330714486,3.134800214251084
B0005,39,05238.csv,1.7730337158018288,1.8564874208181568,95.50475246530084,86,24,0.0461861033675123,0.0719378705603448,3.5562481933590964,2.699288287625812,4.1992373656547874,0.2174209016772111,-1.916230282154988,-2.018009988339822,0.0023816748049826,0.4295413747370515,31.329995610092634,23.27146353182613,37.80133585100446,3.514379646067548,3331.265,1.4999490780289753,14.529872319178333,0.0043616681108162,3.150507572826309
B0005,40,05242.csv,1.773037755078937,1.8564874208181568,95.50497004162604,85,24,0.0477373701431311,0.0703395836124857,3.5532756526091784,2.612793240883853,4.199395781118708,0.224526234810215,-1.9220800182578983,-2.017724236336294,0.0021374370347549,0.4178785715198085,31.569551201845574,23.439367870877128,38.39873985476869,3.567777065471613,3321.188,1.5866025402348556,14.959371983891565,0.0045042231827561,3.1198045800848715
B0005,41,05246.csv,1.7678721106662054,1.8564874208181568,95.226721756461,84,24,0.048383341548765,0.0697381270154479,3.556266431640255,2.6637064901468075,4.199578698026071,0.220967427617451,-1.916241789031196,-2.016792488625222,0.0015198619580386,0.4301544929609481,32.111426258867944,24.020578317587123,38.74929237918251,3.5475097749142765,3321.844,1.535872207879264,14.72871406159539,0.0044338969745705,3.1347424785342426
B0005,42,05250.csv,1.762315070409309,1.8564874208181568,94.9273908698317,83,24,0.0480375100392994,0.0701251142477667,3.5563095420140822,2.6668454289754746,4.199546957512695,0.2211773391081871,-1.915880982351776,-2.017255132631586,0.0018244735178706,0.4307955266789468,32.271676011112376,24.25608631932004,38.87275464755104,3.510453065329979,3311.828,1.53270152853722,14.616668328231004,0.0044134744703622,3.136607986358307
B0005,43,05254.csv,1.7676172924938447,1.8564874208181568,95.2129959337324,82,24,0.0480869600733819,0.0697134641311117,3.558950851054106,2.684431051981017,4.194091469340824,0.2255079446939565,-1.911440626575304,-2.0159457514475405,0.0005228307091433,0.4406737504558938,31.842291659678654,23.99270220171187,38.503541429116005,3.5440220521836183,3327.391,1.5096604173598074,14.510839227404134,0.0043610261695737,3.1270198789432944
B0005,44,05256.csv,1.762668359743147,1.8564874208181568,94.94642085785512,81,24,0.0480869600733819,0.0697134641311117,3.5534418211598053,2.645224362345869,4.200715235801255,0.2229496052893184,-1.9158166997544157,-2.021877555086194,0.0024271068866283,0.4305939836666456,31.759815453754253,23.826487051861594,38.27009094548294,3.466096319188094,3312.078,1.5554908734553856,14.443603893621349,0.0043608888116829,3.131142453166041
B0005,45,05260.csv,1.7517304870664143,1.8564874208181568,94.3572505486961,80,24,0.0475472817403881,0.073180098911682,3.5510121537420285,2.6603527244917,4.1990980807180325,0.2216201354243428,-1.9151304155635371,-2.0169903181968984,0.0006158711833322,0.4316514819228713,31.41911167391793,23.3485583063804,38.11684755251712,3.537023254667451,3293.172,1.5387453562263325,14.768289246136725,0.0044845180410062,3.136423560962845
B0005,46,05264.csv,1.7418496047960008,1.8564874208181568,93.8250152014693,79,24,0.0476409209894885,0.0716524732655295,3.551317608213949,2.6926849789916263,4.199398534411534,0.2193207469601063,-1.914848578439364,-2.016185456554963,0.0008035192993614,0.4329328203091831,31.331626572312267,23.23621418856597,38.04152715355532,3.5436860448608165,3275.328,1.5067135554199078,14.805312964989351,0.0045202535333833,3.148214209977584
B0005,47,05268.csv,1.7360913511847138,1.8564874208181568,93.51484592444024,78,24,0.0484243695317731,0.0724998374901,3.549003180550162,2.670544734728978,4.199122915612965,0.2214462948893439,-1.9144128654409127,-2.0170647431651068,0.0014889451776809,0.4334053453936525,31.35934131425137,23.214801785728056,38.17980302242767,3.586023615654214,3265.016,1.528578180883987,14.965001236699614,0.0045834388672826,3.139869159734632
B0005,48,05270.csv,1.7936240148573608,1.8564874208181568,96.6138523075426,77,24,0.0484243695317731,0.0724998374901,3.559764834095517,2.605158060541757,4.190409478081396,0.2272274806920097,-1.9388813849818085,-2.0168134548386294,0.0024931147123922,0.3777947502840274,34.31088483888259,26.6473739461698,40.71218198711114,3.335979792723144,3328.937,1.5852514175396388,14.06480804094134,0.0042250147842813,3.1006548379379164
B0005,49,05274.csv,1.7831890223273277,1.8564874208181568,96.05176972012411,76,24,0.0494307456487187,0.0701407541984291,3.5623454342368555,2.672012007453096,4.199933846791869,0.2222739181237769,-1.927509725704535,-2.0165540953857675,0.0028589701045215,0.4046355296077638,33.43585640373787,25.69911743242072,39.88526123315293,3.3805606593221995,3329.266,1.5279218393387732,14.18614380073221,0.0042610424642345,3.1310484435717334
B0005,50,05278.csv,1.7673642076278957,1.8564874208181568,95.19936347583848,75,24,0.0497482254301438,0.0711299384497784,3.558336657621618,2.674271233724938,4.199365021329158,0.2214769534605137,-1.9267185977839405,-2.022483480851903,0.0012369720338688,0.4061642245882446,32.66698125020078,24.83328108182313,39.18287352945846,3.4155521499085477,3301.579,1.52509378760422,14.349592447635333,0.004346281717819,3.1303748590442444
B0005,51,05282.csv,1.7570177850353066,1.8564874208181568,94.64205172265515,74,24,0.0498848659447539,0.0719830276512561,3.554013138622869,2.6309416727017187,4.19902365945384,0.2247374634627973,-1.9261308349663744,-2.016804145903712,0.0027115029184951,0.4074242751781163,32.28423408691397,24.361616832363048,38.95156480403077,3.4822608264147217,3283.563,1.5680819867521216,14.58994797166772,0.0044433281687202,3.117486835361491
B0005,52,05286.csv,1.7468706179837907,1.8564874208181568,94.09547290193554,73,24,0.0492163809321789,0.0714637439793728,3.552376095886298,2.6629725743154204,4.199432142144215,0.2223635832907858,-1.9202346781375208,-2.0172800396238526,0.0031272458314235,0.4207813545506814,32.00739178780946,24.019157444608588,38.607510759873634,3.516490760527707,3275.125,1.536459567828795,14.588353315265046,0.0044542890165306,3.131093444686274
B0005,53,05290.csv,1.7417172507457144,1.8564874208181568,93.8178859288008,72,24,0.0499459389365634,0.0708870426164587,3.549618661283733,2.612942119873717,4.199640922827531,0.2265473925870857,-1.9201011498853635,-2.0159193745006387,0.0012894534058489,0.4212115321958238,32.06387071886056,24.00664649428476,38.920359903369054,3.57074218728598,3265.656,1.5866988029538145,14.913713409084297,0.0045668353951194,3.1144512256641543
B0005,54,05294.csv,1.7364225056478186,1.8564874208181568,93.53268361401418,71,24,0.0489696051479402,0.0717816850521735,3.54938103086703,2.615719844266148,4.199305653118061,0.2267697498400874,-1.914427810545647,-2.020605919573001,0.0010352326876111,0.4334804812938981,32.43754560319043,24.328038456694348,39.23273115358871,3.607442892184288,3266.093,1.5835858088519128,14.904692696894362,0.0045634624295432,3.118335055742572
B0005,55,05298.csv,1.7263217239235826,1.8564874208181568,92.98860334657104,70,24,0.0502293760251405,0.0718319241428618,3.547211868041896,2.6287695472774453,4.198949734540481,0.2259297319036885,-1.9083407065035891,-2.017554048083073,0.0021414406216503,0.4460659525542236,32.16809876635083,24.12159109376564,38.9649270684008,3.568183389243208,3257.594,1.5701801872630354,14.84333597463516,0.0045565334337658,3.127580092929505
B0005,56,05302.csv,1.7158065389330133,1.8564874208181568,92.4222011790877,69,24,0.0497152666250807,0.0713902715439566,3.5467052098640246,2.6655106679421823,4.19834220599025,0.2229309202417669,-1.902207182631691,-2.016416703030436,0.0017702200905978,0.4581844418714668,32.05752645824972,23.971565610462942,38.83927283461771,3.5855531376121603,3248.593,1.5328315380480677,14.867707224154769,0.0045766604878342,3.1444081594218
B0005,57,05306.csv,1.710533351135192,1.8564874208181568,92.13816005181212,68,24,0.0491321660184356,0.0724518691988788,3.544629653883431,2.650495153350403,4.198995776266302,0.2247358766567251,-1.9020484449938708,-2.0170229987437884,0.0014307662327893,0.4589130892679562,31.97592092807272,23.83541998401671,38.82796377704433,3.618946439440156,3238.766,1.548500622915899,14.992543793027622,0.0046290913863575,3.1389764879347424
B0005,58,05310.csv,1.706014499648521,1.8564874208181568,91.89475137389717,67,24,0.0492096832252982,0.073040250995097,3.5436291614253204,2.643236235233877,4.19916986492694,0.2254887260073259,-1.8964907679062355,-2.016783933430818,0.0049011998067657,0.4701918636452334,32.21689335291319,23.956923878018035,39.14007944734004,3.686251549298293,3240.14,1.555933629693063,15.183155569322007,0.0046859566467257,3.142374006871798
B0005,59,05314.csv,1.7003110272642588,1.8564874208181568,91.58753289666404,66,24,0.0495063161655938,0.07251082944035,3.5444946147995258,2.656450207001938,4.199246833083063,0.2253556397249939,-1.895971437908019,-2.019982930624072,0.0017964242690772,0.470704689176496,32.55632993697177,24.465118009505925,39.349611598028886,3.5928449263669986,3230.109,1.5427966260811248,14.88449358852296,0.0046080468456398,3.146863440097704
B0005,60,05318.csv,1.6945798601797897,1.8564874208181568,91.27882263985316,65,24,0.0486517627795967,0.0720176209117095,3.5409201846556857,2.626177688152069,4.19925518864016,0.2279232427931213,-1.889964879983928,-2.016448312230377,0.0048990136261112,0.4816237581115816,32.40048085325998,24.267851748683743,39.29444535878087,3.631411276615908,3229.7810000000027,1.5730775004880917,15.026593610097128,0.0046525116130465,3.143382374065126
B0005,61,05322.csv,1.6849029086609286,1.8564874208181568,90.7575720560708,64,24,0.0491657556837128,0.0731699361800272,3.541195668799061,2.6582230344240045,4.199610827671791,0.2257194455073568,-1.889370382442051,-2.026465491633473,0.0024344067431928,0.4829576561026725,32.29371860868794,24.14386556947967,39.10487658009542,3.642813467286396,3212.469,1.5413877932477869,14.961011010615753,0.0046571689907718,3.1556685281110504
B0005,62,05326.csv,1.6744741591159715,1.8564874208181568,90.19582574806935,63,24,0.0492342734208827,0.0727712073374357,3.540671044783382,2.695100237338448,4.1994453812630566,0.2223277058672848,-1.8776883243431417,-2.017330650607364,0.0014513205321675,0.5036968499774821,32.1360714480678,23.93408558388468,39.0462609369598,3.6601585276654394,3213.219,1.5043451439246085,15.112175353075116,0.0047031264763077,3.1899062466846577
B0005,63,05330.csv,1.6745692479879102,1.8564874208181568,90.20094772578231,62,24,0.0505475864921389,0.0727086679457494,3.537604879026877,2.639091813583503,4.198991968341307,0.2278035015163785,-1.8831065986697757,-2.02257876070347,0.0059339984616673,0.4943331421972539,32.382685497234974,24.08059534182364,39.398032192832,3.744143496044116,3203.578,1.5599001547578042,15.31743685100836,0.004781352865767,3.15659286881258
B0005,64,05334.csv,1.663716375981405,1.8564874208181568,89.61635599169333,61,24,0.0501188147421075,0.0730104108966134,3.538422485261741,2.6857210282450983,4.197785116892181,0.2247862356138909,-1.876359921441716,-2.0158674131052456,0.0034449440902895,0.5052459745361098,32.30899951427638,24.428816535813286,39.10678394120843,3.5788531262087084,3195.125,1.5120640886470826,14.67796740539514,0.0045938632777732,3.186021947092492
B0005,65,05336.csv,1.659013868748246,1.8564874208181568,89.36305466681354,60,24,0.0501188147421075,0.0730104108966134,3.53928626988912,2.69017866510873,4.201331130571617,0.2240505301860509,-1.870955026010444,-2.016878594815316,0.0012286208011475,0.5151556922537976,32.56636929496717,24.3288116844709,39.44448954135193,3.704149920515061,3195.312999999994,1.5111524654628874,15.115677856881028,0.0047305781489578,3.196699964240449
B0005,66,05340.csv,1.6538540573335014,1.8564874208181568,89.08512057704358,59,24,0.0497925673190261,0.073436503616202,3.533690170241391,2.639895313359579,4.199339974904826,0.2287521497862503,-1.8705599868289544,-2.019019155129933,0.0006759557151863,0.5157546970961461,32.46542951751835,24.12488538702097,39.509602016775695,3.768708233530136,3186.297,1.5594446615452475,15.38471662975472,0.0048284000611853,3.178146617726258
B0005,67,05344.csv,1.642653782130131,1.8564874208181568,88.48181591266646,58,24,0.0498653780666,0.0732133898164959,3.534367734544495,2.68991452927918,4.198916244859707,0.2243424185395798,-1.8640049795794804,-2.0179820220655023,0.0017286665299136,0.526313550615293,32.347056454418095,23.980294072799666,39.33486536224533,3.774209575955202,3176.438,1.509001715580527,15.354571289445666,0.0048338961092411,3.2144438547512157
B0005,68,05348.csv,1.6378578430223698,1.8564874208181568,88.22348186450752,57,24,0.0498119327855388,0.074596186052064,3.5312941932103548,2.65935818848874,4.198537488587242,0.2274287281598292,-1.8636932149873204,-2.0158401305926343,0.0008822013179447,0.527087829798622,32.37153894064616,23.969183667109306,39.43723270017243,3.804009748084422,3167.593,1.539179300098502,15.468049033063124,0.0048832185931283,3.202398770336025
B0005,69,05352.csv,1.6327350407099108,1.8564874208181568,87.94754127611391,56,24,0.0485067348899718,0.0745830977634214,3.5309134771684274,2.6657030585650423,4.198943932259475,0.2270812833757312,-1.857820396301907,-2.0192083553177325,0.0032196054196979,0.5368188730291541,32.45549347979197,24.037074564457946,39.51375235624076,3.812411680873904,3167.719,1.5332408736944323,15.476677791782812,0.004885748322936,3.2186502595726965
B0005,70,05356.csv,1.6277528915533617,1.8564874208181568,87.679176993077,55,24,0.0500230742033395,0.0736638387977965,3.5287226893409893,2.642986759012803,4.199579806494986,0.2296112762432863,-1.8572160981955343,-2.017754065523427,0.0023292227087573,0.5374001902211297,32.50017194695606,24.074008046047823,39.60170302810528,3.827705518812368,3159.077999999994,1.5565930474821834,15.527694982057454,0.0049152616624399,3.2106553004020397
B0005,71,05360.csv,1.622125485521159,1.8564874208181568,87.37605584239758,54,24,0.0502046904378658,0.0737188582159762,3.52625493581969,2.631116911889304,4.198782234828033,0.2310765911883366,-1.8568340008006832,-2.016206764491147,0.0036382151418645,0.5383160191069417,32.50100298369444,24.04353667889633,39.68746359758208,3.855320624062091,3148.829,1.567665322938729,15.643926918685748,0.0049681729044942,3.206508350205635
B0005,72,05364.csv,1.6113256603765849,1.8564874208181568,86.7943214862437,53,24,0.0497585734077315,0.0746561776087558,3.5286843243370045,2.696157404617167,4.19910517813207,0.2251057869712217,-1.8448886500218813,-2.018425729441905,0.0024093430745418,0.5567437022145733,32.4728927422438,24.007622451152475,39.53535075538898,3.837360452303606,3149.094,1.5029477735149035,15.527728304236508,0.0049308557649395,3.2631847275616725
B0005,73,05368.csv,1.6065631397488385,1.8564874208181568,86.53778753000242,52,24,0.0496867550378329,0.0735542582193973,3.525556939424901,2.6667596238241567,4.198510853141954,0.2281397131118496,-1.8444180038305809,-2.0200094988659028,0.0018183081167425,0.5575503803894236,32.50480154634882,23.99346277596251,39.6502371632164,3.869884769809264,3140.547,1.5317512293177975,15.656774387253892,0.0049853654115839,3.252357412734521
B0005,74,05372.csv,1.6015142233917594,1.8564874208181568,86.26582682073706,51,24,0.0499500570704977,0.0746229428074614,3.5226805646793737,2.6403185448373043,4.198732430468704,0.2308516858920288,-1.843879038983512,-2.0160906793454063,0.002394554712978,0.558258177729594,32.51218336210202,23.977316018708777,39.69929058154853,3.891619549464346,3131.625,1.5584138856313996,15.721974562839756,0.0050203886361999,3.243445262589524
B0005,75,05376.csv,1.590369231400328,1.8564874208181568,85.66549999565576,50,24,0.0502825642512583,0.0736039114233682,3.5246734587890085,2.69892986372897,4.198799630396931,0.2258855704707808,-1.83711254029409,-2.017218805788003,0.0034591794789042,0.5679295356339376,32.45692821941515,23.92726467831658,39.56076309770468,3.876603092112513,3121.907,1.4998697666679617,15.6334984193881,0.0050076758914945,3.2833254201855184
B0005,76,05380.csv,1.5857889968242211,1.8564874208181568,85.41878490754124,49,24,0.0499200778190466,0.074642062777058,3.5213155754526824,2.6682466504353,4.198753541225669,0.2287263038116465,-1.831595707598376,-2.017576881832417,0.0029115539788594,0.5767088275569217,32.447059186431154,23.8787540270112,39.63708096307912,3.908550011615666,3122.125,1.530506890790369,15.758326936067924,0.0050473081430333,3.291067456787994
B0005,77,05384.csv,1.5849430707374117,1.8564874208181568,85.37321895986373,48,24,0.0500799643501363,0.0754771092928152,3.51803386486462,2.6479207279724903,4.200309982421394,0.2315266221210443,-1.8311195242792309,-2.0163186530776205,0.0016912873756319,0.5767399739087574,32.32889654966259,23.90454749592773,39.43977047692484,3.855211683864974,3121.672,1.5523892544489035,15.535222980997112,0.0049765712031876,3.2861783554422384
B0005,78,05386.csv,1.5955263892495937,1.8564874208181568,85.94329115068514,47,24,0.0500799643501363,0.0754771092928152,3.52368419553968,2.6741633856529066,4.201124089732316,0.2295228480555242,-1.843279976491472,-2.016322017667326,0.0031344620126884,0.5590382516984779,32.84488475360107,24.47294963967077,39.83902225625452,3.798737007144561,3120.86,1.526960704079409,15.366072616583754,0.0049236661101695,3.248475659305027
B0005,79,05390.csv,1.5747301747801037,1.8564874208181568,84.82309964083234,46,24,0.0548732021154092,0.0793440364411719,3.519146638240668,2.6892528956736257,4.198150316653697,0.2275436874881962,-1.829798505957538,-2.016058383461316,0.0022149158304022,0.5781334853154986,32.31731555011648,23.81400684876703,39.41794949618613,3.869971459659901,3103.828,1.5088974209800714,15.603942647419103,0.0050273219545087,3.2975769755819613
B0005,80,05394.csv,1.5649019950937946,1.8564874208181568,84.29370312695897,45,24,0.0552404998627662,0.0800235935822896,3.516233648608237,2.688809122993162,4.198524048997099,0.2276776462136404,-1.8236746835609148,-2.0176016183677974,0.0026959062866318,0.5877660020442546,32.06376130177751,23.405971076202263,39.262781682151214,3.949788109083504,3095.094,1.5097149260039369,15.85681060594895,0.0051232080854245,3.335712528098181
B0005,81,05398.csv,1.5597659473370362,1.8564874208181568,84.01704907053154,44,24,0.0550803683287425,0.0804500816192199,3.514773138461639,2.6743555987897745,4.198840869468569,0.2288190587510357,-1.817672077021088,-2.018404141903304,0.0025925671672866,0.5961114455245332,32.21997626855924,23.504268200620626,39.47237839941986,3.985928703128085,3095.781,1.5244852706787944,15.968110198799234,0.0051580231931132,3.3535604020172665
B0005,82,05402.csv,1.5594815668184234,1.8564874208181568,84.00173086716406,43,24,0.0548457849434252,0.0809952791439065,3.5132992979150077,2.6430294964336345,4.198119631667182,0.2317731441583407,-1.8179238657973995,-2.016777852675889,0.0015197601976623,0.5961445220961886,32.7120225448885,23.98624197921992,40.03754146951368,4.003671395289,3094.328,1.555090135233547,16.051299490293758,0.0051873296852478,3.339431750795221
B0005,83,05406.csv,1.55468935359061,1.8564874208181568,83.74359751414076,42,24,0.0580894926860419,0.0790061137619081,3.514484830704665,2.6584858447131823,4.198320288264955,0.2309588680696391,-1.817160673909645,-2.019500858990014,0.0053758117379334,0.5970349702033854,32.945022147355694,24.332016492731967,40.14273016201157,3.9482168596298246,3086.531,1.5398344435517726,15.8107136692796,0.0051224865939397,3.34354938835131
B0005,84,05410.csv,1.5488741079890418,1.8564874208181568,83.43035835418969,41,24,0.0563999943051261,0.0818149196701257,3.5109677353595243,2.629782173759164,4.1980467610750285,0.2333075165146949,-1.8110297241968545,-2.025028692484549,0.0012996959200754,0.6051581383309774,32.857549597381336,24.210935532035016,40.1165626728546,3.974895856746223,3085.625,1.5682645873158645,15.905627140819584,0.00515475054189,3.3625861936704577
B0005,85,05414.csv,1.538236598942558,1.8564874208181568,82.85736718133295,40,24,0.0571591479145079,0.0808669662369406,3.510935874957801,2.6622967647315545,4.199047008209673,0.2310865970563571,-1.8094435644526072,-2.017188769565156,0.0036542472558787,0.6069013859029623,32.629663328789654,24.000424305912805,39.87503330866132,3.957103206700604,3067.203,1.5367502434781186,15.874609002748516,0.0051755977686343,3.3760163078735115
B0005,86,05418.csv,1.527914258251028,1.8564874208181568,82.30135260370758,39,24,0.0569987938629429,0.0825010076441602,3.509393098217416,2.682380966742509,4.197669918520713,0.2292088309519238,-1.8026537331443493,-2.0203529496154493,0.0013741929346254,0.6156468293908701,32.379859014262976,23.66809609847637,39.61961987024145,3.994278503257556,3058.157,1.5152889517782042,15.951523771765082,0.0052160578321404,3.4124198894838225
B0005,87,05422.csv,1.5285252629756445,1.8564874208181568,82.33426447360581,38,24,0.057915946777513,0.0817505708315127,3.5066782411556563,2.640189476892272,4.197600624105256,0.2328002385953969,-1.8031542757366408,-2.016749317444538,0.0020536118932937,0.615721903133411,32.68215852457039,23.845674209557423,40.067324667444815,4.067616385715319,3058.812,1.557411147212984,16.221650457887392,0.0053032518696433,3.3977434574204493
B0005,88,05426.csv,1.522647325284378,1.8564874208181568,82.01764839394092,37,24,0.0585831887959693,0.0826941645735358,3.510988562300809,2.693769409137257,4.197985718630326,0.2283329552029984,-1.7965666438696486,-2.016964364118414,0.0022338210190657,0.6234851437507705,32.99387423636739,24.23969113753901,40.24716716520102,4.014427615224503,3058.578,1.504216309493069,16.007476027662012,0.0052336334164641,3.4258971197741417
B0005,89,05430.csv,1.5174859938489869,1.8564874208181568,81.73963242800905,36,24,0.0568441123963582,0.082272625759776,3.510305462695178,2.695787450704935,4.198164128530042,0.2284604918738055,-1.7959771394311954,-2.017715447411052,0.0029663849324865,0.6242659960184777,33.045397072111655,24.30453859448875,40.30253125568348,4.021693159548485,3049.328,1.502376677825107,15.997992661194733,0.0052463994234778,3.4269966695247542
B0005,90,05433.csv,1.605818899130659,1.8564874208181568,86.4976988868027,35,24,0.0566720346295509,0.0829157329641766,3.5222215314850214,2.6920548172137724,4.222920057935785,0.2348969603840603,-1.822916991757235,-2.017087516284557,0.0015450426899526,0.5889299654441851,32.856295641052824,24.112523495131093,40.09418103142496,3.986975518506746,3177.219,1.530865240722013,15.981657536293866,0.0050300774155932,3.330665457874032
B0005,91,05436.csv,1.5638491446744425,1.8564874208181568,84.23699116610507,34,24,0.0582233615105249,0.0761509211548619,3.5163492154331264,2.629071246219689,4.200423045909808,0.2346082257595718,-1.8294275689587536,-2.0177115857667665,0.0029495288044011,0.5799206922442277,33.33950238056361,24.719311536144843,40.52238496316615,3.934317590320938,3082.937,1.5713517996901194,15.803073427021303,0.0051259800077073,3.2736978171634847
B0005,92,05440.csv,1.5480915247767786,1.8564874208181568,83.38820438085878,33,24,0.058693615611032,0.0809967398338894,3.5134397623234963,2.631343871050918,4.198372063670128,0.233736743286874,-1.816317296828028,-2.0160877086861952,0.0016903309192767,0.5976282910241006,33.35156485472646,24.73538913848975,40.56886357314186,3.9576911123070753,3074.266,1.56702819261921,15.83347443465211,0.005150326755932,3.324872241637702
B0005,93,05444.csv,1.5323755631868592,1.8564874208181568,82.54166152720491,32,24,0.0568735509905479,0.080792347724638,3.515137522009075,2.6983970036642315,4.198353213898968,0.2275911231966178,-1.8033689952639715,-2.0174325692631547,0.0017335297510131,0.6147651065356566,33.147486361012966,24.49414087755308,40.27804845768325,3.9578133785880008,3066.0,1.4999562102347364,15.783907580130167,0.0051480455251566,3.402610607432172
B0005,94,05448.csv,1.5269528268489705,1.8564874208181568,82.2495649432432,31,24,0.0584012267602933,0.0816166339541188,3.50830390643132,2.6338485871981514,4.197873789078739,0.2335252235108679,-1.802670753119494,-2.017976023705107,0.0032014025687714,0.6156394846208406,33.00727586174936,24.254986942423244,40.2921849196155,4.014446036089791,3056.437,1.5640252018805874,16.037197977192257,0.0052470238965148,3.3884526029481004
B0005,95,05452.csv,1.5169573017136326,1.8564874208181568,81.71115433925792,30,24,0.0571392616497832,0.0820304274361046,3.509190808443004,2.671566207861818,4.197955644238241,0.2301895311328931,-1.7958941337499832,-2.016684455267326,0.0012207622759792,0.6242630120504566,32.91990812745461,24.1488106351578,40.184384347174266,4.025241024870741,3048.219,1.526389436376423,16.035573712016465,0.0052606370185398,3.4170632912271426
B0005,96,05456.csv,1.511897596014269,1.8564874208181568,81.43861246029739,29,24,0.056846750542401,0.0843093490529676,3.5068097579555357,2.6540810507928123,4.197918434710392,0.2320619964935803,-1.795344963527795,-2.0185074328810417,0.0027177292470912,0.6252844674365714,32.99903328622305,24.20595238055968,40.320066232195046,4.050998027893402,3039.218,1.5438373839175794,16.11411385163537,0.0053020592309059,3.413673378650139
B0005,97,05460.csv,1.5065638960681105,1.8564874208181568,81.15131183620761,28,24,0.0597145830687632,0.081280778737871,3.50609090727422,2.656849703962618,4.197739340034368,0.2317732489399867,-1.7893518988259458,-2.0206154364574687,0.0029660267437679,0.633010172459049,33.03772281691292,24.228213693022468,40.33650561265159,4.049203885592941,3039.047,1.54088963607175,16.108291919629124,0.0053004418554991,3.4289135304828338
B0005,98,05464.csv,1.5015453526671363,1.8564874208181568,80.88098717121407,27,24,0.0578764894862572,0.0827621596207595,3.5037157727265957,2.6363048614501152,4.19785490446139,0.2338124727006665,-1.7883879159763685,-2.017421211930756,0.0019690360203288,0.6338733874724279,33.07740307192613,24.25745983903501,40.43267631588412,4.064929719691631,3030.375,1.5615500430112743,16.175216476849112,0.0053376946671118,3.4249389687576155
B0005,99,05468.csv,1.4908444050400238,1.8564874208181568,80.30457886878686,26,24,0.0571060525925708,0.0838933915955351,3.506747996136716,2.69951692300468,4.197306756122815,0.2281762504449217,-1.7815447770741009,-2.0224772834102507,0.0027223693578794,0.6424340150968986,33.05467981523988,24.228985806758885,40.314538591575015,4.052124858846632,3021.0,1.4977898331181354,16.08555278481613,0.005324578876139,3.453792211808717
B0005,100,05472.csv,1.485868384561201,1.8564874208181568,80.03654470798281,25,24,0.0583244011522277,0.0823356083860003,3.5058813026542324,2.698216006032282,4.197528212001444,0.2283393623825585,-1.775311564296696,-2.0179249554704706,0.0006217348755526,0.6496163987691415,33.11570360624461,24.27409668200787,40.386661855917744,4.062986369233261,3021.75,1.499312205969162,16.112565173909875,0.0053321966323851,3.464230574340492
B0005,101,05476.csv,1.480413677976106,1.8564874208181568,79.74272604140164,24,24,0.0585398872773731,0.0825995740858869,3.504168333530808,2.6911707598773864,4.19743662221161,0.2292348866100249,-1.7742377662318365,-2.018486701026112,0.0025745064118452,0.650820274975926,33.12942148982365,24.26045465629052,40.43384612547835,4.077354116316539,3012.265,1.5062658623342235,16.173391469187827,0.0053691794942303,3.46353382494015
B0005,102,05480.csv,1.4752095869031632,1.8564874208181568,79.46240682056634,23,24,0.0576100022715738,0.0836176940705274,3.503056893147064,2.690162319231471,4.197717228550219,0.2296241207032848,-1.773860289771637,-2.017202918759472,0.002304044135428,0.6517546907968573,33.130681310493344,24.24695415512884,40.44479269068758,4.086353767823352,3002.641,1.5075549093187477,16.197838535558738,0.0053945305268124,3.4708406782940004
B0005,103,05484.csv,1.4859035988304024,1.8564874208181568,80.03844153038013,22,24,0.0568774408378622,0.0845362995717969,3.4982324882487936,2.6355034454892072,4.192454851360723,0.2335598204111749,-1.7809702419814517,-2.017032616337778,0.0013818757062667,0.6432257233392734,33.20069210329718,24.337824191545764,40.58499656066617,4.106027526051401,3012.0,1.5569514058715157,16.247172369120406,0.0053941475329085,3.442157232761513
B0005,104,05487.csv,1.4960918298136696,1.8564874208181568,80.58723226653159,21,24,0.058412257957184,0.0781662290360033,3.5065859365661325,2.6594753656507684,4.202845001527377,0.233141666355909,-1.7879098523188457,-2.020648432189961,0.0037903464383519,0.6347436730403643,33.78697527817091,25.05068794027295,40.99869158762305,4.007605012301655,3020.11,1.543369635876609,15.9480036473501,0.0052806035698534,3.419290691780419
B0005,105,05491.csv,1.4808005946928984,1.8564874208181568,79.76356737393391,20,24,0.0601978908480714,0.0837734664524804,3.501457140697961,2.644554999824577,4.197952808231904,0.2338907608197366,-1.780229415660985,-2.018056806197647,0.0029141195307161,0.6442467919526821,33.673365085761986,24.845214918132577,40.997807625227495,4.071885900932784,3002.172000000006,1.5533978084073272,16.152592707094918,0.0053803022302169,3.442094814249061
B0005,106,05495.csv,1.4697543268466824,1.8564874208181568,79.16855834115802,19,24,0.0598835241626575,0.0836115676360818,3.5016583871628097,2.6719601666204564,4.198017952345714,0.2314567239719315,-1.7731015168894209,-2.017916668624779,0.00078441654882,0.6524940973483503,33.535818118317145,24.68293151974539,40.84213757482493,4.078202597739052,2992.703,1.526057785725258,16.15920605507954,0.005399535488513,3.4624539133100987
B0005,107,05499.csv,1.4539012274845928,1.8564874208181568,78.31462853887027,18,24,0.0588751204970558,0.0837056242203838,3.4966186408455298,2.6598211033173382,4.192162800008929,0.2315978911633852,-1.7705879947441516,-2.027591717224413,0.0054462356427572,0.655250568309213,33.32269982188509,24.442107279152207,40.69012464267011,4.108909359845418,2964.468,1.5323416966915908,16.248017363517906,0.0054809218259458,3.463071852630985
B0005,108,05503.csv,1.454146206723569,1.8564874208181568,78.32782438583531,17,24,0.0584451859295269,0.0843513765148262,3.4991645719433246,2.688360455508818,4.196993378341778,0.2298393860348739,-1.7600629827474803,-2.017344770444764,0.0015596672777035,0.6680517358563886,33.346230327490304,24.37516209951004,40.69938049882204,4.125201025627036,2983.375,1.5086329228329602,16.324218399312,0.0054717286292578,3.4881699569870945
B0005,109,05507.csv,1.455023751906683,1.8564874208181568,78.37509350133124,16,24,0.0605512105499778,0.0832805147674182,3.496080777360074,2.6376728619288525,4.197603515102162,0.2346383203364827,-1.765575132998529,-2.017072416845675,0.0026865938325838,0.6618426180378949,33.64948900485925,24.70475717255037,41.06026204078849,4.136584939081765,2975.297,1.5599306531733093,16.355504868238118,0.0054970999090975,3.467210101960089
B0005,110,05511.csv,1.449042163761236,1.8564874208181568,78.05289427291896,15,24,0.0599502558921759,0.0831904359131708,3.4959014526388,2.645120521151077,4.196406678544622,0.2338027128281173,-1.7588271887545277,-2.017938882324793,0.0031991265142638,0.6688280176098167,33.79269513542103,24.85143118542252,41.19696040482682,4.133532809546794,2974.9850000000006,1.551286157393545,16.3455292194043,0.0054943232384043,3.477207760501665
B0005,111,05515.csv,1.4386709371480566,1.8564874208181568,77.4942464470905,14,24,0.0595650130368422,0.0848701138092932,3.497586979902671,2.698012437629632,4.197098662004674,0.2295055686657598,-1.7516428147438297,-2.029098489464331,0.0037817943235626,0.6770407760388341,33.52446663707275,24.582992198113057,40.84446688602949,4.113635642246569,2966.25,1.4990862243750418,16.26147468791643,0.0054821659293439,3.4998968408250817
B0005,112,05519.csv,1.433445432156979,1.8564874208181568,77.21277376203591,13,24,0.05985334901025,0.0847391766373357,3.4956989619989507,2.692894277298908,4.196909312093871,0.2299778752335827,-1.7513097768253418,-2.025048878675005,0.0013123608369275,0.677860169431853,33.39042251934235,24.38167771883123,40.764203830749366,4.154155876516327,2956.359,1.5040150347949632,16.382526111918136,0.0055414535622764,3.500194029256048
B0005,113,05523.csv,1.4333958900838095,1.8564874208181568,77.21010517012337,12,24,0.0587454802930831,0.0871172135034907,3.492875380810072,2.648392365505812,4.197105220217278,0.2337830254715591,-1.7511840784846122,-2.0170494375017745,0.0017334904566314,0.6778637436789006,33.67370212742761,24.640411065560848,41.11212504270441,4.17067166648799,2956.344,1.548712854711466,16.471713977143565,0.0055716499761677,3.4896472972912864
B0005,114,05527.csv,1.42806487344776,1.8564874208181568,76.92294908297357,11,24,0.0608376708448938,0.0849090277748801,3.49551076423368,2.6832134764262,4.196244829545076,0.230629573434815,-1.7446206812145286,-2.017587381204539,0.0022931157457021,0.6848904297582487,33.91080564765892,24.932873139487384,41.27256611507568,4.13730068873804,2956.406,1.5130313531188762,16.3396929755883,0.0055268772203778,3.5021357351629034
B0005,115,05531.csv,1.4229203181741186,1.8564874208181568,76.64583676775119,10,24,0.0599376278681594,0.0847995018360561,3.494233359045084,2.684960445221862,4.19680260180666,0.2308839004386347,-1.7436362428649814,-2.0245398824990146,0.0014033494395084,0.6856979354646391,33.7850680599871,24.80325379769347,41.15574924454392,4.150856720299476,2947.266,1.5118421565847986,16.35249544685045,0.0055483609035799,3.504224401951739
B0005,116,05535.csv,1.417429032731308,1.8564874208181568,76.35004777498816,9,24,0.0595958869181685,0.0851877517168028,3.491197414255986,2.669922120529456,4.196227405416926,0.2322965366171323,-1.7425325036061037,-2.01689808000431,0.0032832319808608,0.6865929751072052,33.61126807392732,24.578577776974136,41.03237216951879,4.179356162123872,2937.984,1.5263052848874703,16.45379439254465,0.0056003689579468,3.5037759744749453
B0005,117,05539.csv,1.412409228794446,1.8564874208181568,76.07965521102186,8,24,0.0584007435193973,0.086329382369691,3.488909408157623,2.664105530655056,4.196558172556389,0.2329264823133464,-1.7419837011363046,-2.0197651300783948,0.0026192373361047,0.687505691566351,33.45598581472246,24.354940329833727,40.937269906716935,4.218332273064345,2929.125,1.5324526419013331,16.582329576883208,0.0056611887771546,3.504924924778262
B0005,118,05543.csv,1.412578792940193,1.8564874208181568,76.08878881159708,7,24,0.0626050644034527,0.0850211189952597,3.487376295811431,2.634098605983684,4.196870541112335,0.235398872076666,-1.7421680980861822,-2.018228083548545,0.0010338439367061,0.687538016943258,33.723267448788484,24.616751003686066,41.240704611971786,4.231454454147406,2928.454,1.562771935128651,16.62395360828572,0.0056766995856126,3.4968626993549794
B0005,119,05547.csv,1.4075983731469897,1.8564874208181568,75.820517681001,6,24,0.0611519539173246,0.0848557762027261,3.491994243745711,2.68378702970616,4.196795527524874,0.2310885474493949,-1.735841378420618,-2.0178512019397976,0.0022798019176169,0.6944616604006627,34.05007636985734,25.01363389840176,41.43649987692296,4.175686713253002,2929.375,1.5130084978187144,16.422865978521198,0.0056062695894247,3.5105154232960425
B0005,120,05551.csv,1.4333920485221476,1.8564874208181568,77.20989824377315,5,24,0.0596306011999845,0.0850345675980089,3.491585878898649,2.660031949282934,4.189287343772767,0.2318034607582949,-1.7567879869499758,-2.017223089332264,0.0036040078454246,0.6716141949745494,33.889346908026745,25.159494190646395,41.16703904201915,4.079481069177857,2946.031,1.5292553944898328,16.007544851372753,0.0054335968804716,3.4711909739880107
B0005,121,05553.csv,1.4382550176792908,1.8564874208181568,77.47184287655715,4,24,0.0596306011999845,0.0850345675980089,3.495576227046425,2.650011641082063,4.201144545237731,0.2343459441466958,-1.7573176114092577,-2.0257290511470427,0.0022668920626443,0.6705340304629849,34.067648550088656,25.21215090210571,41.36216559728765,4.092357210586221,2955.438,1.5511329041556676,16.15001469518194,0.0054645080340653,3.466787605192976
B0005,122,05557.csv,1.4173547174485526,1.8564874208181568,76.34604477007025,3,24,0.060986669920577,0.0858397688242258,3.4938988589692483,2.6936969083341418,4.196925753814179,0.2299116220420265,-1.742762839332656,-2.01734921830549,0.0034196589413944,0.686699579770391,33.75168100943646,24.8439113089274,41.02198772703674,4.110883540199986,2937.625,1.5032288454800375,16.178076418109338,0.005507195921232,3.499580928337278
B0005,123,05561.csv,1.406981663677643,1.8564874208181568,75.78729852409042,2,24,0.0610042570410988,0.0858843611487287,3.49159162968384,2.697073130067154,4.196901090271507,0.229697214533848,-1.7352637407600362,-2.016959683770622,0.0025963216962809,0.6944284081835843,33.46482299584788,24.47190444990649,40.78818812957494,4.151137870234014,2929.078,1.4998279602043532,16.31628367966845,0.0055704503873466,3.512416958442342
B0005,124,05565.csv,1.4012037783587623,1.8564874208181568,75.47607178190573,1,24,0.0623291478272736,0.0882216113892046,3.4885729299834787,2.6806995515145213,4.196688955833435,0.2312516253047148,-1.7344350518111926,-2.0173176445033945,0.0020094191444747,0.6953424822644084,33.40210697922146,24.335820690902352,40.81506138506309,4.19275303562131,2918.375,1.5159894043189133,16.479240694160737,0.0056467180174448,3.5116004429146863
B0005,125,05569.csv,1.3967008232726328,1.8564874208181568,75.2335193662182,0,24,0.0615027627885515,0.0872699062901812,3.4869021151089825,2.6695398084864568,4.196339302740304,0.232093537993526,-1.7280392046289716,-2.0174893103299003,0.0046477889906135,0.7022316077780137,33.410688917712235,24.324432889352373,40.85837421987642,4.209174773545208,2919.812,1.5267994942538472,16.533941330524044,0.0056626732579097,3.5170221727721835
B0005,126,05573.csv,1.391284788852726,1.8564874208181568,74.9417837821699,0,24,0.0614190799483374,0.0872037829252581,3.4855485210036417,2.671695307817951,4.196181412764837,0.2324132725955902,-1.7326888725308258,-2.016208232434632,0.002291601393935,0.6972377722265789,33.38984948261314,24.27764742305546,40.839876773287166,4.23084508446881,2900.422,1.524486104946886,16.562229350231707,0.0057102826244704,3.5163084856807187
B0005,127,05577.csv,1.3862287677978349,1.8564874208181568,74.6694403771894,0,24,0.0612166514530719,0.0872819262712242,3.4838912547260388,2.661289185949965,4.195770804194879,0.2329719896611207,-1.7260735249920125,-2.01785516482798,0.0022764200332024,0.7040151021068305,33.3700433438796,24.239023397259928,40.85376069244676,4.235178255967478,2901.375,1.534481618244914,16.614737295186835,0.005726504603916,3.5215400860437645
B0005,128,05581.csv,1.3804366761974138,1.8564874208181568,74.35744841131503,0,24,0.062704070176938,0.0867911180985442,3.483198941484065,2.667817533540102,4.195456241846729,0.2323856820123224,-1.7195393742714091,-2.01649929452358,0.0016756334707971,0.710594941844678,33.27215987470977,24.12349712975845,40.74795214258888,4.241000961953218,2901.187,1.5276387083066272,16.624455012830428,0.0057302252536049,3.5304125533348816
B0005,129,05585.csv,1.3752364150256224,1.8564874208181568,74.07733548873462,0,24,0.0617261358358741,0.0883779260119075,3.4836274447098883,2.684008069130594,4.19654355365607,0.2313734885832896,-1.718582984446292,-2.0162911974216766,0.0022384407354535,0.7115856854453629,33.222444215660225,24.053006415445992,40.68794001196382,4.250113060283525,2891.64,1.5125354845254757,16.634933596517826,0.0057527678398824,3.5341928737328607
B0005,130,05589.csv,1.3705128024895008,1.8564874208181568,73.8228973232425,0,24,0.0618522370349969,0.0869792218467831,3.480172442538601,2.6585256208771644,4.194357133255019,0.2332691130483863,-1.717672415155695,-2.016416530728208,0.0049133976681189,0.7126205209603629,33.26207748383125,24.05808219537432,40.7810749453613,4.277641795434458,2882.906,1.5358315123778543,16.72299274998698,0.005800741595455,3.5300568854410064
B0005,131,05593.csv,1.37050855662704,1.8564874208181568,73.82266861916334,0,24,0.0631035810265918,0.088522345692425,3.478452148610975,2.6372250579822927,4.195863681881766,0.2352950945893389,-1.7177080769362936,-2.01668335956764,0.0011794780565366,0.7124313037276298,33.312029905516525,24.086387020526896,40.88159339768709,4.292591322494265,2883.265,1.5586386238994736,16.795206377160195,0.0058250651178993,3.527085571453143
B0005,132,05597.csv,1.3647355108681518,1.8564874208181568,73.51170256067293,0,24,0.0622874606045726,0.0892308757094791,3.4785782556105507,2.6514257735606432,4.19558455466442,0.2340977087570062,-1.7109669363015378,-2.0156447128046424,0.002524948681905,0.7190538318519245,33.25287943255863,24.008188700976785,40.81191473576834,4.295550781739388,2882.969,1.5441587811037771,16.803726034791556,0.0058286183565593,3.535864875692976
B0005,133,05601.csv,1.375392016895762,1.8564874208181568,74.08571700903983,0,24,0.0627054989316699,0.0883872445764871,3.4825195584604582,2.676384659108382,4.188483624251573,0.2303412402483575,-1.7184206130755166,-2.015672372070857,0.0023505638634883,0.7116002030602224,33.745054045019884,24.7195455297238,41.11793533148924,4.202889400820959,2891.656,1.510189953954494,16.398389801765443,0.0056709338184643,3.522298455074124
B0005,134,05603.csv,1.3861115151535393,1.8564874208181568,74.66312454423623,0,24,0.0627054989316699,0.0883872445764871,3.4886823636752835,2.694913850281781,4.200346502821317,0.2308905628595243,-1.7260471943596487,-2.01575998810726,0.0021180176276842,0.70406823889181,33.88841975386692,24.84307993981448,41.248795355864885,4.179754192749103,2901.25,1.5054326525395356,16.40571541605041,0.0056547058736925,3.5173179874921963
B0005,135,05605.csv,1.369850003583894,1.8564874208181568,73.78719555127388,0,24,0.0627054989316699,0.0883872445764871,3.4858502383832755,2.697334371630628,4.1981749992980655,0.2300636583691154,-1.712021613408506,-2.016014837696764,0.0015018865835744,0.7180955673190298,33.7353756996425,24.576580515525823,41.16242984455477,4.227794403285873,2891.703,1.5008406276674378,16.58584932902895,0.0057356683342061,3.5352098041022404
B0005,136,05609.csv,1.3647827949260758,1.8564874208181568,73.51424952422322,0,24,0.0532863816225583,0.0815685656842147,3.478794177297151,2.642540259937964,4.195715092938243,0.234539964953235,-1.711022510206629,-2.0165238233233063,0.0014907630238953,0.7190570379830655,33.59131052719714,24.340286688400784,41.16437554618679,4.29988792592686,2883.016,1.5531748330002788,16.824088857786005,0.0058355863643441,3.530112082288165
B0005,137,05613.csv,1.3543220466259964,1.8564874208181568,72.95077959801876,0,24,0.0529314747404537,0.0827569341149588,3.4812826020756744,2.699226257883075,4.195755769877104,0.2300023006876262,-1.703421414006958,-2.0182163733141314,0.0029819941842475,0.7264082658567215,33.32366688599416,24.03013803682012,40.86421618020504,4.304812751957255,2873.453,1.4965295119940296,16.83407814338492,0.0058584839019064,3.547968595536212
B0005,138,05617.csv,1.3546417018378962,1.8564874208181568,72.96799787853686,0,24,0.0558892929774587,0.0822632105400608,3.480352041587074,2.676480329780849,4.195911764444989,0.2317297204267771,-1.703574708739156,-2.016150778973011,0.0015383602403595,0.7262019250374426,33.691961507697364,24.39265860056665,41.25434553511566,4.315742429752111,2874.031,1.5194314346641398,16.86168693454901,0.0058669119903539,3.541648627731732
B0005,139,05621.csv,1.354703921319241,1.8564874208181568,72.97134934112405,0,24,0.058417783681159,0.0802980949053397,3.4781127815565127,2.642142168479886,4.195824004004723,0.2345987814782236,-1.7034912994217155,-2.01761812862162,0.0030940952671648,0.726374550595392,33.887639684793655,24.647812199908287,41.45023191903855,4.295124326827551,2874.234,1.553681835524837,16.802419719130263,0.005845877447393,3.53568473853534
B0005,140,05625.csv,1.349314997503458,1.8564874208181568,72.681074074222,0,24,0.0564114331702625,0.0819223123309917,3.4765867130506134,2.644725254926797,4.196258226051591,0.2347241579902606,-1.7023383270190764,-2.017297732143782,0.0056941514906116,0.7274936186035834,33.67308060941856,24.39982529977077,41.27708509224051,4.312372122291412,2864.984,1.5515329711247938,16.87725979246974,0.0058908740127238,3.5392018014509405
B0005,141,05629.csv,1.3441891937970554,1.8564874208181568,72.40497181525039,0,24,0.0556801596408686,0.0817739908657299,3.4733769291841643,2.632270655366611,4.196612664794988,0.2361351634452788,-1.7014238498912502,-2.017223266913469,0.0031481012336326,0.7284124959732013,33.411988203265814,24.071743981632668,41.06460515498328,4.350329815852876,2855.093,1.564342009428377,16.992861173350615,0.0059517715091419,3.540726022166011
B0005,142,05633.csv,1.3389913790695755,1.8564874208181568,72.12499067079486,0,24,0.0562102576035285,0.0832806716843878,3.4726366397371127,2.639100611887612,4.195850781215982,0.2352261855777155,-1.6950436046971955,-2.0197342717689364,0.0017629793721903,0.7345611096739674,33.29926524979532,23.873389284419225,40.99284868101728,4.383418569909821,2855.625,1.5567501693283696,17.119459396598053,0.0059949956302378,3.548267663917462
B0005,143,05637.csv,1.3389145230206971,1.8564874208181568,72.12085080709222,0,24,0.0557945214118623,0.0829501208969064,3.473439372740961,2.637841830893275,4.196002392961924,0.2351854506424963,-1.695057731610264,-2.016896104476736,0.0050093924911675,0.7347721783758081,33.59980731390034,24.168977704033605,41.29040553417739,4.392328250913705,2855.594,1.5581605620686494,17.121427830143784,0.0059957500366451,3.545461983499122
B0005,144,05641.csv,1.3340066759761655,1.8564874208181568,71.85648881952925,0,24,0.0577997146659989,0.0819030322921605,3.4754777099091454,2.668286095904868,4.196207586734141,0.2330705684131052,-1.6937809113323188,-2.0199925086996786,0.0025365511428236,0.735613407109479,33.61961195858585,24.28428480579148,41.22740227746052,4.338670129504859,2847.437,1.5279214908292724,16.94311747166904,0.0059503045973164,3.5509731965871185
B0005,145,05645.csv,1.3286444309174914,1.8564874208181568,71.567650608263,0,24,0.0557752947285812,0.0829467411842261,3.4722884821666766,2.649019812683856,4.195534582569042,0.2344914419346952,-1.6869434054016963,-2.016745074407458,0.0028787153794497,0.7418705913426481,33.3945201718652,24.00593985304127,41.04619550953222,4.362978312767738,2847.36,1.5465147698851864,17.04025565649095,0.0059845806840339,3.555031880949811
B0005,146,05649.csv,1.323170899227622,1.8564874208181568,71.27281792431961,0,24,0.0565593913134022,0.0823749011789342,3.471373665098864,2.664058512378051,4.1957439573980455,0.2337339946329131,-1.6860649112944588,-2.0163628111205263,0.0042700685649877,0.742747592613886,33.16734508187535,23.715060546682704,40.85874389007758,4.3969265219363685,2837.328,1.5316854450199946,17.143683343394873,0.0060421929869915,3.560534233520312
B0005,147,05653.csv,1.3181691588445197,1.8564874208181568,71.00339835664496,0,24,0.0533442468786474,0.0844856223082752,3.472616016287509,2.6883611693898826,4.19586805747139,0.2317139516350818,-1.6795829780331426,-2.016212123867104,0.0023204014455349,0.7486911075587083,33.10962161613893,23.56356159483333,40.79196924883506,4.419867508383839,2837.281,1.5075068880815077,17.228407654001728,0.0060721541694325,3.568888846767977
B0005,148,05657.csv,1.3184664436640334,1.8564874208181568,71.01941165230106,0,24,0.0562624789782491,0.0830662312193171,3.4738146874457896,2.6869753836302124,4.195347750909715,0.2314553175547566,-1.679793840292355,-2.0168197393548124,0.0041697279349171,0.7488533717853918,33.46501751186519,23.955208980751504,41.14127834456325,4.421316685012413,2838.515,1.5083723672795024,17.186069363811743,0.0060545987475182,3.56590277811698
B0005,149,05661.csv,1.318293040102702,1.8564874208181568,71.01007124097444,0,24,0.0533942499874629,0.0833563552790388,3.4701426486639693,2.6507536817766586,4.196065828878837,0.2347252238657724,-1.6851739865098712,-2.0187637742643867,0.0033179608221933,0.7438768164764807,33.442619101404404,23.967802824849823,41.14429319149828,4.413244527457185,2828.328,1.545312147102178,17.176490366648455,0.0060730192419862,3.5563127359728384
B0005,150,05665.csv,1.323872422244268,1.8564874208181568,71.31060557689291,0,24,0.0585452523507112,0.0883688518598075,3.467523652225441,2.664632278910652,4.184534803011309,0.2303126716957716,-1.686381203630258,-2.016191969154752,0.0021406905839278,0.7428319626634493,33.037928170775885,23.58968747789601,40.66184230912503,4.386204166697604,2838.265,1.5199025241006572,17.072154831229017,0.0060149967783942,3.551474530407256
B0005,151,05668.csv,1.3601216766554785,1.8564874208181568,73.26317762261328,0,24,0.0578494172996275,0.0807877386784969,3.476752584083925,2.6400211837268666,4.201240476440081,0.2357905002938203,-1.715777469309528,-2.021651287065962,0.0028823561171506,0.7147439225571014,33.4949493613756,24.23768156950588,41.04669454497069,4.305586010367694,2864.547,1.561219292713214,16.809012975464814,0.0058679480474451,3.5159714918226848
B0005,152,05672.csv,1.3395306867947354,1.8564874208181568,72.15404057003533,0,24,0.0614238568689426,0.0849639039583958,3.4758956827369127,2.674198661305034,4.195703567262997,0.2317973223077257,-1.7007216920098716,-2.017592416950431,0.0024155477323689,0.7293490278732818,33.491363029025784,24.167374158398008,41.0462053156659,4.327842048761719,2846.39,1.5215049059579635,16.878831157267893,0.0059299081142316,3.538582435377642
B0005,153,05676.csv,1.3290286565120697,1.8564874208181568,71.58834698305495,0,24,0.0595233803017997,0.0872083312129923,3.475812179626641,2.696427051131168,4.195744519551191,0.230210121933629,-1.6928138295817332,-2.0171105982760715,0.0040085795198053,0.7367700122619931,33.329808599922345,23.98739486311109,40.8683026432256,4.333758871819628,2837.969,1.4993174684200228,16.88090778011451,0.0059482354388347,3.552140337990452
B0005,154,05680.csv,1.3236741274998955,1.8564874208181568,71.2999243979014,0,24,0.0592615908588067,0.0877786866945486,3.4746554404904435,2.692834029769684,4.196363050482315,0.2307233580881412,-1.6861104874993165,-2.0165753451036377,0.0036169899531147,0.7427756192144795,33.27302769298771,23.87546148452671,40.85283588259973,4.349581048227313,2838.156,1.503529020712631,16.977374398073017,0.0059818327104193,3.5589469408131764
B0005,155,05684.csv,1.318633896753293,1.8564874208181568,71.02843154047169,0,24,0.0595237845894433,0.0884300775522404,3.472301781313945,2.681747855329962,4.1957929878569455,0.231742558192095,-1.685043785043406,-2.0157688095228656,0.0028522205733032,0.7437386119488855,33.229879126701434,23.800482246729,40.85270645265791,4.379787483962864,2829.843,1.5140451325269837,17.052224205928912,0.0060258552173844,3.559230101151224
B0005,156,05688.csv,1.3134751321324272,1.8564874208181568,70.75055383642604,0,24,0.0596766481170581,0.0858437497371109,3.4729305773503527,2.696791414385091,4.195797286482793,0.2304754395151129,-1.678524839793589,-2.016274841649268,0.0012910201456034,0.7497527985378388,33.20860833999321,23.75244046991811,40.8263251809212,4.382878242170265,2829.625,1.499005872097702,17.073884711003092,0.0060339743644486,3.567492557860946
B0005,157,05692.csv,1.3132020634442203,1.8564874208181568,70.73584494666224,0,24,0.0597598846304888,0.0866248363959436,3.4696192030612285,2.664695973142795,4.196349384378125,0.2335360160165041,-1.6839115230941766,-2.016821101865832,0.0042895806992014,0.7449043048958416,33.236115055926255,23.77068333600904,40.90308836809665,4.404775791883327,2819.437,1.5316534112353306,17.132405032087608,0.0060765340853821,3.561250997244158
B0005,158,05696.csv,1.3077959946944353,1.8564874208181568,70.44464616507273,0,24,0.0595025916574528,0.0863688291866818,3.470018470757559,2.679191623358613,4.195609431921248,0.2322885250770487,-1.6773783325850855,-2.01659334421236,0.0019608791198133,0.7507201142394083,33.18660088296571,23.69874029857621,40.84337405460518,4.404907887710141,2819.579,1.5164178085626352,17.144633756028966,0.0060805651326063,3.5690203089898223
B0005,159,05700.csv,1.3030329186405918,1.8564874208181568,70.18808229071347,0,24,0.0595559805528939,0.0882183154162739,3.470762691935286,2.699983457940659,4.195339917236225,0.2308019513459114,-1.676425373206175,-2.018075144841628,0.0018902843294412,0.7517330528835424,33.174058099115534,23.681325932299053,40.81792110626284,4.411306071753254,2810.672,1.4953564592955662,17.136595173963784,0.0060969743797795,3.573122845722545
B0005,160,05704.csv,1.3033573559038203,1.8564874208181568,70.20555815721222,0,24,0.0594913647911852,0.0887302979407742,3.468111467035994,2.666300786624286,4.19540205700612,0.2333101864119783,-1.67627880896028,-2.018091528339797,0.0024103529115243,0.7519156881213356,33.253984518546055,23.748579260944844,40.94699384765951,4.427871113189619,2811.485,1.5291012703818343,17.19841458671467,0.0061171994823784,3.567551578378479
B0005,161,05708.csv,1.3034100438655642,1.8564874208181568,70.2083962029298,0,24,0.0605211492470791,0.0875362397797066,3.4648625780221494,2.630850137384784,4.195685302232799,0.2362887419678014,-1.6817992883033976,-2.0177167019715503,0.0043239362691777,0.7468204737683256,33.3198093248819,23.789078897860136,41.07493805830632,4.45616896832992,2802.422,1.5648351648480148,17.285859160446186,0.0061681856481451,3.5585037546233527
B0005,162,05712.csv,1.2978870806495706,1.8564874208181568,69.91090088170863,0,24,0.0598267789972628,0.0885380186023552,3.467864133752208,2.673348140468748,4.195561297751176,0.2330232156860847,-1.6750812261110135,-2.0160479224870884,0.0021385267941699,0.7527506827263925,33.33765795318199,23.827460066667,41.02476444658572,4.425475560973043,2801.625,1.5222131572824282,17.197304379918723,0.0061383319965801,3.5694836749002588
B0005,163,05716.csv,1.2980735056918902,1.8564874208181568,69.9209426972485,0,24,0.0579443936914469,0.0889051987685422,3.464021404592563,2.632763831012711,4.196066962029683,0.2362435434851295,-1.675366426273468,-2.017067096348242,0.0014821450901276,0.7525779859252639,33.29076744042025,23.73823038565628,41.06214198725253,4.460361481288742,2802.031,1.5633031310169718,17.323911601596254,0.0061826266738648,3.5644495013432054
B0005,164,05720.csv,1.293463613844243,1.8564874208181568,69.67263011532886,0,24,0.0617593122518427,0.0847212726764891,3.4664623858156745,2.6687371180046218,4.196640912532072,0.2337206825108167,-1.6744879201095209,-2.018208092691312,0.001664565598057,0.7536990836142821,33.27568841807217,23.73611267134457,40.98366325567302,4.447258461423116,2793.39,1.5279037945274498,17.24755058432845,0.0061744155253396,3.570343559853641
B0005,165,05724.csv,1.288003392619118,1.8564874208181568,69.37851440175623,0,24,0.0589890803958647,0.0857362189277121,3.46850906693551,2.696396337945361,4.1956235749123225,0.2314029145517178,-1.6674467270234996,-2.018933300007017,0.002688419180445,0.7597499398316081,33.32067807371405,23.80026564355092,40.98234242711097,4.426706986188568,2793.39,1.4992272369669617,17.182076783560053,0.006150976692678,3.578567435794777
B0005,166,05728.csv,1.2874525221379407,1.8564874208181568,69.34884167276277,0,24,0.0576302972016358,0.0874238934793032,3.466806213058136,2.6794834862925194,4.195862008850563,0.2328352858603877,-1.6674702882406252,-2.023790681896976,0.0026918488897051,0.7599494093003731,33.37314972896719,23.849121770252687,41.06375085817118,4.440210189756257,2792.485,1.5163785225580435,17.214629087918496,0.0061646272362854,3.5760604025288045
B0005,167,05732.csv,1.3090153642307354,1.8564874208181568,70.51032770552523,0,24,0.0578237493933031,0.0897568704647984,3.47107072200804,2.6787137407179737,4.18482689434833,0.230180352354484,-1.6888978346592105,-2.017308526034403,0.0013355993263935,0.7406357353840045,33.71351889594897,24.92195746617458,41.047029587744966,4.160181375898898,2802.016,1.506113153630356,16.125072121570387,0.0057548108653092,3.545101106895137
B0005,168,05734.csv,1.3250793286429356,1.8564874208181568,71.37561578838877,0,24,0.0578237493933031,0.0897568704647984,3.475472204020004,2.655378369801326,4.201968615940368,0.2359864959610258,-1.6979281889133206,-2.017696449416675,0.0033069171348786,0.7326261071163669,33.86531768239223,25.09329713312876,41.051007697556734,4.015889942530517,2820.39,1.5465902461390422,15.957710564427972,0.0056579801248862,3.5373235440321573
B0006,1,04506.csv,2.035337591005598,2.035337591005598,100.0,101,24,,,3.556946061827572,2.4757677568281857,4.179823027658306,0.2265951674349411,-1.990533350635129,-2.015537581193984,0.0004337624657511,0.2020114165262316,32.14277785992152,24.27707330832413,39.16298653238707,3.4604821033294053,3690.234,1.704031850505261,14.885913224062945,0.0040338670187481,3.1012003342808967
B0006,2,04508.csv,2.025140246031412,2.035337591005598,99.49898508143076,100,24,,,3.56147580138708,2.35152551190002,4.177288238505559,0.232007656013251,-1.9902775421457088,-2.0149020169266376,-0.0002076460832787,0.2024263324718391,32.29307515705474,24.63823886086074,39.2462026826329,3.404114973289764,3672.344,1.8257627266055396,14.60796382177216,0.0039778310043318,3.095785755551209
B0006,3,04510.csv,2.013326371345464,2.035337591005598,98.91854698908898,99,24,,,3.566752469641321,2.440479715106544,4.1781213228923,0.2241243774528696,-1.9899467848963857,-2.014434345552428,-0.0006575492150127,0.2029938816642971,32.24414709253608,24.704057719023776,38.999202460252846,3.358433688153914,3651.641,1.7373157554917449,14.29514474122907,0.0039147179969852,3.1259565327660006
B0006,4,04512.csv,2.0132846655407413,2.035337591005598,98.91649790372313,98,24,,,3.5687953371516272,2.479155853900392,4.1785623580417175,0.2215508324577309,-1.989600928209944,-2.0142051662535234,0.0001981188152475,0.2035012085579055,32.14711742429942,24.648384924528084,38.84362777186652,3.3496197223229025,3631.563,1.6992146381842566,14.195242847338438,0.0039088521519077,3.1372338894024554
B0006,5,04514.csv,2.000528337624771,2.035337591005598,98.28975529491258,97,24,,,3.563970503289941,2.280187848173442,4.17824995156942,0.2356432072684506,-1.98954836065757,-2.013995769332238,-0.0011423311186216,0.2033186000179061,32.06687277315468,24.634206199911688,38.97798888258284,3.34436426056514,3629.172,1.8978278042338173,14.343782682671154,0.0039523568138052,3.095662433589128
B0006,6,04516.csv,2.0138990759931645,2.035337591005598,98.9466850557287,96,24,,,3.5735512387791406,2.4392842568466446,4.193216523251186,0.2260594614480044,-1.9901040351037365,-2.0151519685741275,-0.0015410535505561,0.2028160928599146,32.03447836207717,24.34339960435996,38.83989920742278,3.4154545948335286,3652.281,1.7539322664045414,14.496499603062825,0.0039691632716822,3.135211979690945
B0006,7,04518.csv,2.013101105626967,2.035337591005598,98.907479256665,95,24,,,3.571139134378589,2.2812068449406446,4.193732603145628,0.236577454076951,-1.9900886222380372,-2.0145081864690626,-0.003149094123493,0.2026770115135395,32.11157496697371,24.43094638944468,39.04610837498471,3.426910015053529,3650.828,1.9124724442485797,14.61516198554003,0.0040032458350653,3.1062183358203845
B0006,8,04520.csv,1.96878982627284,2.035337591005598,96.73038197560736,94,24,,,3.568150746216304,2.366410527029613,4.176826628115461,0.2274993356336563,-1.9891170520197208,-2.0146816699579064,-0.0008455879137331,0.2050189264946674,32.112576242471775,24.65043547143169,38.87507521022778,3.370323539781194,3572.453,1.810416101085848,14.224639738796087,0.0039817569996851,3.113485725385546
B0006,9,04522.csv,1.9681661764334244,2.035337591005598,96.6997408749776,93,24,,,3.569283415581244,2.436020049578708,4.176369138969733,0.2231468277226926,-1.9892116643905464,-2.015071955488147,-0.0009662247647393,0.2052398833192913,32.03566207329278,24.564976908542672,38.7260539826455,3.371384425426573,3550.594,1.7401484744421336,14.161077074102831,0.0039883684459847,3.1279844315038066
B0006,10,04524.csv,1.9572307917560536,2.035337591005598,96.16246466459876,92,24,,,3.563388513484579,2.1864377487643725,4.176897989902666,0.2408873729997491,-1.989191243247005,-2.0155176072270926,0.0001388226084139,0.2054126351094859,31.99527968872302,24.515019617858613,38.98629728904917,3.394523330157786,3551.25,1.9904602411382932,14.471277671190556,0.0040749813928026,3.0760528283815063
B0006,11,04526.csv,1.9455991514129352,2.035337591005598,95.59098009149795,91,24,,,3.566658719765511,2.3406023605912454,4.177579509962451,0.2293605001947798,-1.9891317699701736,-2.014079047237871,-0.0021060459646946,0.2060030752737895,31.874127571841356,24.40648205159496,38.65978861919643,3.388296153518821,3530.25,1.8369771493712053,14.253306567601474,0.0040374779598049,3.1113334101628705
B0006,12,04529.csv,1.934750504484113,2.035337591005598,95.05796547137972,90,24,,,3.568703597012284,2.4263021374140443,4.177996110793395,0.2251048512425194,-1.9887805507702203,-2.0134697854511865,-0.0009907853602489,0.2071389883620146,32.120959708576166,24.666067568688486,38.84979195732924,3.3898942523037405,3491.016,1.7515685408810606,14.183724388640751,0.0040629216218547,3.127390873586352
B0006,13,04531.csv,1.9232799539368028,2.035337591005598,94.49439554578116,89,24,,,3.569207084156356,2.475369770000704,4.176316409477926,0.2222086735795375,-1.9887320866401277,-2.0148749194363664,-0.0003236492635691,0.207853790990753,32.11021168908644,24.81910585902456,38.75128344015104,3.3478201482830183,3470.281,1.7007547231857556,13.93217758112648,0.0040147116562395,3.1374750401768603
B0006,14,04533.csv,1.911889930948487,2.035337591005598,93.93478209204012,88,24,,,3.5659271296109383,2.342364523655007,4.177992455010172,0.2305310044558098,-1.9887200290368636,-2.0144081790374893,-0.0004261867664927,0.2077662296647863,31.989061278918157,24.627666776864352,38.76853764058789,3.383361544574686,3470.0,1.835419671690456,14.140870863723537,0.0040751789232632,3.113535151759572
B0006,15,04535.csv,1.9010667141979305,2.035337591005598,93.40301690486008,87,24,,,3.561241727064949,2.188400081882664,4.177439981618572,0.2410110335871966,-1.9887874042287876,-2.014472686005532,-0.0010580730504302,0.2082626845581425,31.87881444863544,24.45091312956072,38.84686112344348,3.418677570774884,3450.297,1.9886624437959528,14.395947993882764,0.0041723793615108,3.0834248044568486
B0006,16,04537.csv,1.8891989948061456,2.035337591005598,92.81993331989462,86,24,,,3.557881987836072,2.1206980945954057,4.17561570814845,0.2451908965651469,-1.98859108959304,-2.0146756268214814,-0.0037766213378683,0.2086036612242995,31.7674507110244,24.26604433063594,38.8658897816528,3.451433805377803,3429.407,2.05479117997795,14.599845451016858,0.0042572507290668,3.0711230147879527
B0006,17,04539.csv,1.878278372248849,2.035337591005598,92.2833824005014,85,24,,,3.56282437243777,2.369981457799298,4.177602520456299,0.2296207882162307,-1.9884892463229664,-2.015931347705288,0.0009547908042232,0.2095347701926126,31.78991634963658,24.34725293029431,38.647578733807656,3.4312388266823506,3409.484,1.807384866913197,14.300325803513346,0.0041942786074119,3.1165831255085426
B0006,18,04541.csv,1.8675697161520208,2.035337591005598,91.75724579573613,84,24,,,3.559195328016864,2.247991649924625,4.176354539745044,0.2369056423398333,-1.9883474274444877,-2.01432419683381,0.0003362560415229,0.2099438410171382,31.82883467218067,24.38027426491721,38.79218188173866,3.4483480511518474,3390.422,1.928362889820419,14.411907616821445,0.0042507710299253,3.096323129426044
B0006,19,04543.csv,1.8675892574453767,2.035337591005598,91.75820589657847,83,24,,,3.5580906165580983,2.4115317107898875,4.177450270459645,0.2331295640738902,-1.9774549866256104,-2.015920256743369,-0.0022772410696178,0.2562192660865781,31.890449470827843,24.455293448252306,38.77022223929529,3.4619958105118207,3390.281,1.7655947669134455,14.314928791042988,0.0042223428651026,3.096542442271009
B0006,20,04546.csv,1.979626548250818,2.035337591005598,97.26281070025072,82,24,0.0612335902100034,0.0785415394665875,3.565899462157853,2.203355846859377,4.174584178175673,0.2372830870609156,-1.9892347833261184,-2.0202081897757225,0.000974138023539,0.2044190773358176,31.51177053595285,24.511611712923585,37.54320599748628,3.111737397340729,3591.734,1.971228331316296,13.031594284562695,0.0036282180931446,3.0861025433394618
B0006,21,04550.csv,1.9575499080884025,2.035337591005598,96.17814345585968,81,24,0.06062991544979,0.0780240937829042,3.570814209348872,2.35887751155593,4.175224020262452,0.2263782364361927,-1.9890474874073767,-2.014116181004981,-0.0003149484747221,0.205646866439472,31.874488497680712,24.910587532937,37.90362577530197,3.1433492282840354,3552.297,1.816346508706522,12.993038242364968,0.0036576441222017,3.124212662985995
B0006,22,04554.csv,1.9458150170787551,2.035337591005598,95.6015859814876,80,24,0.0608598716542857,0.078402402030253,3.5666817833633124,2.218672914041916,4.177217300859919,0.2352325520191613,-1.988682950523383,-2.014039356997488,-0.0012008977604898,0.2060295269510412,31.53911453638972,24.56766501155013,37.6701605139887,3.146461206843437,3531.578,1.9585443868180028,13.102495502438568,0.0037100965920726,3.1006128824089347
B0006,23,04558.csv,1.9242461121680088,2.035337591005598,94.54186473396275,79,24,0.0600645081818017,0.0780709338220486,3.566839274502584,2.339723057947995,4.176681511062203,0.2281830366803387,-1.988544731888486,-2.014851230713757,0.0005293257555654,0.2072775352270414,31.220866832188783,24.224319222372547,37.34166959188387,3.166647843797372,3492.907,1.8367914562540568,13.117350369511325,0.0037554250283535,3.120870013626765
B0006,24,04562.csv,1.945981133142164,2.035337591005598,95.60974757905956,78,24,0.0591313085340746,0.0779557075787303,3.5710519693928755,2.399750820894273,4.190384318239257,0.2280809535935374,-1.9885639445355097,-2.013606338093071,-0.0023840361465472,0.2064997970931916,31.119005145018026,24.029961629396936,37.28979017254232,3.199537636232681,3511.594,1.790256395036964,13.259828543145382,0.0037760141243963,3.129437024378384
B0006,25,04566.csv,1.901407930553079,2.035337591005598,93.41978151219875,77,24,0.0605969875451187,0.0793818256613338,3.5666308474029798,2.491410879472442,4.176973413125379,0.2212894327353361,-1.9880563928902784,-2.014324216253238,-0.0016423681986834,0.2087876082967889,31.03324407815673,24.01574359300704,37.16794481484507,3.1869467330145045,3431.9370000000054,1.6855625336529363,13.152201221838034,0.0038322968113453,3.1420866831408403
B0006,26,04570.csv,1.878674213680085,2.035337591005598,92.3028308415357,76,24,0.0604355089729667,0.0794940929426612,3.552739224085492,2.1387303309558976,4.173452155236546,0.2482870208545425,-1.9772969675547487,-2.0138293357975146,-0.0013483637694533,0.2550510279652047,31.001249222460967,23.89771458163466,37.51577848501052,3.2606195581222037,3431.125,2.034721824280648,13.618063903375862,0.0039689792424863,3.049399398777493
B0006,27,04574.csv,1.8683061328264217,2.035337591005598,91.79342734506018,75,24,0.0598822703747387,0.0787121835729847,3.556095975504661,2.346064498302046,4.1764585468168685,0.2356923295078428,-1.9771693646864963,-2.022139165928567,-0.0002601209110219,0.2558583155228212,30.92143474404136,23.81688709830912,37.24165964092258,3.260329062527485,3412.406,1.8300340803172968,13.424772542613455,0.0039341076479801,3.087036820207828
B0006,28,04578.csv,1.8560244070083,2.035337591005598,91.19000283836428,74,24,0.0605872148226689,0.0798953392291199,3.5504500858303394,2.327337743316428,4.17626102066065,0.2412668680951192,-1.9660385076397235,-2.019521715890847,0.0002252111894657,0.2945196467100642,30.92936024820721,23.762584263292904,37.27233216178077,3.303231928782832,3410.688,1.8489232773442223,13.509747898487865,0.0039610037325278,3.0590149709582737
B0006,29,04582.csv,1.8451997961855773,2.035337591005598,90.65816915777202,73,24,0.0609083651903455,0.0797490751361702,3.546007083640312,2.486311723336632,4.172855540858831,0.2360952214179762,-1.9445990482746272,-2.0145859231710013,0.0012030807811573,0.3586892049903087,31.00810965793079,23.77382410040801,37.2071345030198,3.350198217171356,3410.718,1.6865428665363469,13.433310402611792,0.0039385579231738,3.058540889320325
B0006,30,04586.csv,1.857228890885317,2.035337591005598,91.24918141799353,72,24,0.0603691524730691,0.0801450681587133,3.554257954720065,2.292166351092089,4.188187801734904,0.2433824165536229,-1.9769156942357176,-2.01454229289152,0.0017843402447845,0.2565992948918274,30.96779499306422,23.7568921940262,37.49607769896255,3.325843136520629,3392.719,1.8960214506428152,13.739185504936357,0.0040496090318521,3.0713769860130737
B0006,31,04590.csv,1.924776088909064,2.035337591005598,94.5679034974287,71,24,0.0620914468566786,0.0816430296477719,3.555857469677978,2.434300686181212,4.189991619197343,0.2210835198458695,-1.9997552547832569,-2.015096988943597,-0.0027900265773602,0.1472028740367492,31.10097217303459,23.74029655014346,37.25007396118109,3.257556158436867,3470.672,1.755500338108671,13.509777411037629,0.0038925537795094,3.13049288087478
B0006,32,04594.csv,1.8822317526092551,2.035337591005598,92.47761948322794,70,24,0.0623200318333744,0.0802116916237253,3.5537306734803207,2.472619908000758,4.186982490201218,0.2239967136361529,-1.9884344406296768,-2.0246589334484746,0.0002199461690219,0.2093016935301218,31.307368922041046,24.18583594954418,37.39699052067588,3.1608777252524325,3414.109,1.714327953425716,13.211154571131695,0.0038695760947092,3.1186807161132992
B0006,33,04598.csv,1.855276687885587,2.035337591005598,91.1532659782966,69,24,0.0618912233003596,0.0812080578761546,3.5452650003621518,2.403422072720937,4.186483106541616,0.2324737536102351,-1.977131099996694,-2.014540253971324,-0.0013831277471471,0.2563264313075085,31.13133998716456,23.96227406279053,37.2852066420257,3.215597680449769,3395.219,1.7830124655338635,13.322932579235168,0.0039240274572082,3.075416284715093
B0006,34,04602.csv,1.839250891718188,2.035337591005598,90.36588818710268,68,24,0.0617164212906492,0.0815016521658017,3.538408778928339,2.4006679782182205,4.187721936001791,0.2365736558729294,-1.965705768920947,-2.01409107585058,0.001159493985813,0.2955907514320496,30.82871377910505,23.520157783193987,37.080390421974414,3.2777039187636903,3386.0,1.7870088195078797,13.560232638780429,0.0040047940457118,3.0534425058811525
B0006,35,04606.csv,1.8185396073994429,2.035337591005598,89.34830346748316,67,24,0.0619987848117648,0.0813876104403678,3.529768831133268,2.3194299432177345,4.184171356892756,0.2442494192305716,-1.9542494702422435,-2.0132183154407977,0.0012199865224596,0.3305619258645819,30.761533072057244,23.52943289153009,36.98024266357476,3.267800890792357,3368.187,1.8645183691303373,13.450809772044668,0.0039934866359987,3.0197976830802644
B0006,36,04610.csv,1.8134770059567056,2.035337591005598,89.09956824708976,66,24,0.0625040605488016,0.0816912469233858,3.53006768404233,2.340173173498008,4.186779863144672,0.2446474752957388,-1.9490605727432448,-2.014277570695985,0.0007126137257657,0.3461494162209532,31.303056929415803,23.947667716448013,37.59874124546701,3.330333840166228,3368.266,1.8465306984643783,13.651073529018998,0.0040528490116335,3.019020835406655
B0006,37,04614.csv,1.7971018450305436,2.035337591005598,88.29502550201761,65,24,0.0620138868647238,0.0813161008134317,3.5248882875629555,2.382960351080877,4.186482965601712,0.244099812804536,-1.9373547119632697,-2.014866249205715,0.0010041973417186,0.3755932912194258,31.06432144678013,23.724670891624807,37.33680914521836,3.3589789210752614,3358.719,1.803444469149972,13.612138253593551,0.004052776744227,3.016849030480964
B0006,38,04618.csv,1.7810046294120476,2.035337591005598,87.50413873759919,64,24,0.0618301921741058,0.0812043516055386,3.5190926887152725,2.351855540704836,4.184741677172267,0.2470108336078658,-1.931260408871348,-2.014036681172477,0.000927975516279,0.3903476743623129,30.96654665282149,23.509674105704786,37.39499820465976,3.405561379159741,3339.5,1.832682633747161,13.885324098954973,0.0041579051052417,3.004185680814495
B0006,39,04622.csv,1.7710130422682329,2.035337591005598,87.01323309187394,63,24,0.0628269465788076,0.0834715784465107,3.5151810230271,2.3535104841115886,4.186114015167315,0.248180501704699,-1.925413982519257,-2.013562007420154,0.0004104562259902,0.4038178855553746,30.82645569799297,23.239016261869025,37.35233964342659,3.4788411942990485,3331.265,1.8325371489025568,14.113323381557564,0.0042366258408014,3.0010254210655707
B0006,40,04626.csv,1.7604712448170945,2.035337591005598,86.4952945691579,62,24,0.0634981757133398,0.0838548867166324,3.514029112834162,2.3948058223938364,4.186378094589789,0.2465514639964705,-1.9198444871883995,-2.0146073733834746,0.000933218792395,0.4172601474671679,31.080769482413952,23.40832459139638,37.58677381866742,3.529591423735828,3321.188,1.791205939905928,14.178449227271038,0.0042690896231321,3.008757130533985
B0006,41,04630.csv,1.7502913788006589,2.035337591005598,85.99513842496731,61,24,0.0609451399361485,0.082015904986437,3.514139684003936,2.4418858444380294,4.185742966026202,0.2441467401802066,-1.9087331589392131,-2.0156412315711094,0.0014623495361316,0.4411657886887326,31.69428781742534,23.99387524361192,38.20704456989348,3.546320227143556,3321.844,1.7437671570840665,14.213169326281562,0.004278698616275,3.0169659005540064
B0006,42,04634.csv,1.7394925037732578,2.035337591005598,85.46456919285944,60,24,0.0639175801612165,0.0821657170874893,3.509578354212467,2.391848815367812,4.18499542353586,0.2485781575213053,-1.90276801874341,-2.014135597110891,-0.0009765358148676,0.4529868518407545,31.875581783696685,24.22249363678538,38.340431886092745,3.53107169175133,3311.828,1.7931466081680485,14.117938249307365,0.0042628838965391,3.0036692206186224
B0006,43,04638.csv,1.7546766553637203,2.035337591005598,86.21059538809914,59,24,0.0622366404518175,0.0822751953989806,3.5110708693292705,2.3166154227865463,4.175622772952551,0.2579982816753887,-1.909324756651121,-2.013918427729744,0.0005605769329787,0.4401188386088274,31.543288143901563,23.93160080766445,38.521539672721865,3.644855122318386,3327.391,1.858874561045464,14.589938865057416,0.0043847984396956,2.967207017550674
B0006,44,04640.csv,1.7659390941842177,2.035337591005598,86.76394038945261,58,24,0.0622366404518175,0.0822751953989806,3.5159179315855056,2.4110989960643794,4.191704957733779,0.2463333931364588,-1.930637216793332,-2.0164764928559697,0.0006125224393033,0.3919487253053628,31.420983409991024,23.80004225730534,38.03707160241571,3.5131374840074026,3312.078,1.7804603204114289,14.237029345110368,0.0042985187381185,3.0083569717477308
B0006,45,04644.csv,1.7337887419624838,2.035337591005598,85.18433254632082,57,24,0.062031064463088,0.0831917770388853,3.50585340727078,2.4510125175432287,4.185468369564667,0.2446594488840512,-1.907114151507875,-2.014424639912736,0.0007263099562474,0.4428347677204695,31.15837149963786,23.32504476677704,37.9342856877206,3.630798482250383,3293.172,1.734406122201452,14.609240920943565,0.0044362216492013,3.018420079143096
B0006,46,04648.csv,1.713325912040734,2.035337591005598,84.17895486292434,56,24,0.0625064903803401,0.0842684807349334,3.5010379345914444,2.471216186082459,4.184201889006967,0.2438640871419245,-1.8953541357988333,-2.013684034338365,0.0006105952606363,0.4667445060085917,31.156614216998825,23.22751550921504,37.88470784051604,3.674116149301384,3275.328,1.7127054676330369,14.657192331301005,0.0044750303881934,3.02976927978334
B0006,47,04652.csv,1.7024077813673466,2.035337591005598,83.64252637451848,55,24,0.0626153327274759,0.0839721783477321,3.4974076626364967,2.470968641396993,4.185838836583766,0.2449470978445509,-1.8892713805954209,-2.015243276008703,0.0013481309742365,0.4783956615751638,31.206611383963256,23.20127236203539,38.065368726791895,3.7252564511639656,3265.016,1.7145496089211218,14.864096364756506,0.0045525340043529,3.0335584617760007
B0006,48,04654.csv,1.82371946178183,2.035337591005598,89.60279954741002,54,24,0.0626153327274759,0.0839721783477321,3.5388872766749144,2.4288023941361625,4.1729165619005535,0.2313118805968984,-1.9819359924929796,-2.014822027548639,0.0008839578040008,0.2367843122133391,33.61169282822636,26.602945710082057,39.788440481350335,3.1588361296903886,3328.937,1.744114167764391,13.185494771268278,0.0039608724260231,3.073613397042234
B0006,49,04658.csv,1.8081284050314708,2.035337591005598,88.83678132914206,53,24,0.0645724621588098,0.0803422930093306,3.5327430295356828,2.3551430866643166,4.186982012423103,0.242142214116452,-1.9653277079992453,-2.014147642384201,0.0013785124508379,0.2980452350746472,32.85630077141311,25.5878756709222,39.21290317800791,3.306080491804145,3329.266,1.831739182795137,13.625027507085711,0.0040925019229721,3.037480440001315
B0006,50,04662.csv,1.7757610945034283,2.035337591005598,87.246513912519,52,24,0.063686158466937,0.0823636397717541,3.521214759733266,2.365933525789291,4.186537777937825,0.2455534968383713,-1.9470636598230844,-2.013545732341586,0.0013469218858249,0.3494490754391079,32.210981559158874,24.78851122180796,38.66937823121345,3.405417290441413,3301.579,1.820604252148534,13.880867009405492,0.0042043116367669,3.008861030017256
B0006,51,04666.csv,1.7447409841836798,2.035337591005598,85.72243699983238,51,24,0.062912097899097,0.0821410228199839,3.509311143950668,2.3481961394586457,4.182282350256796,0.2489937764771881,-1.9241628426386397,-2.0143501433980724,0.0011884652184539,0.4067688890492981,31.965090081650278,24.29903895658481,38.5170065164806,3.5251960799859545,3283.563,1.8340463038190664,14.21796755989579,0.0043300425665339,2.990162804570137
B0006,52,04670.csv,1.729207034132373,2.035337591005598,84.95922454210778,50,24,0.0636674117210705,0.0829695672555505,3.50716091973708,2.46945948630322,4.185961817428056,0.2428057785324784,-1.9124470439353745,-2.013955993405398,0.0023455920246722,0.4323934425051281,31.744801840189535,23.98489574710264,38.29250529949152,3.5808695827181825,3275.125,1.7162885098706488,14.307609552388882,0.0043685690019125,3.020981922677079
B0006,53,04674.csv,1.7081086552553244,2.035337591005598,83.92262113192731,49,24,0.0645458692805633,0.083905581872106,3.500928918686389,2.4666715880697576,4.1836566973224585,0.2434099534316564,-1.8950209973545984,-2.0143598768040447,0.0008097171102984,0.4673889510176217,31.876564068962463,23.99541497188152,38.52091685291118,3.6611318145693534,3265.656,1.716904136053564,14.525501881029658,0.0044479583523278,3.0260154134336354
B0006,54,04678.csv,1.6975954237461768,2.035337591005598,83.40608610817466,48,24,0.0644173077672933,0.0833208029616876,3.4973019898820894,2.448293126278513,4.184390004467988,0.2457283668493635,-1.883708243517891,-2.0146981664689427,2.3587764193591595e-05,0.4888913093946918,32.24289319481841,24.295032488841088,38.95436345473558,3.678162650288338,3266.093,1.7360391555433003,14.65933096589449,0.0044883385028823,3.028834906209406
B0006,55,04682.csv,1.6820634524029463,2.035337591005598,82.64297086813447,47,24,0.0651736293468639,0.0847815533935232,3.492903830118716,2.4745215382882586,4.184732708741646,0.2442305229339009,-1.871665199438006,-2.0150505202774576,0.0028840576269616,0.5096556977569098,32.07305565938816,24.10547107270791,38.73136385469604,3.688747577743204,3257.594,1.7101765786175953,14.625892781988131,0.0044897838042396,3.052274556114072
B0006,56,04686.csv,1.6714768322295086,2.035337591005598,82.1228301199745,46,24,0.0635951595633681,0.0841849219613237,3.4886592248223183,2.469127855241356,4.185835940524748,0.245251117403109,-1.8654809345089407,-2.016431910751689,0.0008062258329325,0.519890952842277,32.0301409298912,23.97620032331416,38.74827601131975,3.7532981532749146,3248.593,1.716708085283392,14.772075688005591,0.0045472226554713,3.061180537746882
B0006,57,04690.csv,1.6607591387047655,2.035337591005598,81.59624948921793,45,24,0.0652854750072916,0.0860504140343909,3.482293080477401,2.4177173347922416,4.185703389994729,0.2493099528019542,-1.8592903578576,-2.013961242413253,0.0013000288987228,0.5300532307868653,31.984935871368258,23.819965773306656,38.84227056628921,3.808549638797255,3238.766,1.767708854346063,15.022304792982553,0.0046382803799294,3.057087365150086
B0006,58,04694.csv,1.651121015038069,2.035337591005598,81.12271017518528,44,24,0.0665339625700584,0.0867482199337119,3.477575664197982,2.3775131079338427,4.184887437252902,0.2518559097122119,-1.848156298789804,-2.01427897654196,3.3324869557570366e-05,0.5484139851314983,32.23677365476226,23.93813574784708,39.22138199620832,3.8920603201203297,3240.14,1.806949938412556,15.283246248361245,0.0047168474968245,3.069651739815646
B0006,59,04698.csv,1.640134925619093,2.035337591005598,80.58294274458679,43,24,0.0663411253427209,0.087205582998911,3.478743650648925,2.443723814618984,4.1845671326128535,0.2477976166589774,-1.841574247353844,-2.0170700253976435,0.0008339594777993,0.5580136833627395,32.56097148037261,24.4429147063286,39.46651089916252,3.7900544759290833,3230.109,1.7407949299214058,15.023596192833924,0.0046511112141521,3.104469778534035
B0006,60,04702.csv,1.629199941616544,2.035337591005598,80.04568622012263,42,24,0.0659099619111797,0.0871283409737494,3.4740152461288862,2.4324278256917147,4.184590722398005,0.2481747009528209,-1.8297533943331723,-2.0153270924031044,0.0022672987245563,0.575235056243686,32.48984985901219,24.244880453394085,39.352653481724175,3.8413335241625095,3229.7810000000027,1.7520267512281302,15.10777302833009,0.0046776462640439,3.135908685671408
B0006,61,04706.csv,1.6088496302961666,2.035337591005598,79.04583678923177,41,24,0.0660562362669296,0.0875628563316522,3.4718387718772696,2.494085641889116,4.181227276564003,0.2426141317087307,-1.8170860697729956,-2.0264444143525524,0.0025875856512713,0.5930027640181769,32.42612199208859,24.11448837545242,39.31890647034385,3.876668648696112,3212.469,1.686984560721676,15.204418094891428,0.0047329384641194,3.194988342765469
B0006,62,04710.csv,1.6035244898969248,2.035337591005598,78.78420253146665,40,24,0.0659027425638274,0.0882085911331916,3.463180130644551,2.382347172890769,4.182601669503782,0.2507840258118639,-1.8111560774496664,-2.014269976996697,0.0017194503246426,0.6010105168060945,32.29984271249387,23.92892683205548,39.47196886600465,3.9335147567137767,3213.219,1.800099323561391,15.54304203394917,0.0048372183887712,3.1938185818894023
B0006,63,04714.csv,1.5989712144027983,2.035337591005598,78.56049146190021,39,24,0.0679117207009261,0.0883150961530336,3.463469391967206,2.406668297987779,4.183991041340736,0.2491560688573116,-1.8113056300795984,-2.0248983473305704,0.0007053447084269,0.6017500789250887,32.610757585145336,24.06213313647768,39.74009698783903,4.019624991187798,3203.578,1.7771520423165184,15.677963851361351,0.00489389172087,3.2000982482374
B0006,64,04718.csv,1.5876273123575604,2.035337591005598,78.0031440176547,38,24,0.0667437733378423,0.0885796818139071,3.46021805164007,2.4204142690378765,4.182425008087469,0.2490867334276907,-1.803802475704306,-2.0134062122749032,0.0003711699027851,0.6101520531890412,32.25699351958767,24.42380807187004,39.03600072360686,3.703720921329437,3195.125,1.7620107390495925,14.61219265173682,0.0045732773058133,3.239459131839769
B0006,65,04720.csv,1.5829719744686166,2.035337591005598,77.77441842886215,37,24,0.0667437733378423,0.0885796818139071,3.462574876665621,2.45078452455252,4.190985194174346,0.2469757994224416,-1.7982439953659044,-2.014898941623113,0.001011704895855,0.617976822972795,32.47193402838835,24.29784270606684,39.16106395962828,3.7934718512750174,3195.312999999994,1.7402006696218266,14.863221253561438,0.0046515697377882,3.268844700081337
B0006,66,04724.csv,1.567137636713563,2.035337591005598,76.99644735295674,36,24,0.0664129751061175,0.0895032370200492,3.4537077937586056,2.393032881923072,4.181860480163402,0.2488530499508359,-1.7857963808615818,-2.014097659688176,0.0007636707747866,0.6334341515285368,32.40219271195366,24.115666972211724,39.20051799483514,3.852045906363288,3186.297,1.7885935643376776,15.084851022623416,0.0047342890579953,3.296632257453997
B0006,67,04728.csv,1.5613446139713882,2.035337591005598,76.71182514739364,35,24,0.066868684715673,0.089810213906633,3.4514035349888337,2.3938995980718403,4.183449364094532,0.2492158646717016,-1.7850748194527644,-2.01648199199959,0.0005527600059578,0.6343837459996637,32.30987415652578,23.949350638183297,39.15878418316098,3.887832339550532,3176.438,1.7894563727132855,15.209433544977683,0.0047882041283279,3.313205782892671
B0006,68,04732.csv,1.551171189279042,2.035337591005598,76.2119854776846,34,24,0.0675638979208385,0.0909328266072082,3.450781146333252,2.4373294683003053,4.182943907496545,0.2456766968151172,-1.7785916660457872,-2.014359351341952,-9.517952000869488e-05,0.6423674423126489,32.35440526839345,23.94684852697399,39.18225956809825,3.909486737956908,3167.593,1.74511578002779,15.235411041124262,0.0048097754481476,3.3368540818624157
B0006,69,04736.csv,1.5406741606295171,2.035337591005598,75.69624653118686,33,24,0.0676791663350139,0.0909751873219429,3.446105572450592,2.3705330061374523,4.182592999177517,0.2496218879250538,-1.7727874712030285,-2.016181081460114,0.00150486520794,0.6495580854343683,32.4731363791227,24.029360363522056,39.38159156766375,3.936852355436218,3167.719,1.8120522392279053,15.352231204141692,0.004846462455837,3.33962191441894
B0006,70,04740.csv,1.5253138744624433,2.035337591005598,74.94156650980108,32,24,0.0679726933427561,0.0923241095524087,3.441815253327713,2.351294851260762,4.177556435498103,0.2491351218055252,-1.7601807681971695,-2.0224281819207026,0.0044825272319085,0.6641426527717404,32.52334649341759,24.054796737761627,39.44712875501599,3.9441182404385264,3159.077999999994,1.8261227487611331,15.39233201725436,0.0048724127790622,3.358736942869092
B0006,71,04744.csv,1.5301570318067428,2.035337591005598,75.17952002501654,31,24,0.0683335474188773,0.092016689540834,3.445008015985666,2.436845595522602,4.183199732433941,0.2451564597747656,-1.76530278835697,-2.015670909853089,0.0010131499204386,0.6581647774776609,32.518264823491045,24.004853828853747,39.40950590627068,3.9607536972711577,3148.829,1.7461063292554364,15.404652077416934,0.0048921843889956,3.369697347420886
B0006,72,04748.csv,1.524656683447409,2.035337591005598,74.90927746753415,30,24,0.0688513609338119,0.0925822548520223,3.441164687975023,2.39030487147494,4.183585552184287,0.2478705029786592,-1.7593486488770236,-2.0154336980599203,0.0029393579553847,0.6651496523287126,32.5437072434024,23.98676553992143,39.48443326993031,3.982923213874707,3149.094,1.792953433287178,15.497667730008878,0.0049213099799526,3.3762478373204146
B0006,73,04752.csv,1.5145492986655429,2.035337591005598,74.41268246400591,29,24,0.069066469068733,0.0934909607320899,3.443620591429828,2.4892160721496315,4.183170360974043,0.2409625155388094,-1.752616789873766,-2.014176241235146,0.0051389417845652,0.6726676811790743,32.56222309600736,23.97265590751813,39.4416762582387,3.981881796290783,3140.547,1.6939542888244117,15.46902035072057,0.0049255815470109,3.403079816941563
B0006,74,04756.csv,1.509391504602082,2.035337591005598,74.15927024943012,28,24,0.068709147096015,0.0938773051851886,3.439943269617906,2.450611393803655,4.183501501534186,0.243534828538158,-1.7516949849801622,-2.0151247064734266,0.0019635914622084,0.6736465926241109,32.58978020040808,23.95941142019243,39.53866201326228,4.006901350241863,3131.625,1.73274786289711,15.579250593069853,0.0049748135849821,3.4010819167987245
B0006,75,04760.csv,1.5039974333050703,2.035337591005598,73.89424928579004,27,24,0.0695259556668078,0.0941862300129836,3.43602719305159,2.4111946043456745,4.183243008796117,0.2459685169781647,-1.7510429704034998,-2.0150071612077523,0.001009697699575,0.6743880868507957,32.57089563557426,23.89672125029287,39.5867547936938,4.03272098744598,3121.907,1.771714959747722,15.69003354340093,0.0050257850549042,3.3992625041139
B0006,76,04764.csv,1.4935201918040188,2.035337591005598,73.37948251946334,26,24,0.0682523146604836,0.093439801192804,3.436309312279291,2.4609139768640715,4.182038001412004,0.2419346998100851,-1.7388746112390865,-2.0158858292130217,0.001556366600458,0.6875098760181514,32.5378543470942,23.846991377084784,39.49975288442087,4.026879910316417,3122.125,1.7210257112825764,15.652761507336088,0.0050134960987584,3.424352239218105
B0006,77,04768.csv,1.4876323024497422,2.035337591005598,73.09019933714036,25,24,0.0696033038422311,0.0956134300233157,3.430470227771154,2.378420264362521,4.182440318401142,0.2476574534580049,-1.738622547139575,-2.0170367841185635,0.0012040695085459,0.6874126065884917,32.656450905205084,23.868790356430857,39.9686395722832,4.109395546079388,3121.672,1.8037395897005892,16.099849215852345,0.0051574442208702,3.426509943767145
B0006,78,04770.csv,1.5302876214401704,2.035337591005598,75.18593614163545,24,24,0.0696033038422311,0.0956134300233157,3.4417311090871063,2.3844697219937414,4.189962701965466,0.2510630097632347,-1.7870762809520675,-2.015207980747731,0.0004792431384679,0.632045172578117,33.180785234653264,24.45395460946014,40.42668250871336,4.104845223221334,3120.86,1.8054929799717243,15.972727899253222,0.0051180533248057,3.330806126936786
B0006,79,04774.csv,1.5040760088360112,2.035337591005598,73.89810985080334,23,24,0.0694438396726104,0.0950867440401892,3.4355429213552537,2.448639661640692,4.181214475643097,0.2442142159222743,-1.7612682208672186,-2.013340550431054,0.0013906428309179,0.6625185365340356,32.71220835503141,23.81264716305157,40.02451449021777,4.1804474773347104,3103.828,1.732574814002405,16.2118673271662,0.0052231848308495,3.3998454368443016
B0006,80,04778.csv,1.4887593608730894,2.035337591005598,73.14557385723607,22,24,0.0692409257238966,0.0954114747516299,3.4272336842373576,2.362869757217078,4.182157933832856,0.2491054125036861,-1.7545532300777185,-2.0143052426244057,0.0016812263902274,0.6702555519871066,32.543943889007906,23.37953304199608,40.02167483360719,4.300357777310259,3095.094,1.818783046394724,16.642141791611117,0.0053769422807873,3.407725581076378
B0006,81,04782.csv,1.4782779285546637,2.035337591005598,72.63060118809538,21,24,0.0701802370421173,0.0958005363424977,3.430753651868756,2.479712742728869,4.1802491747767325,0.2401828794282918,-1.7364250156958492,-2.01522796444188,0.0068481184251259,0.6902995946833612,32.6655410721976,23.483667289937664,40.07821178158415,4.286040115468966,3095.781,1.7004152416805849,16.594544491646488,0.0053603741645957,3.445716170076122
B0006,82,04786.csv,1.478459982215684,2.035337591005598,72.63954583009604,20,24,0.0703211250156869,0.0953017663720588,3.430880434209888,2.460990256984241,4.182775550999248,0.2416248362988706,-1.7371686757879774,-2.0164424024266667,0.0002472528891452,0.6901938590679467,33.160922870564626,23.948764926788748,40.56578932835109,4.294481063947167,3094.328,1.721444996377464,16.61702440156234,0.0053701561054814,3.4419342812401186
B0006,83,04790.csv,1.473214844899973,2.035337591005598,72.38184227571321,19,24,0.069307809818978,0.0945481312063891,3.431984614031654,2.4794507375590507,4.182970513713943,0.240758050906434,-1.7358183569582517,-2.0141732645976056,0.0010030052573825,0.6909643228530621,33.414445545408455,24.305636072230342,40.75221353269305,4.249386110715685,3086.531,1.703519776154892,16.446577460462706,0.0053284990367706,3.446440890772933
B0006,84,04794.csv,1.4675164935067897,2.035337591005598,72.10187145326269,18,24,0.0706601248975322,0.0955803390819771,3.426913589626702,2.421513989921717,4.182588389688278,0.2439040942095867,-1.7297302660430056,-2.014533312293864,0.0019538634173119,0.697508246759448,33.3541679486525,24.16642252229391,40.71162611325717,4.281166222622818,3085.625,1.761074399766561,16.545203590963258,0.0053620266853435,3.449100102218444
B0006,85,04798.csv,1.4516292657521337,2.035337591005598,71.32130179126344,17,24,0.0704879656326833,0.0963748469082876,3.422042235670516,2.392798962354417,4.180388252515709,0.2454276699607506,-1.727867109899114,-2.0150807231044525,0.0024649324773408,0.6991910065982325,33.13634596100404,23.980795554734595,40.58721297402195,4.279435068559788,3067.203,1.7874845835359392,16.606417419287357,0.0054141892203702,3.4514063774011
B0006,86,04802.csv,1.4519237720967175,2.035337591005598,71.33577144710262,16,24,0.071253157527167,0.0969330859249994,3.4202687142856667,2.410475236770924,4.182476201666448,0.2448983112910839,-1.726907314763758,-2.0151017082510445,0.0011413024919993,0.700074108720713,32.92241762841388,23.638284377724087,40.37035790264624,4.3379051203783705,3058.157,1.771802312079751,16.732073524922153,0.0054712931758971,3.462004081301926
B0006,87,04806.csv,1.4471484694777743,2.035337591005598,71.10115176336829,15,24,0.0729088165680429,0.0968587759009549,3.4248208106770663,2.4915333699239977,4.182567814531136,0.2390859355042691,-1.721199593403834,-2.015773418279684,0.0003841275623097,0.7063457700888194,33.20338483123576,23.829441222036376,40.667923693760464,4.366199981846028,3058.812,1.6909503177330203,16.838482471724088,0.0055049092496446,3.476943437557199
B0006,88,04810.csv,1.4468538105659885,2.035337591005598,71.08667461161282,14,24,0.0725103674563298,0.0966015913982298,3.423499088319266,2.444861994529003,4.182606347806988,0.2419314580273037,-1.721141114732718,-2.016566183590645,0.0012181075137996,0.7062879072254995,33.533950654066935,24.20984647694025,40.99035688395247,4.351362942056878,3058.578,1.7377443532779853,16.780510407012223,0.00548637648182,3.470600642330581
B0006,89,04814.csv,1.4416741930284678,2.035337591005598,70.8321901683239,13,24,0.0708879401072962,0.0974074142043939,3.4247420964314874,2.484075539808225,4.183047552179642,0.2397736631429042,-1.7200547727480755,-2.018144057635402,0.0004305744501005,0.7073947804841111,33.5767934055627,24.27322345224107,40.99774402817452,4.343621309892671,3049.328,1.698874350203918,16.724520575933454,0.0054846577921212,3.4787708994106445
B0006,90,04817.csv,1.5935866593100128,2.035337591005598,78.2959380474406,12,24,0.0714147323806646,0.0961492059978541,3.450702139255875,2.479017302613424,4.222516216835943,0.250237473470747,-1.8210481343824243,-2.0143333289759338,0.0002920618634497,0.5878723902180896,33.224088400657315,24.0581768445586,40.77265883698999,4.299330741287729,3177.219,1.7433360294257385,16.71448199243139,0.0052607270674232,3.278840801805908
B0006,91,04820.csv,1.5463902376915637,2.035337591005598,75.9770882494014,11,24,0.0707515280509764,0.0904819625026011,3.448047542990752,2.4820670710190385,4.1909374470770855,0.2432618036766151,-1.821445703423604,-2.016338466932382,0.0002026611206909,0.5876960128492275,33.37083344726966,24.676724380143,40.52220493430463,4.082968250265808,3082.937,1.7087434255810878,15.845480554161632,0.0051397354386942,3.2426593549570875
B0006,92,04824.csv,1.51470559175661,2.035337591005598,74.42036144029748,10,24,0.0703041387332805,0.0930529362512398,3.439948189189645,2.452449045714353,4.183028520369727,0.2427997357775891,-1.7899159936953069,-2.01459511362196,0.0019503732302666,0.6287722600386945,33.43366634309322,24.71374963671338,40.57746834859555,4.100584569712239,3074.266,1.7303633592004166,15.863718711882171,0.0051601646415379,3.36158438600106
B0006,93,04828.csv,1.4989786083335404,2.035337591005598,73.64766488653811,9,24,0.0715667181492847,0.0936702392745788,3.434112914501242,2.4198491932573414,4.1838942747302825,0.2448648303974545,-1.7769345930773324,-2.0144018884289827,0.0005084867021221,0.6443756633067925,33.28676739403043,24.452648939888725,40.516963879873735,4.15491246500826,3066.0,1.7640450814729411,16.06431493998501,0.0052395025896885,3.389273599326523
B0006,94,04832.csv,1.4831110745410492,2.035337591005598,72.86806282628963,8,24,0.072350575651046,0.0944034597636557,3.432560094036392,2.4706823501191706,4.1839835007856605,0.2414737157040252,-1.7640032117743043,-2.015270624937178,0.0007359350635753,0.6596774682746238,33.14347737377552,24.22465149338904,40.34325381638243,4.166818986159612,3056.437,1.7131652172072314,16.11860232299339,0.0052736576356696,3.423595432090262
B0006,95,04836.csv,1.4729664825468278,2.035337591005598,72.36963976177928,7,24,0.0703378826342638,0.0950709227361693,3.4270614887575657,2.413759774558071,4.183640209073579,0.2446305433005139,-1.7571701008871028,-2.015800833534411,0.0021242129148989,0.6676978597082809,33.11021541795579,24.10781801916288,40.39341126895154,4.225283052428061,3048.219,1.7694999598201582,16.28559324978866,0.0053426585326673,3.42922351561035
B0006,96,04840.csv,1.4627604396099307,2.035337591005598,71.86819749578868,6,24,0.0714831606385723,0.0954683161052524,3.427340316812041,2.4562499847243027,4.183387047926521,0.2418542359705371,-1.7502670210777267,-2.015384828991305,0.0017289535444482,0.675333178611846,33.18991802149879,24.152350848480747,40.46341487442664,4.23302959101594,3039.218,1.7269026134859455,16.311064025945893,0.0053668621421516,3.4463935505597445
B0006,97,04844.csv,1.4518364681062514,2.035337591005598,71.33148203630158,5,24,0.0717787817997134,0.0967891593710254,3.423482197888437,2.401794655879554,4.18356344388626,0.24502086656543,-1.7439614243216512,-2.017707476586292,0.0015255121086987,0.6822341753195525,33.26265398635676,24.1926071662797,40.5818264138806,4.243947028589765,3039.047,1.7817350681168556,16.3892192476009,0.0053928811392521,3.45059258027601
B0006,98,04848.csv,1.4468670644030392,2.035337591005598,71.08732579778997,4,24,0.0721765905201237,0.0973154810605629,3.422095770106937,2.408768723613332,4.18171248971767,0.2440593280168091,-1.736850855663561,-2.0198780169470747,0.0017135739999164,0.6897837526705198,33.299978841087025,24.23860985559645,40.61670777074496,4.247035561137012,3030.375,1.7729092415867451,16.378097915148505,0.0054046439517051,3.4615780872212216
B0006,99,04852.csv,1.441380399427779,2.035337591005598,70.81775553094546,3,24,0.0727577393214578,0.097423700411414,3.421883545422636,2.4308118485818704,4.1832473219705815,0.2428697734145813,-1.7360045229798653,-2.0197856871193367,0.0020383190496457,0.6907275433832999,33.31663547841367,24.191028062692588,40.63164766168104,4.26683570811202,3021.0,1.7523853974957686,16.440619598988455,0.0054421117507409,3.4692302849547185
B0006,100,04856.csv,1.431210744960774,2.035337591005598,70.31810109956534,2,24,0.0716119669647763,0.0961826751217128,3.4195777411151886,2.398886415333129,4.183049768329545,0.2446665273221724,-1.729690117077797,-2.015287001210607,0.0021980860706101,0.6973512566768086,33.39150630507064,24.226474805349635,40.74323383889164,4.287467101852896,3021.75,1.783961332296057,16.516759033542005,0.0054659581479414,3.475102348235922
B0006,101,04860.csv,1.4260247179525716,2.035337591005598,70.06330174681324,1,24,0.0723628565579787,0.0980060822404009,3.4175281789596474,2.3814379490849835,4.183092498086332,0.245722297401989,-1.7287954627467013,-2.013949066691416,0.0005566103878417,0.6981361664490334,33.41522427488497,24.22178922960351,40.81715493531611,4.305975067808276,3012.265,1.801155304075405,16.595365705712602,0.0055092648574121,3.476558622948134
B0006,102,04864.csv,1.420487649966195,2.035337591005598,69.79125508434085,0,24,0.0721718794658254,0.0975442065322093,3.4197860540725715,2.459885297095542,4.181536580807847,0.2407283082457244,-1.7216729981632184,-2.015065571425412,0.001880313677633,0.7057008972546366,33.39690850726103,24.207764443084063,40.72877617289365,4.285807070370224,3002.641,1.7216512837123048,16.52101172980959,0.0055021601749292,3.498518475844697
B0006,103,04868.csv,1.4207006230355006,2.035337591005598,69.80171885557206,0,24,0.0732751410566286,0.098167563773746,3.4171369298988705,2.4007285025453995,4.172034399629829,0.2410676672421856,-1.7228162229694666,-2.0151971595728613,0.0022542409730723,0.7047731230966316,33.73731993653,24.266994666970984,41.45494452672042,4.471014077637284,3012.0,1.771305897084429,17.187949859749434,0.0057064906572873,3.495412211985533
B0006,104,04871.csv,1.452255804330839,2.035337591005598,71.35208482113887,0,24,0.0725534440098424,0.0940003961459088,3.4305347141293625,2.472830716079143,4.188427549455566,0.2399173597846207,-1.7486639022205694,-2.0180838913239434,0.0081523535564586,0.6776895899344237,34.08965316576344,25.01052330742872,41.39678877103747,4.25580089555811,3020.11,1.715596833376423,16.386265463608755,0.0054257180909333,3.4587361739879485
B0006,105,04875.csv,1.431557632772571,2.035337591005598,70.33514435633658,0,24,0.0737422116355231,0.0968201170137169,3.4250844180972875,2.467318928642863,4.181499335679726,0.2395763290712751,-1.7345160724760178,-2.015157068463395,0.0001978952928271,0.6925158045467315,33.9987286593769,24.81713061500866,41.36669473718026,4.306150951115894,3002.172000000006,1.7140169277039656,16.5495641221716,0.0055125303021184,3.4874974002669776
B0006,106,04879.csv,1.415015751158943,2.035337591005598,69.52241030736464,0,24,0.0735118189600125,0.0978484060677772,3.417133986279293,2.3692462667541,4.179546243153898,0.2451415502715278,-1.7271570233190523,-2.013917344838714,0.0013926531441986,0.7000238827133731,33.907397114007345,24.66015421423191,41.37787352037061,4.353243766520311,2992.703,1.810299976399798,16.717719306138704,0.0055861605064514,3.4866978029835023
B0006,107,04883.csv,1.4097311506517451,2.035337591005598,69.26276785146193,0,24,0.0736309507218721,0.0987207477814379,3.417521467040602,2.4482618595124874,4.18101558225098,0.2411899683118445,-1.7305179027385762,-2.026182069042455,0.005189848551175,0.6961800078331686,33.70518417605219,24.417272340572964,41.14095609169821,4.364693597481325,2964.468,1.7326263699483428,16.723683751125243,0.0056413777281877,3.495344574901343
B0006,108,04887.csv,1.404917318129309,2.035337591005598,69.02625512041874,0,24,0.0748372029552812,0.098555954977838,3.418162323668036,2.4598632768748825,4.182667734360821,0.2402325447407621,-1.7141443638380731,-2.01548065880372,0.0017804365403169,0.713769009765717,33.7458832944166,24.34226965648951,41.2168813199875,4.39232130812232,2983.375,1.722804457485939,16.87461166349799,0.0056562154149236,3.5180725009181217
B0006,109,04891.csv,1.395164296571563,2.035337591005598,68.54707065486149,0,24,0.0742288068586881,0.0979458341330775,3.4203319359051187,2.497869764845928,4.179947555799937,0.2370411086514229,-1.706782327346661,-2.014398878088724,0.0004526100127092,0.7208414875767243,34.01657212624259,24.68862064835225,41.40391881889191,4.358886630312631,2975.297,1.681815125745565,16.71529817053966,0.0056180267618794,3.5263788992002163
B0006,110,04895.csv,1.3945343832614077,2.035337591005598,68.51612181802287,0,24,0.0735926288328927,0.0979426342024937,3.4192916311692465,2.472236707252471,4.182316086490744,0.239406588549346,-1.7063596521950202,-2.015379938834276,0.0004074114617765,0.720844710362304,34.175023374593785,24.83379380277289,41.58657133119858,4.360925561796557,2974.9850000000006,1.710008650594919,16.752777528425685,0.0056312141165167,3.526946218005772
B0006,111,04899.csv,1.3893171179312644,2.035337591005598,68.25978766720687,0,24,0.074289615413661,0.0978280397199374,3.414352330355796,2.427874990476308,4.18300582450457,0.2425959125992081,-1.7052696591517462,-2.024938600791225,0.002731966470301,0.721833425434306,33.976109677640174,24.567907151996646,41.43504077863728,4.389037242622902,2966.25,1.7545788029516265,16.867133626640634,0.0056863493052307,3.528569125044703
B0006,112,04903.csv,1.3838379472327809,2.035337591005598,67.99058560840852,0,24,0.0743624728927986,0.100297485432866,3.412701167144591,2.427590520023505,4.182504606082063,0.2425904135126136,-1.704626557443961,-2.027018156432659,0.0013872942238959,0.7225430721555796,33.84150372451663,24.35845427718724,41.37436880579148,4.433481296923827,2956.359,1.7547916623578836,17.015914528604238,0.0057556996726731,3.532289327501142
B0006,113,04907.csv,1.3736814238195123,2.035337591005598,67.4915763306282,0,24,0.0730881915550062,0.1002855268895236,3.410409522809144,2.37337869163978,4.179533028548021,0.2447459779308061,-1.6985503106996724,-2.014779909755338,0.0037299171946931,0.7290183585855321,34.1008464215818,24.62149945751311,41.66477948989921,4.436330574408035,2956.344,1.806154336908241,17.0432800323861,0.0057649854118418,3.53094700354724
B0006,114,04911.csv,1.3786059891863676,2.035337591005598,67.73352957654757,0,24,0.0739056595619962,0.1003482635430065,3.414419320260644,2.4248604132549767,4.18250512422575,0.2421506300810272,-1.6982347588599789,-2.0151111715849144,0.0014127620211878,0.7287515618375687,34.34663683304219,24.9086579815824,41.81816829502593,4.405553881089929,2956.406,1.7575246753808385,16.90951031344353,0.00571961710044,3.538214999849637
B0006,115,04915.csv,1.3737600299108574,2.035337591005598,67.49543839713218,0,24,0.0740648635028462,0.0990365839748105,3.4131710032395315,2.426962848243194,4.1828227593786,0.2426171972291869,-1.6971165805711328,-2.0151664181090267,0.0008856833378857,0.7298100948222104,34.216231530637586,24.777867901281315,41.68664700078119,4.410463862941308,2947.266,1.7557206147580442,16.908779099499878,0.005737106558926,3.5428717231880738
B0006,116,04919.csv,1.3682580583942712,2.035337591005598,67.22511609085237,0,24,0.0743406664800701,0.1006790823074739,3.4107019261975147,2.417287750352038,4.182413969607667,0.2435491878659465,-1.6959199401004303,-2.016248522283907,0.0022565477410673,0.7311075512935267,34.041617020161176,24.55493670403353,41.565382893773936,4.434317899878168,2937.984,1.7651262192556296,17.010446189740406,0.005789836224343,3.546889786035731
B0006,117,04923.csv,1.3633024037317505,2.035337591005598,66.98163536881292,0,24,0.0749835856113319,0.1003809603504959,3.4089059214760367,2.4185087281747166,4.182451170946608,0.2437444112910234,-1.6953163120957455,-2.015018401452086,0.0029458430897076,0.7318900545211959,33.890212870710734,24.31801713066025,41.46394809540406,4.475373351133626,2929.125,1.76390317582826,17.145930964743805,0.005853601660818,3.5515019227218816
B0006,118,04927.csv,1.35809661401726,2.035337591005598,66.72586503678075,0,24,0.0736342258024834,0.1003434135011964,3.4134080258317576,2.480937393224248,4.181305580928812,0.2394932948965375,-1.689038351243322,-2.014808414619914,0.001787051783338,0.7377818063462684,34.116762412437,24.575299028638764,41.6123634180086,4.447991939075428,2928.454,1.7001617935171045,17.037064389369835,0.0058177674600215,3.561463618987753
B0006,119,04931.csv,1.353269090999531,2.035337591005598,66.48867966571198,0,24,0.074956546385791,0.0986748779007716,3.411221044859532,2.4078214169511205,4.1804870315884735,0.2431681152913038,-1.689240311218937,-2.014994164220888,0.0009686723211606,0.7378539634540039,34.49049358941505,24.98269073769502,42.0075404495327,4.442962536378549,2929.375,1.772289242260935,17.02484971183768,0.0058117686236271,3.5536698016933355
B0006,120,04935.csv,1.3841605738237488,2.035337591005598,68.00643686533974,0,24,0.075132937700244,0.0998851845039756,3.415521085221368,2.433234589649132,4.163570261072192,0.237580620103441,-1.7102007614808157,-2.014889154962298,0.0021530897065765,0.7174252697264778,34.23744800906639,25.141147272482755,41.61679232360952,4.293776222353799,2946.031,1.7303356714230604,16.47564505112677,0.0055924886910988,3.537787959283349
B0006,121,04937.csv,1.4051467790651473,2.035337591005598,69.03752897183544,0,24,0.075132937700244,0.0998851845039756,3.42298383625498,2.440822893388958,4.190012868765637,0.241823562069134,-1.730244918610445,-2.021897889619746,0.0009450807694683,0.6973693285806507,34.41428886050454,25.16934934625116,41.80245062827161,4.328069769749107,2955.438,1.7491899753766784,16.63310128202045,0.0056279648843996,3.520470318720216
B0006,122,04941.csv,1.378719022627353,2.035337591005598,67.7390831241008,0,24,0.07592804413673,0.100329706643873,3.414757022019347,2.396078253891397,4.182418011462176,0.2445287825398252,-1.715246592390148,-2.013990107965066,0.0022862143567549,0.7121617753005012,34.16445180476377,24.82143821287872,41.653004783464006,4.378207767595772,2937.625,1.786259858611798,16.831566570585284,0.0057296511878082,3.539310624569355
B0006,123,04945.csv,1.3682657783199066,2.035337591005598,67.22549538545536,0,24,0.0755087178512928,0.1011607325689791,3.414358716272361,2.449306948268824,4.182070839014939,0.2419112234011186,-1.701340492819173,-2.0141794769710484,0.0017603003484055,0.7256641483192122,33.877146811272176,24.44823164208337,41.36061809844917,4.404757383000736,2929.078,1.73267424591373,16.9123864563658,0.0057739624743232,3.5609912668412265
B0006,124,04949.csv,1.3573151296618016,2.035337591005598,66.68746922672389,0,24,0.074609599632536,0.1014589241819508,3.409188669841805,2.384185417166802,4.182701902443236,0.2464462084109986,-1.7004366132157598,-2.014245767720947,0.002448164539924,0.7265368649069731,33.839566254190565,24.316938949769007,41.42815616511055,4.458828018622951,2918.375,1.7984672107088675,17.111217215341544,0.0058632688449364,3.5592643571978884
B0006,125,04953.csv,1.3524934638801596,2.035337591005598,66.45057163278422,0,24,0.0748796033565115,0.100603352458913,3.411930366643558,2.4440756213040964,4.182270325485355,0.2429806438761624,-1.6873533635265772,-2.013969299900083,0.0010573004756267,0.7384886031504587,33.818304796930946,24.29935828307596,41.343265645039,4.437871792772333,2919.812,1.7381947041812589,17.04390736196304,0.0058373304041366,3.5761515575167264
B0006,126,04957.csv,1.3474099151661236,2.035337591005598,66.20080723318286,0,24,0.0752806088000432,0.1025451876366216,3.4094417183837504,2.429601429477468,4.182394535290608,0.2443031951554977,-1.6919294969110734,-2.014779898380345,0.0016960165224917,0.7347285295063715,33.812621135472135,24.25578525763593,41.38118673567723,4.466863184822354,2900.422,1.75279310581314,17.1254014780413,0.0059044516549803,3.57615285160192
B0006,127,04961.csv,1.3370075130842318,2.035337591005598,65.6897174696045,0,24,0.0749955637416601,0.1013873791642721,3.408189609747988,2.41022288115442,4.182061947471753,0.2457155986657216,-1.6852952939579415,-2.014211676143238,0.0020320718333584,0.7407257018236469,33.79894614410012,24.22667614097166,41.378450473707446,4.467370644654423,2901.375,1.7718390663173325,17.151774332735787,0.0059116020275682,3.581627805703955
B0006,128,04965.csv,1.3312352966718526,2.035337591005598,65.40611751852576,0,24,0.076358571154978,0.1014317733775896,3.40737851449911,2.4098927032454966,4.182288987105723,0.2462077788288872,-1.678742883507394,-2.0146307921789908,0.0080376766807166,0.7466443851634074,33.702723745621576,24.08401483096836,41.306600641009794,4.479315623296545,2901.187,1.7723962838602263,17.222585810041434,0.0059363928661066,3.589073928702687
B0006,129,04969.csv,1.3259303781727645,2.035337591005598,65.14547680110712,0,24,0.0747768653278466,0.1028088756204259,3.4085862639015,2.453938411405305,4.179662143533188,0.2434821497535617,-1.6712137513430332,-2.013369705800471,0.0010416352989289,0.7534012292601404,33.63562651984647,24.032744419693664,41.20408103671912,4.471561817284745,2891.64,1.7256954239167972,17.171336617025453,0.0059382691541912,3.597692117559135
B0006,130,04973.csv,1.321578743867529,2.035337591005598,64.93167274597319,0,24,0.0760112912097401,0.1020749534936402,3.404843616147767,2.3940396792395253,4.181392635232333,0.2477063572341242,-1.6768931248947172,-2.0139825284473383,0.0013051127215942,0.7486485013416444,33.69072406179652,24.035049734679703,41.32955629442644,4.51120927043571,2882.906,1.787352955992808,17.294506559746736,0.0059989838585603,3.5922552811059565
B0006,131,04977.csv,1.321225074066109,2.035337591005598,64.91429627717592,0,24,0.0763233749345986,0.1024320211016061,3.4081057374178703,2.45134737470238,4.182099866234647,0.2446198118970122,-1.6701186583642826,-2.01389215215322,0.001905914988572,0.7545133516985318,33.71317033815573,24.06699631246609,41.300370296451625,4.487769430372224,2883.265,1.7305364868141164,17.233373983985533,0.0059770343634683,3.602604593571803
B0006,132,04981.csv,1.3156485301862682,2.035337591005598,64.64031008911138,0,24,0.0749954456773232,0.10259630569279,3.409172854038073,2.475014603796582,4.182054276922838,0.2438022601478345,-1.6634753413292604,-2.013710255019385,0.004822714606532,0.7602099702768097,33.65376593260612,23.996723972247743,41.2436462295636,4.488489797114565,2882.969,1.7070396731262565,17.24692225731586,0.005982347454071,3.610384820264612
B0006,133,04985.csv,1.3209025697502388,2.035337591005598,64.8984510278524,0,24,0.0765591070024926,0.1030180047578761,3.4110817622184237,2.4569179775419294,4.168816046299314,0.2413885747948131,-1.6645875549232958,-2.0145340492151043,0.0016790557813109,0.7591691993982392,33.983578066068176,24.663353868241057,41.36464929786556,4.342735269173065,2891.656,1.7118980687573848,16.701295429624505,0.0057756854306406,3.6074944538985703
B0006,134,04987.csv,1.3474328767273906,2.035337591005598,66.20193537828118,0,24,0.0765591070024926,0.1030180047578761,3.416748624671716,2.438240626221148,4.190149239555381,0.2449761229412246,-1.6918384605140158,-2.01382438347875,0.0011291190058123,0.7346364622780435,33.816348135475515,24.805357555777945,40.89285784811417,4.164153248695764,2901.25,1.7518685947616457,16.087500292336223,0.0055450237974446,3.586414610451334
B0006,135,04989.csv,1.3260128072353616,2.035337591005598,65.14952669744675,0,24,0.0765591070024926,0.1030180047578761,3.4169689184247174,2.4946397780995584,4.187196878135145,0.2422765369465996,-1.6711981411684524,-2.0133154561700204,0.0015509192623282,0.7535373254787405,33.60692030225909,24.568710436075083,40.652964511118334,4.16534651230643,2891.703,1.6923372642075627,16.08425407504325,0.0055622081780332,3.608297074688067
B0006,136,04993.csv,1.3101186784831065,2.035337591005598,64.3686179763337,0,24,0.0762781646871569,0.102092852503947,3.4105763913818787,2.4367455144223555,4.18232296515852,0.2461077631267758,-1.6632769410531223,-2.0139168871011672,0.0017807462401955,0.76026616202507,33.47350597721994,24.308667818003084,40.58410707337388,4.220101662387116,2883.016,1.7453575853959569,16.275439255370795,0.0056452823207955,3.612688229250084
B0006,137,04997.csv,1.30521620229393,2.035337591005598,64.12775001365068,0,24,0.0762810507777764,0.1012304992482019,3.4113335283009314,2.485868996808533,4.1822817387062585,0.2440691110768915,-1.6559085740676296,-2.0142276812428177,0.001136289876544,0.7667495947329944,33.20917872762011,24.0037960039902,40.322783635307104,4.230962347912729,2873.453,1.6963722191401325,16.318987631316908,0.0056792255280726,3.6226198507218337
B0006,138,05001.csv,1.3004061951355774,2.035337591005598,63.89142523000749,0,24,0.0755914955823986,0.1017004816081313,3.4081283345557187,2.395755020190792,4.181394192711236,0.2486344709147781,-1.656100922060331,-2.014080368444908,0.0011258076444086,0.7667608374913484,33.58088963686094,24.35910018105313,40.78032921971219,4.263084203042243,2874.031,1.7853542532730295,16.421229038659064,0.0057136575905615,3.6158208565275047
B0006,139,05005.csv,1.300235735841116,2.035337591005598,63.88305024124815,0,24,0.0743692695675501,0.1019511695754428,3.412573242269913,2.4504684570147006,4.182109437180301,0.2456247071971734,-1.6493259508429792,-2.014831579693271,0.0035385904696668,0.7722287142049982,33.764008619560336,24.62177339088948,40.85731522464202,4.20080164096877,2874.234,1.7314241761084332,16.235541833752546,0.0056486499824831,3.623639765540072
B0006,140,05009.csv,1.2895066722480757,2.035337591005598,63.35591097744969,0,24,0.0755494638326417,0.1033905552179119,3.407693686560286,2.3942028718004007,4.181210531150237,0.2497527333909271,-1.6481131076816378,-2.014857985605384,0.0007121321492493,0.7731245144778003,33.57003564415372,24.362440700162463,40.74860220857894,4.235263844923689,2864.984,1.7868762017743878,16.386161508416475,0.005719460041807,3.623654280595503
B0006,141,05013.csv,1.279253057384795,2.035337591005598,62.85213141239902,0,24,0.0754378091325998,0.1019022250061564,3.407349960804196,2.4303844034459368,4.180183763169455,0.2486238589529354,-1.6402541382604887,-2.013906118562721,0.002070603795056,0.7793479123932031,33.272050895552354,24.05758090644101,40.47227623020844,4.244182986554632,2855.093,1.749464952254995,16.414695323767432,0.0057492681757713,3.631664210024292
B0006,142,05017.csv,1.2792078171714618,2.035337591005598,62.84990867482796,0,24,0.0752830478385875,0.1021279987143925,3.409292163767801,2.4755630989048205,4.181641969595387,0.2469967393890165,-1.6339151095418003,-2.01480412850878,0.0011760650851612,0.7850126547127957,33.12740933210319,23.84003655190612,40.28187574900838,4.253860504244577,2855.625,1.7060788706905663,16.441839197102258,0.005757702498438,3.639905467064181
B0006,143,05021.csv,1.274036760902923,2.035337591005598,62.59584486293798,0,24,0.0750426584630513,0.1023480972991154,3.409549235480477,2.446712151873903,4.1818501497507565,0.2479916134322399,-1.6340244573659812,-2.014522533445452,0.0019702593856607,0.7851240850970459,33.439116773449626,24.11614509838886,40.637565231244686,4.277338930454052,2855.594,1.7348360469235469,16.521420132855827,0.0057856334383864,3.6376146652534738
B0006,144,05025.csv,1.2741273923001468,2.035337591005598,62.600297755550194,0,24,0.0749308327002681,0.103165304469953,3.410318915287339,2.4607112018206894,4.1817089329030335,0.2478072788665609,-1.632488007933941,-2.0149438038428857,0.0040495370268256,0.7861787494110998,33.482874768414376,24.2483754316006,40.64243349478575,4.243332033578535,2847.437,1.7209199043426824,16.39405806318515,0.0057574787653546,3.6403013921816254
B0006,145,05029.csv,1.263763942644078,2.035337591005598,62.091121798604966,0,24,0.0755591813837829,0.1017155778229261,3.409269478846638,2.46197885229738,4.178725976011113,0.2485126941242148,-1.6192610042624402,-2.0150039133931816,0.0014280969271294,0.796433708568786,33.22136307064441,23.97276387413658,40.38713367022122,4.236429955987011,2847.36,1.716733646190629,16.41436979608464,0.0057647679942419,3.64693982439937
B0006,146,05033.csv,1.2581373688955233,2.035337591005598,61.8146775481072,0,24,0.07529135855581,0.1039905059221312,3.409437443506909,2.4999079970509284,4.181148894438262,0.2478508170104091,-1.6178242977824624,-2.015129426588159,0.0037301935665104,0.7975336676909265,32.985627389014255,23.67821307261489,40.15316398972329,4.2616240787456485,2837.328,1.681240897387334,16.474950917108398,0.0058065020741727,3.6524668929163857
B0006,147,05037.csv,1.253259864055301,2.035337591005598,61.57503647520722,0,24,0.0769588874531759,0.1027814179991246,3.403885091976961,2.4061574188511727,4.181246648937272,0.2536325963953785,-1.6181015728870056,-2.015749061229573,0.001436003251364,0.7972314769163537,32.97018278153956,23.51872262795036,40.26211669866818,4.327862640761143,2837.281,1.775089230086099,16.74339407071782,0.0059012110787468,3.649047136883145
B0006,148,05041.csv,1.2532313315493426,2.035337591005598,61.573634619019614,0,24,0.0758245422515517,0.1041063706998522,3.4065929107527846,2.40921365026611,4.182124874468928,0.2530513297922528,-1.61809852978642,-2.014223314502266,0.0088086122111483,0.797542939991941,33.31018716138479,23.900390232503312,40.65437976632703,4.322044626360094,2838.515,1.772870156443942,16.75398953382372,0.0059023783682044,3.64908821018458
B0006,149,05045.csv,1.2480874960313575,2.035337591005598,61.32090821428379,0,24,0.0759119158447739,0.1049438515440013,3.4095930016592684,2.4705399687343235,4.179545017207998,0.2494995181186242,-1.6103535053387172,-2.016335249580649,0.0018528412705641,0.8036046939062108,33.23406652671602,23.92716190106188,40.41021687551566,4.254302221446296,2828.328,1.7089256879013597,16.48305497445378,0.0058278442155414,3.6542668517648806
B0006,150,05049.csv,1.2534354284944844,2.035337591005598,61.58366228941904,0,24,0.0762929715531933,0.1064712631533319,3.409409922814414,2.4996841687041944,4.164241788212258,0.2454220315222469,-1.611644410040853,-2.01499403966668,0.000657295059648,0.8024149556477133,33.117656712920734,23.56322177792888,40.49521984011741,4.387544833148326,2838.265,1.6645576195080634,16.93199806218853,0.0059656156356747,3.6580522798372193
B0006,151,05052.csv,1.28980487732669,2.035337591005598,63.37056235911393,0,24,0.0744494476629702,0.0976349035137695,3.4195489282896943,2.4839695531514434,4.189238693156103,0.247075390602279,-1.6420364978388975,-2.0181368086516467,0.00114204030608,0.7786975534845754,33.784170366860046,24.18298607119453,41.357879741754175,4.447709795942977,2864.547,1.7052691400046591,17.174893670559644,0.0059956752919605,3.6398031536228177
B0006,152,05056.csv,1.2635402021758837,2.035337591005598,62.080129004624105,0,24,0.0752876188558989,0.1013128184675522,3.4151799904188,2.4675402264113453,4.180842923747738,0.2484846023322681,-1.6194806393973795,-2.014277449216773,0.0006389432339644,0.7963677470483693,33.806439563441614,24.13790128994837,41.37902988743146,4.464654610226889,2846.39,1.7131223907849833,17.241128597483087,0.0060571912483823,3.650524661197816
B0006,153,05060.csv,1.2479761706842851,2.035337591005598,61.315438588627366,0,24,0.0752509146509656,0.1026311415061905,3.4154594925159083,2.4946438160388325,4.18123823034649,0.2484734226253407,-1.6048643562670923,-2.0138128429431967,0.0057812483075358,0.8073736815947106,33.63735785291911,23.963097388160715,41.20920760771975,4.45835030288786,2837.969,1.6863891267457745,17.246110219559032,0.006076919874586,3.6589072527565594
B0006,154,05064.csv,1.2321202877943334,2.035337591005598,60.53640895934027,0,24,0.0757955584221838,0.1033762243070195,3.4130336456755868,2.4577382116375843,4.1798277092808815,0.2517551149277509,-1.5916400783224374,-2.014917756386988,0.0023397381848139,0.8172445185870439,33.58195933847606,23.85096067907487,41.20630554355683,4.47974971452814,2838.156,1.721905554225336,17.35534486448196,0.0061150073725623,3.662486137353293
B0006,155,05068.csv,1.2271137666213534,2.035337591005598,60.29042906907026,0,24,0.0763431463339071,0.104593793917714,3.409452435657409,2.40986495422137,4.180792839927961,0.2558428976747597,-1.5901105081883435,-2.014930078850297,0.0010089516629164,0.8184044710265609,33.56245583951572,23.75303412345965,41.28239317323536,4.522872570715212,2829.843,1.770788532745966,17.529359049775714,0.0061944634560206,3.662847393556147
B0006,156,05072.csv,1.2217397581377356,2.035337591005598,60.02639382954212,0,24,0.0754857475272783,0.1041567019889631,3.4138496008165014,2.479418189447868,4.181365190126037,0.2526075741654633,-1.5767754479909837,-2.0147963353542564,0.0008594805850041,0.8276512934901961,33.5111267532655,23.71579098948608,41.1595683576961,4.4961918343252085,2829.625,1.7019470006781692,17.44377736821002,0.0061646958053487,3.670444026569781
B0006,157,05076.csv,1.211102678915174,2.035337591005598,59.50377393250057,0,24,0.075678173941146,0.1049894160585908,3.410900672125043,2.434585389303289,4.180594670510683,0.2558413745088106,-1.575262673173442,-2.015518745222527,0.0011992086586358,0.8286780991319167,33.53675907012135,23.759120931060004,41.230427315370186,4.50489443652612,2819.437,1.7457739697629973,17.471306384310182,0.0061967358675899,3.670510796042638
B0006,158,05080.csv,1.2056159765131735,2.035337591005598,59.23420182680926,0,24,0.0763973061822181,0.1062555849514584,3.4105744140130074,2.425682710641569,4.181424135030176,0.2574113180721191,-1.5684640005188113,-2.0147884579094577,0.0016688329956906,0.8331275074290732,33.498030695567785,23.66231577866041,41.21487873613708,4.515103155298934,2819.579,1.7555945255701433,17.55256295747667,0.0062252424767941,3.6732481925230673
B0006,159,05084.csv,1.2008936262717274,2.035337591005598,59.002183793913154,0,24,0.0755408955239052,0.1032519942992523,3.409651424735992,2.417924401749313,4.181921994951423,0.2586301712028549,-1.5671286757845893,-2.0146138657111945,0.0026713892198369,0.8343391999172229,33.516977262709986,23.65025525718372,41.27439823262361,4.535239372672532,2810.672,1.7639975932021097,17.62414297543989,0.006270437452481,3.674329975569497
B0006,160,05088.csv,1.1905903985558337,2.035337591005598,58.49596665522202,0,24,0.0775855591124683,0.1047311376075346,3.412857837344254,2.4541577949851603,4.179593598747663,0.2566591100275605,-1.5537993411647464,-2.0148417510809367,0.0021054554350767,0.8433112637469293,33.531923269271225,23.71646710308953,41.237668013317766,4.502246904053901,2811.485,1.7252738385565407,17.521200910228234,0.0062320093865797,3.678290259236324
B0006,161,05092.csv,1.185179251041941,2.035337591005598,58.23010670462684,0,24,0.0791409953998212,0.1041059746959914,3.4134509017056525,2.463616101176541,4.180557596235595,0.2567709113663713,-1.5521827524962777,-2.013981544237104,0.0030546197767952,0.8440916037889512,33.567636169584304,23.75283925140291,41.24068073261839,4.496290148311116,2802.422,1.716822170578407,17.487841481215476,0.0062402598470949,3.6796146335024345
B0006,162,05096.csv,1.1796706818144624,2.035337591005598,57.95946024028492,0,24,0.0770348037702638,0.1043025357256912,3.414388187503409,2.470375229475307,4.181414159913002,0.2572762063388334,-1.5452652929126829,-2.014023708028726,0.0020243726684846,0.8484593754616506,33.60493096509702,23.80606714012504,41.28133907077437,4.488329317304785,2801.625,1.7110389304376952,17.47527193064933,0.0062375485408108,3.681995151048059
B0006,163,05100.csv,1.1745952836753917,2.035337591005598,57.71009629390572,0,24,0.0755865731223018,0.1054502286771071,3.412419038813061,2.4357634426689945,4.180815073540562,0.2603750152498408,-1.538651770825325,-2.016504705213686,0.0039411217828642,0.852788066566617,33.54281440778599,23.71321070187237,41.28338645880181,4.504875187073712,2802.031,1.7450516308715676,17.570175756929437,0.0062705144079167,3.683025997194161
B0006,164,05104.csv,1.15381833159625,2.035337591005598,56.68928519254556,0,24,0.0768002402725307,0.1050583889524579,3.414810305745517,2.481190011798763,4.1697037841892834,0.2571955455440005,-1.5169723774339865,-2.0192733708647617,0.0022476647345707,0.8662067028044486,33.472459360982775,23.707339766856947,41.14919304328959,4.46644638600335,2793.39,1.6885137723905204,17.441853276432646,0.0062439735505721,3.686805673260872
B0006,165,05108.csv,1.1644009557372264,2.035337591005598,57.20922960804411,0,24,0.0777337947396853,0.1055258410926404,3.4166177332601,2.491537251958465,4.180283727512206,0.2583040811189993,-1.5238501013926742,-2.014625681416588,0.0020222968056506,0.8618411900618512,33.58210389885497,23.791460085164704,41.26268252018065,4.472936661985694,2793.39,1.6887464755537414,17.471222435015942,0.0062544873558708,3.6878725126827527
B0006,166,05112.csv,1.1587974947916069,2.035337591005598,56.93392093343496,0,24,0.0764975846096731,0.1066836025369429,3.4121341541171764,2.40904100737121,4.181170015245673,0.2641722962540336,-1.5237928146868025,-2.016243208356173,0.000365940232113,0.8618851863140047,33.6634605108384,23.802896883148367,41.45791806300034,4.514680880463745,2792.485,1.7721166953233085,17.655021179851975,0.0063223333983358,3.686603372966167
B0006,167,05116.csv,1.1749748834769171,2.035337591005598,57.72874675283711,0,24,0.076934450861607,0.1058981228130979,3.419700177568569,2.475767645530351,4.1575524997258,0.253336381366773,-1.539131085939872,-2.013736316594881,-0.0004237695743895,0.8526242406974837,33.730546074122294,24.698597962486065,41.11666214070682,4.174064196950936,2802.016,1.6817773289180162,16.418064178220757,0.0058593755989333,3.682529508413813
B0006,168,05118.csv,1.1856752327929356,2.035337591005598,58.254475229690506,0,24,0.076934450861607,0.1058981228130979,3.4234687742187893,2.4160441724133666,4.188511527828155,0.2623534872197856,-1.5426703969635052,-2.014876364498059,0.0032206172427055,0.8509716769739258,33.8912822372509,24.907725860706154,41.36263766174168,4.087036869661533,2820.39,1.772467355414788,16.454911801035525,0.0058342682398659,3.679854871598435
B0025,1,04003.csv,1.847011162956716,1.8489837601535537,99.89331452015166,27,24,0.0504980686897653,0.0774432313466362,3.400080836543819,1.9182683747066007,4.196965327364252,0.2772591218929377,-1.0680263652396946,-4.027931217882849,0.0036224513860078,1.7777687414266676,33.13281956573637,26.503791065076168,41.81748104839704,4.256134631485754,6515.422000000006,2.2785630351407424,15.313689983320874,0.0023503757674208,3.29076849106023
B0025,2,04005.csv,1.8485654344528384,1.8489837601535537,99.97737537182692,26,24,0.0504980686897653,0.0774432313466362,3.4067357604110757,1.8939610306669548,4.202556431495687,0.2750412424286755,-1.0683949803553137,-4.0283470601196845,0.0038947878766607,1.7779202613460972,32.848310333012144,26.21789049788759,41.50441060959557,4.230354689465088,6516.219,2.3085236422784576,15.286520111707976,0.002345918716315,3.298960417797109
B0025,3,04007.csv,1.847111177186175,1.8489837601535537,99.89872366606276,25,24,0.0504980686897653,0.0774432313466362,3.407792325190085,1.82462740970999,4.202713117217314,0.2778329324896487,-1.071886802134967,-4.028306841028089,0.003763709856671,1.7795472187375725,33.07297579198606,26.41967592691752,41.67077619357013,4.175549321161961,6489.5,2.3780857075073243,15.251100266652609,0.0023501194647742,3.300970955109493
B0025,4,04009.csv,1.8489837601535537,1.8489837601535537,100.0,24,24,0.0504980686897653,0.0774432313466362,3.425685226676254,1.9612044915457985,4.203084581094102,0.264581610677064,-1.069881568315977,-4.028897912512196,0.0054093415651858,1.7787946975419038,33.12836651135456,26.557301540486087,41.58349706133725,4.126800254625657,6471.25,2.241784365711526,15.02619552085116,0.0023219927403285,3.3312442827667548
B0025,5,04011.csv,1.837012071856044,1.8489837601535537,99.35252604400834,23,24,0.0504980686897653,0.0774432313466362,3.4102415310941074,1.7869386268841287,4.200058863569411,0.2778380992651503,-1.0696478002906964,-4.029600870864891,0.0032108902176176,1.778148458609166,33.20066590827124,26.61720163533676,41.82908827830225,4.138429912648982,6466.672,2.413120236685282,15.211886642965492,0.0023523516644984,3.307284557122448
B0025,6,04015.csv,1.817549211247137,1.8489837601535537,98.29990129800782,22,24,0.0487078560405399,0.0736334992008756,3.395651158058304,1.9399607811955053,4.178122904439056,0.2734005747551522,-1.0609975004031984,-4.02823190197934,0.0031691595779807,1.7740420583153085,32.8030291471027,26.38695918330851,41.15307253815554,4.08411124067253,6410.672,2.238162123243551,14.766113354847032,0.0023033643516384,3.295719561707997
B0025,7,04019.csv,1.839863822522073,1.8489837601535537,99.50675945197467,21,24,0.0482804259796978,0.0721569924368534,3.3987545550856617,1.7632585904014149,4.198227921922519,0.2840299375934011,-1.070055639766417,-4.0284426372332245,0.0119423208121402,1.778445628990846,32.70663040910488,26.182583925840603,41.167510218490015,3.945344237822393,6474.156,2.434969331521104,14.984926292649412,0.0023145760300878,3.290944646417528
B0025,8,04022.csv,1.8430595619731431,1.8489837601535537,99.67959706796351,20,24,0.0482804259796978,0.0721569924368534,3.4107861698937034,1.7411634552856723,4.201052747751877,0.2792990737942085,-1.067318929808056,-4.028591260100669,0.0042511214256072,1.776865523323763,32.88774741633189,26.57839299781365,41.40744159178738,4.046522129005723,6460.75,2.4598892924662046,14.82904859397373,0.0022952518815886,3.317139110351854
B0025,9,04024.csv,1.8401871729536057,1.8489837601535537,99.52424746017144,19,24,0.0482804259796978,0.0721569924368534,3.4362212866947472,1.990361763373611,4.2014816169511375,0.2573254249297995,-1.0619524466901569,-4.028787836120025,0.0049952267545269,1.7746976311944664,32.85054388832057,26.5161784839492,41.089112912518665,3.975290655699026,6448.907,2.2111198535775265,14.572934428569464,0.0022597526105694,3.3560222888286817
B0025,10,04026.csv,1.8281265632888253,1.8489837601535537,98.87196430200144,18,24,0.0482804259796978,0.0721569924368534,3.429899192703782,1.8524105657072527,4.201461223125712,0.2641807749523518,-1.0617949104462785,-4.029715142311533,0.0092311991273628,1.7743671647253518,33.21344988692114,26.77614510176613,41.56081694228564,3.964414958939921,6447.125,2.3490506574184598,14.784671840519511,0.002293219355995,3.3465088722992067
B0025,11,04030.csv,1.8253563336445804,1.8489837601535537,98.72213985767992,17,24,0.0487839475735373,0.071169333870136,3.406197718925981,1.7970500760271888,4.190430872833885,0.2745339232441812,-1.061639295459564,-4.027391825734414,0.0044833668306618,1.7741491671215104,32.54793058844526,26.14548341054868,41.027186904575295,4.091844842351788,6431.219,2.3933807968066967,14.881703494026612,0.0023139786553725,3.3099590959724585
B0025,12,04034.csv,1.821418055262616,1.8489837601535537,98.50914294192349,16,24,0.0476113403897874,0.0700800727152683,3.431364532702854,1.9099130781506344,4.197641122625931,0.2608460551851093,-1.0590758191027096,-4.027595208325832,0.0048903897606496,1.7730500834196778,32.95568065114475,26.576468758844456,41.20659187421087,3.9850931014309454,6442.203,2.2877280444752963,14.630123115366416,0.0022709813887215,3.3511411423778714
B0025,13,04036.csv,1.830315627968932,1.8489837601535537,98.99035715797356,15,24,0.0476113403897874,0.0700800727152683,3.437199999112006,1.934448897147264,4.200877212432817,0.258900245686474,-1.0596169539874956,-4.028474225036271,0.0080922103240985,1.7733730839330974,33.31259035127085,26.983382387627444,41.45812420664237,3.9406599160665183,6427.079,2.2652984987311084,14.474741819014923,0.0022521493541646,3.3603851927635158
B0025,14,04038.csv,1.8175491643824844,1.8489837601535537,98.29989876339104,14,24,0.0476113403897874,0.0700800727152683,3.4349851634526334,1.842588394790376,4.20189282071032,0.2629229760087917,-1.0597552847363263,-4.029721928809883,0.0304612723211415,1.7732310742391166,33.27639301328207,26.96989321715805,41.50830652935,3.944300853930269,6417.156,2.3593044259199445,14.538413312191953,0.0022655539793939,3.3604690938065707
B0025,15,04040.csv,1.810901200296979,1.8489837601535537,97.94035184747042,13,24,0.0476113403897874,0.0700800727152683,3.4358715577304486,1.828585254411004,4.200832471783116,0.2627488021783312,-1.059854592361014,-4.028724169575779,0.0088630393451819,1.7731845302907103,33.13052620279671,26.840841260921778,41.36968179986157,3.957943496797544,6398.907,2.372247217372112,14.52884053893979,0.0022705190962987,3.364747638669643
B0025,16,04042.csv,1.808303260308424,1.8489837601535537,97.79984547610351,12,24,0.0476113403897874,0.0700800727152683,3.437200278486185,1.8355395996102943,4.200683407820828,0.2620507423945024,-1.0604451363745762,-4.030782136338009,0.0171702044621169,1.773480150448241,33.262538649813465,26.879810126294203,41.46226760798129,3.9432678289394287,6384.75,2.365143808210534,14.582457481687086,0.0022839512090038,3.367704735997272
B0025,17,04046.csv,1.7928016149381063,1.8489837601535537,96.96145815738362,11,24,0.0478278314357151,0.0695340942491581,3.388736246577245,1.949278391612896,4.176908127442872,0.2795553328013127,-1.061164896269225,-4.027991609867125,0.0044503214594592,1.7744748702177056,33.4559068625216,27.38742094844262,41.32045149274522,3.754924283155295,6284.063,2.2276297358299764,13.9330305443026,0.002217200964456,3.275038150336019
B0025,18,04050.csv,1.812563150045885,1.8489837601535537,98.03023634428006,10,24,0.0487151021823557,0.0704168042049264,3.3997812429989795,1.7363301713780446,4.198430576015103,0.2871263289207328,-1.0644657893096274,-4.027755663691591,0.0048095625873944,1.775607129268032,33.359161719231366,27.27823574015828,41.29100352861782,3.762363388624908,6370.937000000005,2.4621004046370585,14.01276778845954,0.0021994830255674,3.293110068314504
B0025,19,04052.csv,1.807772607491239,1.8489837601535537,97.77114577475294,9,24,0.0487151021823557,0.0704168042049264,3.4092528162288933,1.7105280581137303,4.201378297006623,0.281651954231953,-1.0636693462251967,-4.028543330165215,0.004504843262715,1.7750785393458162,33.19907517017467,27.15581875347668,41.08913600776219,3.735078937888736,6359.812,2.4908502388928926,13.933317254285516,0.0021908379138071,3.310271093045792
B0025,20,04054.csv,1.8048055175003967,1.8489837601535537,97.61067438204606,8,24,0.0487151021823557,0.0704168042049264,3.413290161572333,1.6755342791432477,4.201267329262803,0.2804586847639106,-1.063944284256531,-4.027516600690674,0.0054448483161886,1.7751508293862674,33.10915637159371,27.025078005866863,41.02067280816404,3.7259416734151696,6346.156,2.5257330501195554,13.99559480229718,0.0022053657052075,3.320921739084665
B0025,21,04056.csv,1.800538555899242,1.8489837601535537,97.37990104086752,7,24,0.0487151021823557,0.0704168042049264,3.418321145613461,1.6704419000715314,4.201007650907643,0.2776675021705901,-1.0644931821377202,-4.02700237666114,0.0050476896371027,1.775224602433338,32.8730319628199,26.87253908617082,40.73588950026045,3.77478980747297,6328.172,2.530565750836112,13.863350414089629,0.0021907353994312,3.332677038228623
B0025,22,04058.csv,1.7942356098033032,1.8489837601535537,97.03901399622332,6,24,0.0487151021823557,0.0704168042049264,3.422800244593675,1.7016507714607274,4.200640308563649,0.2730544333989477,-1.0611486398597036,-4.027487021545032,0.0054492434854883,1.773594506046923,32.8903015920882,26.819965319318538,40.76227622359968,3.6905163866293633,6326.062,2.498989537102922,13.94231090428114,0.0022039478753577,3.3425500090520446
B0025,23,04065.csv,1.807409052434889,1.8489837601535537,97.7514833491446,5,24,0.048428360930816,0.07150751057033,3.4103062616510487,1.8891035060983297,4.199028873312285,0.2729174681770159,-1.057828326267502,-4.029754792125187,0.0054349868742647,1.7726555367717092,32.07013291213046,26.151023423681288,39.71112605386658,3.659385648884025,6352.843,2.309925367213955,13.560102630185291,0.0021344935850272,3.316380622451385
B0025,24,04067.csv,1.7902504816962077,1.8489837601535537,96.82348327102298,4,24,0.048428360930816,0.07150751057033,3.4104689136383888,1.756482386846181,4.200691577023061,0.2771798967146915,-1.0619681305424282,-4.028900600933191,0.0059730062396821,1.7743523368104892,32.18349666127279,26.242111136505635,39.797043058510575,3.6675259649684353,6309.172000000006,2.4442091901768803,13.55493192200494,0.002148448627174,3.316381975818474
B0025,25,04069.csv,1.7961223845359495,1.8489837601535537,97.1410578742339,3,24,0.048428360930816,0.07150751057033,3.420845251582564,1.8323981556137667,4.199965507353377,0.269327891495157,-1.0623591353414312,-4.028134432056257,0.0071363997758972,1.774906253657654,32.133961271398654,26.235453942984385,39.64019141128942,3.6459978535069175,6284.297,2.3675254777557173,13.404737468305036,0.0021330528248911,3.335296061581104
B0025,26,04071.csv,1.7912236690350776,1.8489837601535537,96.87611690468934,2,24,0.048428360930816,0.07150751057033,3.426965494192803,1.89712686584404,4.200628533399999,0.264703594202633,-1.0638074812423732,-4.028496319452566,0.0055737636242089,1.7755495210247358,32.19734869129393,26.19622065765121,39.75344188854835,3.7090136956102335,6265.969,2.3035016675559588,13.557221230897142,0.0021636272427931,3.346185069838011
B0025,27,04073.csv,1.7854822365303245,1.8489837601535537,96.56559862819154,1,24,0.048428360930816,0.07150751057033,3.4343195510923628,1.993495831037156,4.200021709929957,0.2584940115750514,-1.0603658561835867,-4.030782393095651,0.0046179636191567,1.7742108649511334,32.128660226085096,26.17053084681828,39.57317189988566,3.6748925255404217,6266.641,2.2065258788928013,13.402641053067375,0.0021387280766629,3.360304537968341
B0025,28,04077.csv,1.7677890780323615,1.8489837601535537,95.60868603224245,0,24,0.047853306064257,0.0690392693292135,3.379891621690332,1.9679550948765447,4.179880908916163,0.283443677796158,-1.0606190479243294,-4.027217905704875,0.0069794067272671,1.7742160469852115,32.16680073898097,26.2919969296862,39.45687787991913,3.541681171206885,6198.75,2.2119258140396174,13.164880950232934,0.0021237960798923,3.259516111347807
B0026,1,04083.csv,1.8132504303869896,1.8165277958816064,99.81958076820806,5,24,0.0912075811726714,0.11624466028643,3.404890220315493,1.98069037313681,4.185453870728775,0.2671753381120961,-1.0495360191773455,-4.027935564812271,0.0025381346004649,1.767567523394696,32.764485625071856,26.41603138908335,40.711455499237935,4.077585320786331,6515.422000000006,2.204763497591965,14.295424110154585,0.0021940902845824,3.3189366681942123
B0026,2,04085.csv,1.8149760087078304,1.8165277958816064,99.9145739923554,4,24,0.0912075811726714,0.11624466028643,3.418631404129339,1.9296821070764223,4.191986600147927,0.263098562663331,-1.0501897262481417,-4.029362314258353,0.0026753842679465,1.767711658697259,32.560591865941106,26.345453817866563,40.56984371986605,4.085025692646043,6516.219,2.262304493071505,14.224389901999489,0.0021829207861183,3.3417435814425547
B0026,3,04087.csv,1.8135354175561995,1.8165277958816064,99.83526933459586,3,24,0.0912075811726714,0.11624466028643,3.445302257969772,2.169258771295841,4.19141376026019,0.2462349338976958,-1.0474152615120336,-4.027846247982629,0.0022300953649009,1.7662686400716856,32.70948277164228,26.842146069678503,40.42073541309615,3.931800524217798,6489.5,2.0221549889643486,13.57858934341765,0.0020923937658398,3.385464612823513
B0026,4,04089.csv,1.815149273310334,1.8165277958816064,99.92411222253808,2,24,0.0912075811726714,0.11624466028643,3.4281919482774947,1.898741105703338,4.188502919522219,0.2601170374121664,-1.0511342688931855,-4.028749226179444,0.0031754521995803,1.7682034784178895,32.89402601565415,26.73411994275517,40.839359753382105,3.996810825561115,6471.25,2.2896726040992403,14.105239810626934,0.0021796777764152,3.360350700195082
B0026,5,04091.csv,1.81429130140682,1.8165277958816064,99.8768808008412,1,24,0.0912075811726714,0.11624466028643,3.433945869545595,1.9095478812878093,4.191429313781171,0.2575144680490411,-1.051239794627214,-4.028704122042971,0.002372958802629,1.768292784484009,32.88851048708752,26.66618164782183,40.762597974826,3.973580111812301,6466.672,2.281831081289188,14.096416327004173,0.0021798563970778,3.3694316447923702
B0026,6,04095.csv,1.3863373424430123,1.8165277958816064,76.31798123794677,0,24,0.0901691939902538,0.1101986159586315,3.2986715430208906,2.044256084427152,3.986547462246525,0.2320689462209439,-0.8176606997984733,-4.028710959917574,0.0042669843413738,1.61958700707823,31.60887613480477,26.28928363042606,39.78739652537364,3.815979747285349,6410.672,1.942291377819373,13.498112894947578,0.0021055691033557,3.238673263690035
B0026,7,04099.csv,1.8165277958816064,1.8165277958816064,100.0,0,24,0.0907301345515442,0.1115298534496224,3.395711592779412,1.8584184081271529,4.1842030048921135,0.2761135120295477,-1.051071206615797,-4.028058491701451,0.007320773684125,1.7682729564539332,32.4909596779559,26.458131735942853,40.12859054534907,3.795528751394216,6474.156,2.3257845967649606,13.670458809406217,0.0021115430041238,3.2972967221863265
B0026,8,04102.csv,1.8085638576011065,1.8165277958816064,99.56158456267195,0,24,0.0907301345515442,0.1115298534496224,3.4209107644287986,1.9288388497995343,4.189253474215399,0.2625041134276122,-1.048981367462035,-4.028495234172356,0.0024839459442753,1.7670491246996236,32.63416073863936,26.47590651334998,40.39287009990307,3.939654055700299,6460.75,2.2604146244158647,13.916963586553091,0.0021540786420389,3.346099130217954
B0026,9,04104.csv,1.804936077644182,1.8165277958816064,99.36187498679048,0,24,0.0907301345515442,0.1115298534496224,3.429005234202988,1.935441772448038,4.190404777859946,0.258276251912232,-1.0490946281054965,-4.027850787866815,0.0033537086172802,1.767176346700878,32.646683898798194,26.42062980997116,40.37811271633581,3.902362160928325,6448.907,2.2548413159348657,13.95748290636465,0.0021643175977517,3.3574656211345086
B0026,10,04106.csv,1.8049315924982108,1.8165277958816064,99.36162807914714,0,24,0.0907301345515442,0.1115298534496224,3.4422746572295977,2.084244057146889,4.188068725985081,0.2482617070302753,-1.0429437842976168,-4.03024351282461,0.0049785783479378,1.763685487369418,32.95341147758712,26.668129241717903,40.6345527951007,3.839752619394187,6447.125,2.1038246688381923,13.9664235533828,0.00216630258501,3.381169134813355
B0026,11,04110.csv,1.717679232699393,1.8165277958816064,94.55837871535353,0,24,0.0902485480590142,0.110233058144547,3.391747147883427,1.896444377630184,4.137907749692748,0.2558930148459231,-1.002108129626011,-4.0277523093513175,0.0035022633535197,1.7406373925176062,32.14122281811957,26.253373650244296,40.0980220096873,3.952559301889775,6431.219,2.2414633720625643,13.844648359443005,0.0021527253790366,3.315916689224986
B0026,12,04114.csv,1.809804813280106,1.8165277958816064,99.62989927174564,0,24,0.0896150617063206,0.1090494719882374,3.433128893119263,2.039907733440496,4.186123854255208,0.2531849870337746,-1.046478428570111,-4.028862296598938,0.0024654215761141,1.7657546664531725,32.73498021932445,26.46703845524767,40.34748376711444,3.882303121815992,6442.203,2.1461801782298457,13.880445311866769,0.002154611599769,3.3653184585831903
B0026,13,04116.csv,1.806556213274488,1.8165277958816064,99.45106358241664,0,24,0.0896150617063206,0.1090494719882374,3.444561840470864,2.1312634408664395,4.1900980869893365,0.2477561697377911,-1.0467914868488972,-4.027646271570473,0.0071798509964851,1.7658777336114757,33.077725434853896,26.866927200418345,40.65512551876581,3.836540048786808,6427.079,2.058834646122897,13.788198318347462,0.0021453288995432,3.383695899146749
B0026,14,04118.csv,1.7938155707698509,1.8165277958816064,98.74969019669018,0,24,0.0896150617063206,0.1090494719882374,3.435084142217923,1.8782785619868927,4.18806162606315,0.2574818901903902,-1.0469850347811238,-4.029328017656563,0.0061861294480158,1.7658501093728307,33.067457381369145,26.846354528059383,40.78648924035223,3.8854955036454606,6417.156,2.3097830640762576,13.94013471229285,0.0021723228658135,3.3742151321681906
B0026,15,04120.csv,1.799304949381792,1.8165277958816064,99.05188092696068,0,24,0.0896150617063206,0.1090494719882374,3.4457210478614795,1.9640553148703688,4.1883484559434,0.2504847856414371,-1.0475275600281526,-4.029272047274109,0.0057412529901298,1.7661700647299972,32.902717226956746,26.721977656250186,40.64545029611132,3.881835417569717,6398.907,2.2241290395455677,13.923472639861137,0.0021759142053261,3.39228108866312
B0026,16,04122.csv,1.7842197448470132,1.8165277958816064,98.22143921453656,0,24,0.0896150617063206,0.1090494719882374,3.4449342432242034,1.9028600928182504,4.18723267594963,0.252280374336183,-1.0476470565655591,-4.028750889542927,0.0039839523366369,1.7663344224544746,33.04143942038261,26.76115770717377,40.753548433947245,3.845117447884376,6384.75,2.28437258313138,13.992390726773476,0.002191533063436,3.393070836827879
B0026,17,04126.csv,1.6818819918515189,1.8165277958816064,92.58773775246635,0,24,0.0894381163858258,0.108700830215644,3.348388974288582,2.066791178782658,4.116319031433004,0.2696805904240787,-0.99787222854682,-4.027668196882973,0.0052491922432533,1.7387120496549204,33.28920270851618,27.27201811362596,40.90407080657346,3.797931640660068,6284.063,2.0495278526503458,13.632052692947497,0.0021693055421225,3.2361383240841204
B0026,18,04130.csv,1.8007519383961936,1.8165277958816064,99.13153778757588,0,24,0.0898555538406385,0.109081841929317,3.4115903895548496,2.1735697218309302,4.182977160580856,0.2620166870308179,-1.05175253436239,-4.027827958238032,0.0037481053878815,1.7692390402604146,33.31828122927918,27.17816526533157,40.76016987388447,3.7913387722090177,6370.937000000005,2.0093267691074765,13.5820046085529,0.0021318692381596,3.313480706358242
B0026,19,04132.csv,1.795972684272296,1.8165277958816064,98.86843946699231,0,24,0.0898555538406385,0.109081841929317,3.4077180188358045,1.869998135001252,4.188680037627242,0.2724948959823716,-1.0581306387784024,-4.02962982115965,0.0051528939231688,1.7724144061714373,33.24546150252619,27.037146422025582,40.86760057065783,3.810706227516089,6359.812,2.3186819026259906,13.830454148632246,0.0021746639914249,3.31442258302381
B0026,20,04134.csv,1.7931026940553298,1.8165277958816064,98.7104462767162,0,24,0.0898555538406385,0.109081841929317,3.416993809879986,1.834360851438286,4.189566172290167,0.268466530854144,-1.0584303641401285,-4.028266984927104,0.0025270811599359,1.772485645772996,33.19381621015531,26.912811421770908,40.8457724786952,3.784182370861042,6346.156,2.3549774638791208,13.932961056924295,0.0021954961486802,3.335484281487872
B0026,21,04136.csv,1.8010267542068712,1.8165277958816064,99.14666641986548,0,24,0.0898555538406385,0.109081841929317,3.42793089154598,1.8588013920189888,4.191202777072821,0.2626371676505556,-1.058835499937123,-4.029480151507068,0.0037213046467527,1.7727585147539215,32.950371591621256,26.79458788311544,40.61328442378913,3.850650474534568,6328.172,2.3324013850538323,13.818696540673692,0.0021836790372754,3.357229768950167
B0026,22,04138.csv,1.7824572301269948,1.8165277958816064,98.12441263866944,0,24,0.0898555538406385,0.109081841929317,3.4504230620169447,2.1656553710973343,4.18738502716279,0.2436957276561686,-1.048570222149277,-4.028789778263289,0.0035330190275669,1.7673902830948418,32.98142836772341,26.68911300750602,40.55411444614823,3.802906661635959,6326.062,2.021729656065456,13.865001438642214,0.0021917270868736,3.397888330606751
B0026,23,04145.csv,1.7959303030608789,1.8165277958816064,98.86610637792464,0,24,0.0894500574420642,0.109309064317628,3.4243550860962872,2.161441726851442,4.187376898822461,0.2554673115236255,-1.0522245912177104,-4.028805091889541,0.0059127690455949,1.769369527275782,32.285643510120714,26.055865754438425,39.89740047610024,3.831893578474542,6352.843,2.0259351719710192,13.841534721661812,0.0021787937655096,3.3438652028265112
B0026,24,04147.csv,1.7783142127341005,1.8165277958816064,97.89633920085656,0,24,0.0894500574420642,0.109309064317628,3.419928142613709,1.835778475678541,4.187719914558781,0.2660387933628279,-1.0562946339613315,-4.028118554798276,0.0047367140198739,1.771008957052944,32.40988062398286,26.129925036104066,40.148009555945954,3.8443435876047727,6309.172000000006,2.3517954672230124,14.018084519841889,0.0022218580377649,3.3442874416547927
B0026,25,04149.csv,1.771719092984802,1.8165277958816064,97.53327733281075,0,24,0.0894500574420642,0.109309064317628,3.4304184604928114,1.7730752055194368,4.187714468300498,0.262946059069447,-1.0562794361681302,-4.032124737768037,0.005421915601619,1.770867877420283,32.395070835603484,26.125417290944853,40.16428171644192,3.8504712429186574,6284.297,2.414639262781061,14.038864425497067,0.0022339594111317,3.3709012418406976
B0026,26,04151.csv,1.7790749489536772,1.8165277958816064,97.93821779039985,0,24,0.0894500574420642,0.109309064317628,3.4416415585585702,1.803496921850417,4.188634886565279,0.2570633951796925,-1.0570022650761444,-4.029296562552747,0.0040769285739112,1.771244383644024,32.48055490141574,26.079677017636747,40.34822918896084,3.918386881328012,6265.969,2.3849817612591577,14.268552171324096,0.0022771501377239,3.393054199767619
B0026,27,04153.csv,1.7733229782464677,1.8165277958816064,97.62157134434764,0,24,0.0894500574420642,0.109309064317628,3.448941537538792,1.8019162984387032,4.188731148597371,0.253856036778302,-1.053295814321494,-4.029143714811075,0.0048421977648902,1.769400594255141,32.39831599080119,26.06579910051455,40.155136061235744,3.865892703095585,6266.641,2.3866404526807408,14.089336960721194,0.002248307659673,3.4106384768554907
B0026,28,04157.csv,1.768754111010884,1.8165277958816064,97.37005483874049,0,24,0.0894079114965533,0.1093666292348382,3.3679598202717265,2.094755756018166,4.16813557610843,0.2838874402607991,-1.061746365944055,-4.028758416480095,0.0038136829486532,1.774560915889312,32.5316653403438,26.214960316138946,40.01460073648428,3.77832783029608,6198.75,2.073084346320847,13.799640420345336,0.0022261972849921,3.2354206212292325
B0027,1,03162.csv,1.8233077742149364,1.8233077742149364,100.0,27,24,0.0854833449623134,0.1095147580064967,3.415635388206693,2.4407952016086623,4.201942981365258,0.2636918040281605,-1.048298128077691,-3.9783143078898098,0.0033235094318512,1.7517030347394746,33.531461449042084,26.281751283369985,42.07194057268294,4.67233735254294,6515.422000000006,1.761147779756596,15.790189289312956,0.0024235098339467,3.353622831873003
B0027,2,03164.csv,1.814238465116796,1.8233077742149364,99.50259033464356,26,24,0.0854833449623134,0.1095147580064967,3.405140913759623,2.4193060956450503,4.206957767652323,0.272867232167877,-1.049212058679183,-3.976892542613384,0.0033952109005791,1.7519905096454098,33.768115475386416,25.96471800834349,42.526459613766654,4.997679703069954,6516.219,1.7875453772086891,16.561741605423165,0.0025416183227456,3.3532526408279613
B0027,3,03166.csv,1.812859679313087,1.8233077742149364,99.4269703091488,25,24,0.0854833449623134,0.1095147580064967,3.425659661801085,2.4982363525248754,4.206087528624208,0.2676467910312525,-1.0465273412198817,-3.97684768172696,0.0040588257307502,1.750533925426768,34.0575363030056,26.16581952276488,42.65704114936764,4.958336958405212,6489.5,1.7078511760993322,16.491221626602766,0.0025412160608063,3.3967664844943823
B0027,4,03168.csv,1.814424244673997,1.8233077742149364,99.51277948426647,24,24,0.0854833449623134,0.1095147580064967,3.42016992082392,2.47983581845354,4.206597549468143,0.2726529633849986,-1.050325186760964,-3.977001193359909,0.003214423968181,1.752342226815099,34.34311925332076,26.28854598953176,43.07456793109374,5.073417175265366,6471.25,1.7267617310146033,16.78602194156198,0.0025939381018446,3.3924691092777866
B0027,5,03170.csv,1.812800333853042,1.8233077742149364,99.4237154850931,23,24,0.0854833449623134,0.1095147580064967,3.4180604683404985,2.4669313816061296,4.206708529635488,0.2742263309305423,-1.0497801003401392,-3.975861081535826,0.0026358337984817,1.752059386913408,34.3900563067441,26.342034597511443,43.12836631992577,5.081682864631995,6466.672,1.739777148029359,16.786331722414324,0.0025958223522724,3.390473686334881
B0027,6,03174.csv,1.7946038703195293,1.8233077742149364,98.42572360512388,22,24,0.1072214354338359,0.1278196252750458,3.3978401981445576,2.492471012096456,4.182675464297748,0.2726297014059319,-1.0476986183510903,-3.976047513456661,0.0045396292043965,1.7514526143020164,34.16207101391941,26.163341707715524,42.9279467397339,5.113962288585984,6410.672,1.6902044522012925,16.764605032018373,0.0026151088422584,3.365566004526912
B0027,7,03178.csv,1.816519171293833,1.8233077742149364,99.62767652191762,21,24,0.1027691804948317,0.1241743696081986,3.3984422668226397,2.4232193266263646,4.202445131277022,0.2748310341329761,-1.057277544603645,-3.976869439992001,0.0038870252283919,1.7566120097310605,33.65117316898919,25.91326636815152,42.34490965860999,4.702964598038445,6474.156,1.7789743187708034,16.431643290458474,0.0025380363541531,3.34050207416058
B0027,8,03181.csv,1.819833556519024,1.8233077742149364,99.80945522500126,20,24,0.1027691804948317,0.1241743696081986,3.411384397730043,2.4791120561344835,4.207150334625055,0.2731037619397711,-1.0548269593999815,-3.9771945719805046,0.0032034727049239,1.7547868386653585,33.993154419553875,26.32052844790478,42.50145921854708,4.933178364232746,6460.75,1.7280382784905717,16.180930770642302,0.0025044972751835,3.3741463459743084
B0027,9,03183.csv,1.816980986440728,1.8233077742149364,99.65300494718,19,24,0.1027691804948317,0.1241743696081986,3.40775629545449,2.428102703648056,4.206634870908589,0.2765079139866449,-1.0553776405080413,-3.9769324995805095,0.0036449132673063,1.7551577027864314,34.121102900157744,26.250108125500603,42.75456095698592,4.9421701613723865,6448.907,1.7782948483252308,16.504452831485317,0.0025592635824156,3.3725849087363406
B0027,10,03185.csv,1.8047602710768988,1.8233077742149364,98.98275522101451,18,24,0.1027691804948317,0.1241743696081986,3.4031041806987625,2.4202095510772232,4.206620391551443,0.277826805075985,-1.0554671306178591,-3.9758459422284784,0.003066801674998,1.7552082623367051,34.521504581092735,26.532556061939943,43.20868549225104,4.904681718332586,6447.125,1.7864108404742196,16.6761294303111,0.0025865993648814,3.3632638872062293
B0027,11,03189.csv,1.802177888140868,1.8233077742149364,98.84112345853588,17,24,0.1038115798890318,0.1231616900552123,3.38665218439762,2.3998890148152445,4.194991220811618,0.2808534608069606,-1.0556702942579712,-3.9761066659419098,0.0038525093950555,1.7554802594515793,33.91883669839733,25.910238372733108,42.59572185384836,5.103128690994327,6431.219,1.7951022059963733,16.685483481115252,0.0025944511423285,3.3440196181684776
B0027,12,03193.csv,1.810054375611175,1.8233077742149364,99.27311237350108,16,24,0.0998035553382258,0.1205651600821901,3.414036913012559,2.483742346997907,4.2023598960429815,0.2712378702320276,-1.052957458644857,-3.97580379555999,0.0041516587874309,1.753692819700695,34.20379110985749,26.318007051932856,42.63365730314649,4.897902381369004,6442.203,1.7186175490450744,16.315650251213636,0.0025326197034172,3.382150358660379
B0027,13,03195.csv,1.8191618703574552,1.8233077742149364,99.77261634507832,15,24,0.0998035553382258,0.1205651600821901,3.3945090590148355,2.382935984422233,4.206738745019596,0.2784193179888177,-1.0601013419063348,-3.976485689239373,0.0089330454467039,1.7578623087315306,34.48622307207775,26.721485029988013,42.89197473994752,4.791586135615547,6427.079,1.8235468345888195,16.170489709959508,0.0025159936123329,3.339086117048189
B0027,14,03197.csv,1.806344581230731,1.8233077742149364,99.06964730671928,14,24,0.0998035553382258,0.1205651600821901,3.4204049256076163,2.4903839742860163,4.205268152663341,0.2693644498698275,-1.0537206430621189,-3.976936142536244,0.0139192800257347,1.7542538727298096,34.40141739485764,26.679725292854272,42.73670303920533,4.815723921833884,6417.156,1.714853638833829,16.05697774635106,0.0025021953255228,3.3888908878501365
B0027,15,03199.csv,1.8120006378747944,1.8233077742149364,99.37985585867364,13,24,0.0998035553382258,0.1205651600821901,3.401908039296132,2.39789040439265,4.205946910651655,0.2766377594520737,-1.0609023642037645,-3.978429203873616,0.0056573780602169,1.7580446537638017,34.3150259504104,26.557001937562,42.71819238433457,4.836806780395173,6398.907,1.8080565062590053,16.161190446772572,0.0025256173353937,3.356295666106222
B0027,16,03201.csv,1.809238569578753,1.8233077742149364,99.22836918510691,12,24,0.0998035553382258,0.1205651600821901,3.407597938928066,2.41937557251393,4.205053312485709,0.275185921015211,-1.061328199408463,-3.9781812521692537,0.0086874909364606,1.758243732998886,34.4505269924158,26.60786055056083,42.87852551010068,4.80597340917058,6384.75,1.7856777399717787,16.27066495953985,0.002548363672742,3.367151611433375
B0027,17,03205.csv,1.7820717716005336,1.8233077742149364,97.7383959418394,11,24,0.099506803416659,0.1197168984297459,3.377409184208028,2.444119634453687,4.181855642136106,0.2771669668750389,-1.061988907424718,-3.976050497666082,0.0048115513778526,1.7587620976684957,34.74150404461673,27.16608447936004,42.99196482622249,4.662590908682849,6284.063,1.7377360076824186,15.825880346862457,0.0025184152906905,3.304428576693333
B0027,18,03209.csv,1.8145504562341048,1.8233077742149364,99.51970160470565,10,24,0.1001854567709701,0.1193863162247807,3.3771878224396685,2.395925863485738,4.20282058770571,0.2845146812889591,-1.0662806393885873,-3.975790795970914,0.0060228973007865,1.761029345141331,34.663008920131865,27.035503711204463,42.920147884014575,4.700495405735545,6370.937000000005,1.8068942166748991,15.884644172810113,0.0024932979517471,3.297193707501548
B0027,19,03211.csv,1.809153485164282,1.8233077742149364,99.22370269842408,9,24,0.1001854567709701,0.1193863162247807,3.390746744780089,2.408349641748691,4.206436642050531,0.2796941759935349,-1.0653782286766844,-3.978211822678376,0.0034942230992274,1.7607495486480975,34.47643463041281,26.890332641639585,42.77821015998406,4.662096337055001,6359.812,1.79808700030184,15.887877518344478,0.0024981677946367,3.3229055513494123
B0027,20,03213.csv,1.806555150809371,1.8233077742149364,99.08119607438309,8,24,0.1001854567709701,0.1193863162247807,3.393988266669824,2.399239705167686,4.20638281753962,0.2791573769926672,-1.0657949875596555,-3.975995723123535,0.0031924913167354,1.7611886756981487,34.45771838499012,26.74997853742709,42.71393681070588,4.662874691795739,6346.156,1.8071431123719333,15.963958273278791,0.0025155319650633,3.333684526420854
B0027,21,03215.csv,1.802401655959492,1.8233077742149364,98.85339608863094,7,24,0.1001854567709701,0.1193863162247807,3.3952705696224297,2.378335964879865,4.205465867894676,0.2795647838679762,-1.0664883306260853,-3.9770352078730906,0.0045400747971425,1.7617283965631718,34.276431502022604,26.635565264459924,42.66066961608101,4.781216605713188,6328.172,1.8271299030148112,16.025104351621085,0.0025323433610244,3.3403290406678297
B0027,22,03217.csv,1.7964331683322998,1.8233077742149364,98.52605214200834,6,24,0.1001854567709701,0.1193863162247807,3.4104656511949063,2.437999478526856,4.206584936190674,0.2747742745686552,-1.0632318841030186,-3.9760554400518497,0.0062928096652375,1.759615072978452,34.35292925698558,26.541772227520703,42.64239690775237,4.7478029885173125,6326.062,1.7685854576638178,16.100624680231668,0.0025451259693995,3.371418394290446
B0027,23,03224.csv,1.8088036930508289,1.8233077742149364,99.20451821852444,5,24,0.0975561228144068,0.11844508949428,3.400641404160476,2.484818012933219,4.202786069304105,0.2753715729825831,-1.0590432103446814,-3.9743844585266417,0.0040057363410788,1.7569657948549,33.64812848797218,25.912130164990632,41.86831727976231,4.789775136574129,6352.843,1.717902523588127,15.956187114771677,0.0025116608603064,3.35530440005934
B0027,24,03226.csv,1.7915527748749651,1.8233077742149364,98.25838512899206,4,24,0.0975561228144068,0.11844508949428,3.403879368199544,2.456168013420922,4.206301818692852,0.27601243557679,-1.0635509942186294,-3.975516779186955,0.00615075317577,1.7593696772789096,33.75077258934032,25.98951235766809,41.97207960495628,4.773998282126676,6309.172000000006,1.75013380527193,15.982567247288188,0.0025332273786937,3.359619154849804
B0027,25,03228.csv,1.7853375192239571,1.8233077742149364,97.9175070973781,3,24,0.0975561228144068,0.11844508949428,3.4141854712687336,2.4697995830050976,4.205750597989692,0.2736182604889379,-1.0638261484808669,-3.97682265503224,0.0064352014899424,1.7596922829632649,33.72038549007088,25.977709355582487,41.92250461031742,4.765376873959879,6284.297,1.735951014984594,15.944795254734933,0.0025372440632158,3.380877473650968
B0027,26,03230.csv,1.793209210325309,1.8233077742149364,98.34923295368569,2,24,0.0975561228144068,0.11844508949428,3.42305997015048,2.491582666091738,4.20589200120434,0.2715628274549709,-1.0651012851496238,-3.9771390967306814,0.0049998578208822,1.7598952235817955,33.812030459081335,25.926157732808463,42.14300769699952,4.827902265054674,6265.969,1.7143093351126022,16.216849964191056,0.0025880833378191,3.398582787633248
B0027,27,03232.csv,1.7873097711102113,1.8233077742149364,98.0256759931699,1,24,0.0975561228144068,0.11844508949428,3.40239306064299,2.394485973926669,4.205560793070628,0.278834674539607,-1.0684596107286113,-3.9746886011207567,0.0089708563171314,1.7618655759929995,33.79680193008211,25.907382263131502,42.43039551713637,4.823915018872731,6266.641,1.811074819143959,16.523013254004866,0.0026366618502647,3.362806038309961
B0027,28,03236.csv,1.7700926253324452,1.8233077742149364,97.08139516350144,0,24,0.0999652631237503,0.119612265698934,3.3633791712406205,2.4249816079125552,4.186200185347402,0.2867147405838287,-1.0694140697591354,-3.973177131970501,0.0059153411133984,1.762469716834803,33.92036482801563,26.050915731101185,42.033372446715575,4.72756659829353,6198.75,1.7612185774348466,15.98245671561439,0.0025783354249831,3.286951267491738
B0029,1,01354.csv,1.697507332205763,1.844701206961174,92.02071998435522,39,43,0.0283404555299767,0.0447022577166673,3.365186047785184,1.999936473158621,4.122758586822445,0.2651234566903362,-3.975396217019724,-4.025628898561539,-0.0003206602131699,0.4362944023040245,51.631545591665024,43.40626577176862,58.72626885895911,3.865957449792991,1572.359,2.12269937313287,15.320003087190486,0.0097433239401373,2.8034084227411524
B0029,2,01356.csv,1.844701206961174,1.844701206961174,100.0,38,43,0.0283404555299767,0.0447022577166673,3.390592899446488,1.852059092593436,4.20134576801382,0.29707473530242,-3.934248552605796,-4.025958335657771,0.00125616284071,0.5886285429117915,52.84944288631656,44.6512950787826,59.76796387174703,3.7129618584503135,1723.281,2.3491741600427,15.116668792964424,0.0087720277731631,2.778690156362971
B0029,3,01358.csv,1.8254376674722927,1.844701206961174,98.9557366029692,37,43,0.0283404555299767,0.0447022577166673,3.3944582472061784,1.8857258246963948,4.20075138362936,0.289898900922097,-3.9332952670181975,-4.026389228000425,0.0023685910867064,0.5932065805799005,52.905865867266,44.70379300888335,59.844347317645614,3.72922736372366,1705.906,2.314867525778625,15.140554308762262,0.0088753743223614,2.7917409392627857
B0029,4,01360.csv,1.815750429913437,1.844701206961174,98.4305980318933,36,43,0.0283404555299767,0.0447022577166673,3.394696317253661,1.853477749942109,4.20121939681188,0.2936390377981836,-3.932113456162452,-4.026146941716451,0.0011560987226028,0.5964453906082865,52.90438507577814,44.70284265888931,59.9199472840752,3.744692189223457,1697.688,2.34751336445888,15.21710462518589,0.0089634282772723,2.7874169725626228
B0029,5,01362.csv,1.8132993337127028,1.844701206961174,98.29772577098272,35,43,0.0283404555299767,0.0447022577166673,3.398579443319999,1.913443763136564,4.20151734595852,0.2858241390288326,-3.931581069158435,-4.025666629939814,0.0040245548503968,0.5997865631547423,52.87534956891003,44.69471969782321,59.89475354681757,3.7466090018439138,1686.094,2.2878524769167043,15.20003384899436,0.0090149385793403,2.818300777349461
B0029,6,01366.csv,1.8151647619660576,1.844701206961174,98.39884937009542,34,43,0.0281413211997284,0.0395426241816272,3.3970260675114696,1.9392366668780088,4.190431936024234,0.2821837700121911,-3.976472905870513,-4.025842153897144,0.001601147171859,0.4290418864719976,52.762650424805656,44.65632079442231,59.58813236464061,3.688275569757324,1678.563,2.251026220256134,14.9318115702183,0.0088955919856557,2.8300017049913238
B0029,7,01368.csv,1.8143317955190057,1.844701206961174,98.35369482452953,33,43,0.0281413211997284,0.0395426241816272,3.40174477993498,1.926680416628282,4.20151685379873,0.2848060717894082,-3.953172457226365,-4.02540869735572,0.0009277908051389,0.52529211521216,52.78843384352056,44.68760486959879,59.81336613073259,3.6959445845392938,1677.469,2.274792426700148,15.125761261133796,0.0090170138828996,2.831772411105129
B0029,8,01370.csv,1.801343601809866,1.844701206961174,97.6496136616763,32,43,0.0281413211997284,0.0395426241816272,3.400790257856999,1.89070792341858,4.201511694320507,0.2883714277196788,-3.952037378872224,-4.0262930686050655,0.0030934226291678,0.5283418296883389,52.7841972696045,44.675584452215,59.75433532594285,3.7154775127043775,1666.093,2.3104710938406248,15.078750873727849,0.0090503656600969,2.82668753352964
B0029,9,01372.csv,1.7881558802945825,1.844701206961174,96.93471623191812,31,43,0.0281413211997284,0.0395426241816272,3.4030834056443755,1.93249158993614,4.201805179645606,0.2832449814456796,-3.951642628329456,-4.0260391640732776,6.222737166087955e-05,0.5312312904771702,52.75173838351513,44.65379509474975,59.7737242563152,3.71884826808902,1654.328,2.269003156097848,15.119929161565445,0.009139619931214,2.828940166138447
B0029,10,01374.csv,1.7760714604539518,1.844701206961174,96.27962803687446,30,43,0.0281413211997284,0.0395426241816272,3.4052467951556413,1.971366525831792,4.201438773335668,0.2787028577878109,-3.951481216048893,-4.026327827070244,0.0023072676102569,0.5345653131595759,52.7506031720156,44.691080314771256,59.80010734859943,3.707229616518114,1643.812,2.2300152175655072,15.109027033828175,0.0091914568295085,2.848498875408655
B0029,11,01378.csv,1.7852807447597443,1.844701206961174,96.77885708660024,29,43,0.0288621768903095,0.0397409356337989,3.3969592538295337,1.852379628685352,4.19368630303113,0.2944263968506983,-3.974136073511709,-4.026273510345562,0.0016645890423313,0.4382381928177309,52.76187024768883,44.6911020162878,59.92418745751934,3.722219807612781,1652.266,2.3413066743457787,15.233085441231538,0.0092195115321815,2.797712497244208
B0029,12,01380.csv,1.7698116401111978,1.844701206961174,95.9402874260952,28,43,0.0288621768903095,0.0397409356337989,3.3978270130572263,1.8385968486453488,4.20025041732416,0.2973664181128303,-3.94933484428352,-4.027610977919839,0.0020667822164484,0.5365002904930106,52.810328108304326,44.69747135892303,60.120904895462246,3.747838187452066,1648.672,2.361502251408284,15.423433536539214,0.0093550648864899,2.791618511685752
B0029,13,01382.csv,1.7565231680521758,1.844701206961174,95.21992837776388,27,43,0.0288621768903095,0.0397409356337989,3.397654722992532,1.8332269197665616,4.200366031445772,0.2969309502595952,-3.948773942479504,-4.026372824644528,0.0001782889977949,0.5396272117120692,52.803620504971605,44.71815315905492,60.15908336784943,3.7559977775928632,1636.969,2.366672762666629,15.440930208794512,0.0094326344657684,2.798583872297745
B0029,14,01384.csv,1.7543413277348154,1.844701206961174,95.10165229548416,26,43,0.0288621768903095,0.0397409356337989,3.400358560849027,1.8809955356138472,4.199929373943819,0.2892352760561622,-3.9481894541359295,-4.026624128013423,0.0012821212895343,0.5427693156073063,52.77428656847636,44.676030389528265,60.0330623550184,3.7653230839944745,1625.187,2.318777784164136,15.357031965490137,0.0094493938023686,2.8266181590308683
B0029,15,01386.csv,1.7392875506998715,1.844701206961174,94.28559726293273,25,43,0.0288621768903095,0.0397409356337989,3.3951054015762527,1.800038174333754,4.199792574461424,0.302945808091656,-3.946655613412357,-4.027030400371651,0.0007913011353634,0.5448588154830802,52.80429201579515,44.72237198935258,60.155675284547456,3.755921186942429,1622.016,2.399509640972681,15.433303295194875,0.0095148896775339,2.7883417539910984
B0029,16,01390.csv,1.7797845109331345,1.844701206961174,96.48090998243676,24,43,0.0282937539623187,0.039916894661314,3.3952154633066995,1.9415928705254093,4.186389353535962,0.2830051025705335,-3.97371791832226,-4.026417322328161,-0.0018463528521794,0.444078464893414,52.721179096315566,44.64341438511472,59.70826330240836,3.704940936539589,1638.422,2.244483287840389,15.064848917293643,0.0091947306110963,2.831362020340158
B0029,17,01392.csv,1.7657088508465202,1.844701206961174,95.71787800557794,23,43,0.0282937539623187,0.039916894661314,3.400939370892573,1.972461938837724,4.200779737725044,0.2804077248983974,-3.924297634283963,-4.026696437352965,1.6646507974658135e-05,0.6242834374426651,52.76566676387698,44.65986995283652,59.826072535975634,3.738843219691204,1646.438,2.227955103458004,15.16620258313911,0.0092115236547863,2.8488538126759133
B0029,18,01394.csv,1.7523941408724169,1.844701206961174,94.99609661768385,22,43,0.0282937539623187,0.039916894661314,3.399096693075885,1.9166086737918733,4.20106410059631,0.2862004199725242,-3.922569043688066,-4.026796677718367,0.0006598008082064,0.6280105618754419,52.80160858510679,44.68666896928979,59.97193555147316,3.7654031989138033,1634.765,2.2840969118139567,15.285266582183368,0.0093501308030104,2.818293239032795
B0029,19,01396.csv,1.7380191225603103,1.844701206961174,94.2168366346654,21,43,0.0282937539623187,0.039916894661314,3.4005060708668395,1.941628602033569,4.20039236023258,0.2825748767962627,-3.9219324486852223,-4.026614754186135,0.0015914283878794,0.6320441638861197,52.76338281760698,44.675835276593766,59.90509096707212,3.761255666039197,1622.016,2.2585245664663245,15.229255690478354,0.0093890909155509,2.835433308641387
B0029,20,01398.csv,1.7312214443143976,1.844701206961174,93.84833911212569,20,43,0.0282937539623187,0.039916894661314,3.397536794846482,1.8754484122099284,4.200576454073823,0.2902056379846862,-3.920549166756126,-4.027889167613304,0.0009650393837989,0.6340543103505575,52.793663259837146,44.68982543817814,60.003884509148,3.779086678458053,1616.25,2.324846025790382,15.31405907096986,0.0094750558830439,2.8144827469262474
B0029,21,01402.csv,1.7379128985265808,1.844701206961174,94.211078301916,19,43,0.0279994846267451,0.0400246219184316,3.391570729569499,1.838092729412404,4.194709553890768,0.2994707696289956,-3.9453058787745454,-4.028085314718813,0.0003372827104996,0.5513406694782395,52.75741582344694,44.63042883051784,60.25771781052726,3.788955582731975,1622.218,2.356176285274489,15.627288980009418,0.0096332854030774,2.7774995874284336
B0029,22,01404.csv,1.7224270683625882,1.844701206961174,93.37160196257412,18,43,0.0279994846267451,0.0400246219184316,3.400600899974316,1.999771637867575,4.200658594506185,0.2767744553275564,-3.895864092268878,-4.029581554780258,0.0006424778434889,0.7087445485957239,52.86655414742575,44.71415991617437,59.90492726798961,3.805878718007028,1619.656,2.200771225177493,15.190767351815246,0.0093790084757598,2.863535924213701
B0029,23,01406.csv,1.7184213765608034,1.844701206961174,93.15445612959756,17,43,0.0279994846267451,0.0400246219184316,3.3937647508109445,1.8317514112942035,4.200792247486221,0.2982844086389391,-3.917907927315892,-4.027766402722573,0.0007644836711493,0.6403351680392902,52.88238533970063,44.73530608637871,60.33243416075105,3.816889325487521,1605.484,2.368824434403848,15.597128074372336,0.0097149072020476,2.7962733307140324
B0029,24,01408.csv,1.7010220930648232,1.844701206961174,92.21125278423614,16,43,0.0279994846267451,0.0400246219184316,3.399091640529144,1.9739559216587697,4.200103293228043,0.2787874526664731,-3.89292863950299,-4.026628807325158,0.0045504864908434,0.7154789941899611,52.89174684629843,44.73801386071172,59.98669670538192,3.8230723710050447,1600.75,2.225965662112944,15.2486828446702,0.0095259614834734,2.863841041307533
B0029,25,01410.csv,1.693698739563104,1.844701206961174,91.81425876297766,15,43,0.0279994846267451,0.0400246219184316,3.396460061958035,1.9069490533352145,4.200392899920808,0.2853973318793905,-3.891007378210508,-4.028075633238784,0.0007852751427292,0.7175563889265547,52.86276331800625,44.72080656471346,59.99528714045464,3.8186499078743945,1595.0,2.2932277084874846,15.27448057574118,0.0095764768499944,2.82809737294712
B0029,26,01414.csv,1.713072721286705,1.844701206961174,92.86450915856967,14,43,0.0281542783809788,0.0403131169157872,3.395334905512553,1.999627866566584,4.193452277045169,0.2776637260558032,-3.8931180785218142,-4.028992071533853,0.0017380580129921,0.7154598821154531,52.85514927949408,44.684139567457066,59.98821696841703,3.833188546677998,1612.422,2.193489192164995,15.304077400959962,0.0094913598307142,2.8589051820768008
B0029,27,01416.csv,1.6976972688567131,1.844701206961174,92.03101632124888,13,43,0.0281542783809788,0.0403131169157872,3.397203474478597,1.9297361391600047,4.200426069460966,0.2844446813383617,-3.890666120253868,-4.027443008545737,0.000843394460898,0.7199357130039661,52.84555100149494,44.69955125789035,60.01985635641876,3.822060211059573,1598.969,2.270645483799811,15.320305098528408,0.0095813646784449,2.833155208192954
B0029,28,01418.csv,1.6899314034061208,1.844701206961174,91.61003402767814,12,43,0.0281542783809788,0.0403131169157872,3.389787970407681,1.811689567857529,4.200350636061038,0.3014573754157834,-3.8880091290817527,-4.02657515612885,0.0011155218413833,0.7227608683920317,52.82153486606997,44.67589276572789,60.26410091872941,3.858508107014737,1592.187,2.3885514542200417,15.588208153001524,0.009790438028323,2.781286576197482
B0029,29,01420.csv,1.685023551367069,1.844701206961174,91.3439827007461,11,43,0.0281542783809788,0.0403131169157872,3.3967598380460484,1.9610731754377528,4.200274898374017,0.2803816705292027,-3.888014166745048,-4.026308111025025,0.0021054304856953,0.7269907939848403,52.81580315824478,44.65820525613957,59.92046248220958,3.8321932751249337,1577.484,2.238892632671708,15.262257226070012,0.009675063091651,2.853168290921579
B0029,30,01422.csv,1.678389965463405,1.844701206961174,90.98438051267186,10,43,0.0281542783809788,0.0403131169157872,3.3957223246260377,1.9482718394124845,4.200350219079989,0.281995224721687,-3.886820317431477,-4.027821145847748,0.0006492320626428,0.7290931975277238,52.80521928839473,44.66940974573534,59.887692512983016,3.837035605117106,1571.547,2.2517204155923967,15.21828276724768,0.0096836319672575,2.849898959282255
B0029,31,01426.csv,1.6737947494868326,1.844701206961174,90.73527697442772,9,43,0.0276450150366069,0.0409514389077648,3.389225842853488,1.867494399191276,4.195839706712194,0.2927822221318414,-3.88571106427998,-4.027453382422719,0.001719445173467,0.7294069077662573,52.80312343851032,44.60923646358358,60.158935395611046,3.8788713707213,1578.484,2.3280118181077496,15.549698932027468,0.0098510336069465,2.811652901739725
B0029,32,01428.csv,1.6687898927884717,1.844701206961174,90.46396709077425,8,43,0.0276450150366069,0.0409514389077648,3.394032115379612,1.926783206032701,4.20011947590298,0.2836576869374008,-3.85843433412322,-4.027257877744434,0.0012161364231368,0.7985976970795619,52.85759471288148,44.657908969411466,60.04748235788095,3.898527682083319,1574.469,2.272989334741314,15.389573388469486,0.0097744530940078,2.860392861241199
B0029,33,01430.csv,1.6492566306631429,1.844701206961174,89.40508221274533,7,43,0.0276450150366069,0.0409514389077648,3.390692269396659,1.869562035017659,4.20020354565233,0.2904183877496601,-3.856564366610415,-4.028220020010547,0.0009569528423221,0.8014176459671133,52.85638451770691,44.650393271280834,60.167863371476415,3.912283055868389,1568.281,2.330378677469085,15.51747010019558,0.0098945725288998,2.841325370912718
B0029,34,01432.csv,1.6409676757039668,1.844701206961174,88.95574359205723,6,43,0.0276450150366069,0.0409514389077648,3.3912179554575785,1.8881277069953315,4.200021865512612,0.2877510289592826,-3.85547414018331,-4.026463660977024,0.0019491662051522,0.8040871431904814,52.882092513244274,44.66166028239045,60.09738415148209,3.9222781905824777,1561.422,2.311347974450494,15.43572386909164,0.0098856836070528,2.8519962105201278
B0029,35,01434.csv,1.6456360229757092,1.844701206961174,89.20881152816123,5,43,0.0276450150366069,0.0409514389077648,3.3923453388185667,1.9264548202409049,4.200544725415334,0.2837826468448761,-3.8555734475773074,-4.02785957922289,9.386519420112688e-05,0.8065581072289095,52.87120880021078,44.67197301409441,60.02940147619038,3.917126020729298,1554.234,2.2738423200033955,15.357428462095967,0.009881027221188,2.867121515627997
B0029,36,01438.csv,1.654547743574037,1.844701206961174,89.69190985133133,4,43,0.0282563620387149,0.0405730242022363,3.3840832974347714,1.8497742851139864,4.193996290293578,0.295577756721634,-3.854823111014098,-4.0268345490967095,0.0010776613612116,0.8041122852580729,52.8949932373189,44.60925310792597,60.33090148423857,3.957908229488393,1573.734,2.344081677851685,15.721648376312594,0.0099900290495805,2.820540224968868
B0029,37,01440.csv,1.6461201520877546,1.844701206961174,89.23505583863377,3,43,0.0282563620387149,0.0405730242022363,3.3935243600466607,1.988399313722457,4.199807562252484,0.2778608617985345,-3.8279463752523526,-4.028134400513877,0.0012055515072253,0.8680723329327109,52.90577737967025,44.651733083497575,59.88870262903497,3.923579593487144,1566.578,2.2114082485300277,15.236969545537391,0.009726275707649,2.90188706411489
B0029,38,01442.csv,1.6275119188151763,1.844701206961174,88.22631614667942,2,43,0.0282563620387149,0.0405730242022363,3.388551594762018,1.882271606460696,4.199665175987453,0.2896999348510354,-3.851886221713202,-4.0269371723961935,0.000795989977969,0.8122666292286771,52.85049305569667,44.624308005806974,60.13011665786984,3.93660409359445,1550.047,2.316947855355219,15.505808652062868,0.0100034441872168,2.834402879835488
B0029,39,01444.csv,1.6200530533464497,1.844701206961174,87.82197611369305,1,43,0.0282563620387149,0.0405730242022363,3.3876827466759964,1.869301978135549,4.200099273216301,0.2912547165290044,-3.8509488961783584,-4.02674927094555,0.0012414717003364,0.8150721558178553,52.93318563948955,44.684149828783205,60.20528139553767,3.958542590338016,1543.64,2.330764779348484,15.521131566754462,0.0100548907561053,2.8330219775541425
B0029,40,01446.csv,1.612079811711934,1.844701206961174,87.38975209798645,0,43,0.0282563620387149,0.0405730242022363,3.3850191492367943,1.8433554303146653,4.2000806322388815,0.2950646361198624,-3.849366331322892,-4.027330387109479,-0.0002555217159396,0.8176876487421767,52.91920185424772,44.66301381472874,60.24494659507955,3.966282393665689,1536.781,2.3565414180860875,15.581932780350805,0.0101393320065453,2.823088002120101
B0032,1,01013.csv,1.704864107351214,1.8940319526948568,90.01242586881959,39,43,0.0706645161013223,0.0794502575395997,3.31356881404843,2.62709691854036,4.087016142066692,0.2051354787983078,-3.895034492956119,-3.994111633376854,-0.0002350790973674,0.6080511995314188,52.14812251926887,43.25683175903665,59.47600707924567,4.162142570970093,1572.359,1.459919223526332,16.21917532020902,0.0103151858578155,2.9476423429652265
B0032,2,01015.csv,1.8940319526948568,1.8940319526948568,100.0,38,43,0.0706645161013223,0.0794502575395997,3.360932103985418,2.6672646952717707,4.187844886919987,0.2223001167112324,-3.9466385151298375,-3.993584927278223,0.0015127124644952,0.4149848024335193,53.49862731805315,44.37911850231533,60.121290886265,3.966422420444163,1723.281,1.520580191648217,15.742172383949672,0.0091350002605202,2.98112626778706
B0032,3,01017.csv,1.8747686491853093,1.8940319526948568,98.98294727910267,37,43,0.0706645161013223,0.0794502575395997,3.362818742242725,2.653980741191812,4.187701456265651,0.2250827429052548,-3.9459503925460986,-3.994420868734206,0.0012837813797894,0.4181853914698253,53.56355547229223,44.42491231836779,60.28987126771494,4.009418003018807,1705.906,1.5337164475805882,15.864958949347155,0.0093000194321065,2.970927664839481
B0032,4,01019.csv,1.8654947184112376,1.8940319526948568,98.49330766342057,36,43,0.0706645161013223,0.0794502575395997,3.3620666570592657,2.614778884516638,4.187956631748198,0.2284674861621929,-3.945374357087773,-3.992737735565066,0.001716180465612,0.4205047580244795,53.636497641934646,44.42345633074317,60.57061862772471,4.069435124094006,1697.688,1.5731777472315605,16.14716229698154,0.0095112660848056,2.962250857480317
B0032,5,01021.csv,1.8527398169018068,1.8940319526948568,97.81988177473464,35,43,0.0706645161013223,0.0794502575395997,3.362352506750974,2.611753951946988,4.187837270519941,0.2289492242960854,-3.945101311125932,-3.99486611628056,0.0004071782362678,0.4229723870177471,53.66821955000141,44.41711926456754,60.44487262242978,4.082094546524633,1686.094,1.5760833185729526,16.027753357862238,0.009505848047536,2.963642082566836
B0032,6,01025.csv,1.844174397003866,1.8940319526948568,97.36764970516718,34,43,0.0697605949327327,0.077037715035224,3.3539141264171213,2.6899647104301128,4.176580463554566,0.2244227938880561,-3.9441329415172497,-3.994312241610504,0.001708441430192,0.4253845693648264,53.78514931831166,44.37941292443623,60.80514996345169,4.153189143323836,1678.563,1.486615753124453,16.42573703901546,0.0097855946062289,2.9714639366172677
B0032,7,01027.csv,1.843023847751276,1.8940319526948568,97.30690367335114,33,43,0.0697605949327327,0.077037715035224,3.359881578137895,2.6352220172441965,4.187717629562103,0.2291946678487085,-3.944073053011351,-3.994189778619774,0.0009693359917359,0.426437363731995,53.80370465565283,44.42226254081613,60.79131486140098,4.13544269537818,1677.469,1.5524956123179066,16.36905232058485,0.0097581846940747,2.9654525074913654
B0032,8,01029.csv,1.8302818174911863,1.8940319526948568,96.6341573534192,32,43,0.0697605949327327,0.077037715035224,3.358862190732693,2.616116680441599,4.18755828453692,0.2304001457020428,-3.943421894744355,-3.992661318532081,0.0012858070277202,0.4289487506493722,53.860865202701575,44.39808687756001,60.82453443905106,4.185013575157337,1666.093,1.5714416040953214,16.426447561491045,0.0098592620949076,2.963690017180549
B0032,9,01031.csv,1.8173838456081808,1.8940319526948568,95.95317771816784,31,43,0.0697605949327327,0.077037715035224,3.3601097902247443,2.637757551280405,4.1878149871796655,0.2288885440412834,-3.943170715442676,-3.9925014219671766,-0.0031257014604457,0.4311401823051378,53.86937461780675,44.39713214852311,60.93844327722512,4.192005823115738,1654.328,1.5500574358992605,16.541311128702006,0.0099988098664243,2.963914556150352
B0032,10,01033.csv,1.805799298110468,1.8940319526948568,95.34154350147844,30,43,0.0697605949327327,0.077037715035224,3.3601434422461938,2.6425811435343314,4.187881479812432,0.2288242762468338,-3.942790979301487,-3.994253875500499,0.0013400939842073,0.4339230320242537,53.919241142689074,44.42440180577051,61.056928797496845,4.215202063386342,1643.812,1.545300336278101,16.632526991726337,0.0101182659523877,2.9668434941097463
B0032,11,01037.csv,1.8149829605049184,1.8940319526948568,95.82641717963276,29,43,0.0708764987737107,0.0778915805160204,3.355149818972587,2.6868552360676885,4.180429711622443,0.2258735735685244,-3.942681377393959,-3.993279981032099,-0.0014889906843565,0.4338637353111127,54.04736439027928,44.4037484753862,61.26264235870029,4.289014057514144,1652.266,1.4935744755547544,16.85889388331409,0.0102034986396343,2.971951837563771
B0032,12,01039.csv,1.7995150369321795,1.8940319526948568,95.0097507263171,28,43,0.0708764987737107,0.0778915805160204,3.359341828328813,2.6740516269543457,4.187435297570574,0.2268971193277231,-3.9184845032163937,-3.9928213513263473,0.0016267295925668,0.5314258717289723,54.07432799473692,44.39805639027924,61.30909593373104,4.2961619722429525,1648.672,1.5133836706162285,16.9110395434518,0.0102573705039278,2.984158047556715
B0032,13,01041.csv,1.7866516942518147,1.8940319526948568,94.33059942361268,27,43,0.0708764987737107,0.0778915805160204,3.3586297517355432,2.6712280977184064,4.187467933100937,0.2269580981276824,-3.9177419538846423,-3.993630744300512,0.0038627008274447,0.5349868946169266,54.13198237630402,44.42342339410816,61.35860964032413,4.321894992484149,1636.969,1.5162398353825304,16.93518624621597,0.0103454532408469,2.9853804867327294
B0032,14,01043.csv,1.7735550719416031,1.8940319526948568,93.63913155837538,26,43,0.0708764987737107,0.0778915805160204,3.3590704748251823,2.6834486699239664,4.187491241001438,0.2265871266217959,-3.916992039332035,-3.993304107752517,0.0030013386583011,0.5380074438983674,54.1706485784692,44.405296432368274,61.48218876912336,4.357184947470344,1625.187,1.5040425710774716,17.076892336755087,0.0105076476348599,2.990741937720966
B0032,15,01045.csv,1.769995333364443,1.8940319526948568,93.4511865465663,25,43,0.0708764987737107,0.0778915805160204,3.3579238322389635,2.670098200587867,4.1874322769983605,0.2276451408062005,-3.916530168654029,-3.994079719933211,0.001424030288451,0.5396501128298057,54.230275057026425,44.433840746655626,61.55806089309812,4.381747987960367,1622.016,1.5173340764104934,17.124220146442497,0.0105573682050254,2.987321691652698
B0032,16,01049.csv,1.799526080374287,1.8940319526948568,95.01033379156536,24,43,0.0707455120034817,0.0783239856398854,3.346388148340216,2.6512994484308834,4.174276691190384,0.2291663053328331,-3.941133829882486,-3.993967806204527,0.002117883806017,0.4407527062115302,54.344649105313806,44.39020318316664,61.75555924618304,4.432646873667538,1638.422,1.5227074279668873,17.3653560630164,0.0105988298881584,2.955978081029097
B0032,17,01051.csv,1.7968530684449833,1.8940319526948568,94.86920565877436,23,43,0.0707455120034817,0.0783239856398854,3.3534652549262995,2.625703438629486,4.186860433427951,0.2317932813769743,-3.9168961856122,-3.994597299462833,0.0017108672264762,0.5379929595204344,54.34024033975075,44.38622768250236,61.788148736083365,4.413134925522897,1646.438,1.5611522810391616,17.401921053581006,0.0105694359906543,2.9675233296797474
B0032,18,01053.csv,1.7838265504081745,1.8940319526948568,94.18143911828518,22,43,0.0707455120034817,0.0783239856398854,3.3539379658636705,2.6363985091733704,4.187242083144707,0.2304534660981217,-3.9161279657117896,-3.99403993642454,0.0001165466879612,0.5411270964921422,54.38381832401512,44.4051269140013,62.026796878552666,4.451244413647465,1634.765,1.550807438245784,17.621669964551366,0.0107793291173663,2.9661704761335512
B0032,19,01055.csv,1.7696444491040102,1.8940319526948568,93.43266076298944,21,43,0.0707455120034817,0.0783239856398854,3.352033498067153,2.6091385279000474,4.187348698823322,0.2334063062606059,-3.9150746408037618,-3.996695123471853,0.0018785106032199,0.5445937902506172,54.44223460892958,44.42169542184864,62.05922080379437,4.487306711035157,1622.016,1.5782101709232743,17.63752538194573,0.010873829470206,2.9569384384573976
B0032,20,01057.csv,1.7512940457049684,1.8940319526948568,92.46380681240365,20,43,0.0707455120034817,0.0783239856398854,3.356088193037498,2.69282732587276,4.187458308694366,0.2262689826077274,-3.8893700702054983,-3.996085886074777,0.0009533628343327,0.628545663846189,54.47793957059441,44.41490041187964,61.81678431928173,4.503731219037114,1616.25,1.494554525379813,17.401883907402087,0.0107668268568613,3.005575389787256
B0032,21,01061.csv,1.7697554297961993,1.8940319526948568,93.43852025717754,19,43,0.0713326264254028,0.0789786361031034,3.348597824682181,2.6580053475407666,4.18032452902128,0.2296286392775736,-3.914545791564824,-3.9941183811183705,0.0026408049180856,0.5464050114333066,54.52288431969187,44.37973715309972,62.13034562682843,4.543689119355342,1622.218,1.5221949561598105,17.75060847372871,0.0109421843881209,2.968761374851121
B0032,22,01063.csv,1.7547726933914918,1.8940319526948568,92.64747043442298,18,43,0.0713326264254028,0.0789786361031034,3.350888760453381,2.622656733898926,4.187278944270903,0.2322389252177521,-3.888729603382459,-3.99420296582248,0.0002794086737932,0.6304656957519488,54.63737439274004,44.43505105702808,62.20855323363066,4.5680737245539245,1619.656,1.5646222103719771,17.773502176602577,0.0109736278423335,2.9782990858080964
B0032,23,01065.csv,1.7389166355812984,1.8940319526948568,91.81031149485848,17,43,0.0713326264254028,0.0789786361031034,3.351949039148667,2.6579673401898325,4.186871482774904,0.2297977031953866,-3.887437874711392,-3.994207676123932,-0.0006333733548199,0.6344083243543543,54.626766126569,44.45074387838419,62.27936068413306,4.5735692883862695,1605.484,1.5288036850133655,17.828616805748872,0.0111048237202917,2.9927526869477763
B0032,24,01067.csv,1.7337200518764075,1.8940319526948568,91.5359452837976,16,43,0.0713326264254028,0.0789786361031034,3.349297591300232,2.62449780009349,4.187368946542894,0.2323974020015665,-3.8867994146602536,-3.993823239825288,-0.0020744273359697,0.636254128119382,54.64310926864166,44.4475889304923,62.40536913200032,4.58645631645384,1600.75,1.5626387907067096,17.957780201508015,0.0112183540224944,2.980956692786904
B0032,25,01069.csv,1.7150972597500092,1.8940319526948568,90.55270991124218,15,43,0.0713326264254028,0.0789786361031034,3.351231111091802,2.6693549937573904,4.187171328295389,0.2291317651845515,-3.8600791350059622,-3.994754622163221,0.0012452126846412,0.7116283818721478,54.70581681215588,44.4423253200928,62.21600779378832,4.637857776447684,1595.0,1.517816334537999,17.773682473695523,0.0111433745916586,3.0140817738568035
B0032,26,01073.csv,1.7462926148815636,1.8940319526948568,92.1997441699393,14,43,0.0717615198628267,0.079782528012842,3.3435018088780115,2.6245992054256915,4.179483481777926,0.2326366566095288,-3.8867131837578937,-3.993552154297252,0.0008661686052773,0.6364379469664357,54.73634803491553,44.41306950471116,62.6157960112704,4.648433884272989,1612.422,1.5548842763522348,18.20272650655924,0.0112890586376018,2.974272307420597
B0032,27,01075.csv,1.719149261914565,1.8940319526948568,90.76664517029576,13,43,0.0717615198628267,0.079782528012842,3.3521161040604457,2.682984874071112,4.187057003834118,0.2289498728900617,-3.859329219112499,-3.995086500261385,0.0017493587339206,0.7138266105694623,54.72900690501432,44.42726286487183,62.26360588854172,4.644808410786285,1598.969,1.504072129763006,17.83634302366989,0.0111549023299825,3.0198044717439263
B0032,28,01077.csv,1.711582246191498,1.8940319526948568,90.3671262650154,12,43,0.0717615198628267,0.079782528012842,3.3500497479561155,2.6671246169170018,4.186996418231206,0.2298276144076936,-3.858428126429743,-3.9949368262887295,0.0029029926987244,0.7163465358686759,54.73589338579687,44.42740030389657,62.42580063958537,4.653777037967191,1592.187,1.519871801314204,17.9984003356888,0.0113042000315847,3.013586973075507
B0032,29,01079.csv,1.69510511952259,1.8940319526948568,89.49717649223231,11,43,0.0717615198628267,0.079782528012842,3.346822633241171,2.6334454972272856,4.187162136817356,0.2339444499633487,-3.8566873181204575,-3.9949029619473433,0.0030505218567754,0.7209036919981643,54.73540508711326,44.40480279768343,62.5594040849182,4.685154711078052,1577.484,1.5537166395900708,18.15460128723477,0.0115085803008048,2.999141211703505
B0032,30,01081.csv,1.7005124371100973,1.8940319526948568,89.78266890854628,10,43,0.0717615198628267,0.079782528012842,3.344566812676641,2.6133538721871226,4.187124475593186,0.2351134102742487,-3.882769576074197,-3.99441842582716,-0.0006443459607082,0.6489136023031378,54.74865999209295,44.39853762644303,62.582629376324434,4.704386198769391,1571.547,1.5736574387024076,18.184091749881404,0.0115708227306478,2.9706107908092205
B0032,31,01085.csv,1.7080989351250158,1.8940319526948568,90.18321642856696,9,43,0.0713737958044209,0.0791164876167491,3.3426166901503263,2.647938106735209,4.181856074494181,0.2317779449991885,-3.882600911283088,-3.9933943376990633,0.0024583516966073,0.6490762665720794,54.78747299373422,44.35319619672111,62.57090441669303,4.723322878585246,1578.484,1.5339179677589725,18.217708219971925,0.0115412688503475,2.981084916498605
B0032,32,01087.csv,1.691435430587127,1.8940319526948568,89.30342638520578,8,43,0.0713737958044209,0.0791164876167491,3.34732439121854,2.6715941703662405,4.18690867607217,0.230457651903625,-3.854937565206465,-3.994505933062156,0.0009777946664947,0.7256203626881594,54.781382520592445,44.39241607753322,62.42898686923908,4.700360176790798,1574.469,1.5153145057059292,18.036570791705863,0.0114556531705012,3.0164393002324945
B0032,33,01089.csv,1.6844494328889932,1.8940319526948568,88.93458373246203,7,43,0.0713737958044209,0.0791164876167491,3.345354735772452,2.646261496806368,4.186886051758731,0.2327775905282358,-3.854046236326502,-3.9949900066471686,0.000858641753728,0.7279361269799706,54.78435229628446,44.38940961934091,62.43152363917722,4.720098411154315,1568.281,1.540423024412918,18.042114019836312,0.0115043885756674,3.006255189689917
B0032,34,01091.csv,1.664037581688075,1.8940319526948568,87.8568906570165,6,43,0.0713737958044209,0.0791164876167491,3.346646262078225,2.6718636231921065,4.186961283097403,0.2317693058215027,-3.825515955469031,-3.9944555852207273,0.0008078766421049,0.7972049762219308,54.84501294402333,44.40456977005993,62.5729328576623,4.761390958467832,1561.422,1.515097659905296,18.168363087602373,0.0116357801334952,3.042308882383894
B0032,35,01093.csv,1.6686372014231974,1.8940319526948568,88.09973871079818,5,43,0.0713737958044209,0.0791164876167491,3.3430379418002483,2.6372752376377897,4.186797536056034,0.2343517511468186,-3.852185223644289,-3.994950149647624,0.0003270290264657,0.7325832091950333,54.84412055277582,44.41077624094624,62.57967644827836,4.759395362529616,1554.234,1.5492781811767675,18.16890020733212,0.0116899387140753,3.0020135598118824
B0032,36,01097.csv,1.6899344075625968,1.8940319526948568,89.22417624254612,4,43,0.0721461617558402,0.0800616640229892,3.337379818407669,2.6027515790201994,4.180871809929545,0.2365965321424925,-3.852902476090416,-3.9939090960595336,-0.0004538951829893,0.7303279575810526,54.91679435988125,44.34599596279828,62.96996562520999,4.814243162638182,1573.734,1.578120230909346,18.62396966241171,0.0118342551297815,2.983885368636668
B0032,37,01099.csv,1.669431712846442,1.8940319526948568,88.14168686389634,3,43,0.0721461617558402,0.0800616640229892,3.343534769020288,2.634449644633184,4.186876840985748,0.2348778088020348,-3.824369401335111,-3.9956769444125584,0.0031454037894103,0.8002272365744196,54.90429470994109,44.40208052480985,62.75574288944966,4.796344421143604,1566.578,1.5524271963525642,18.35366236463981,0.011715766699545,3.0266535190176684
B0032,38,01101.csv,1.6634226761839213,1.8940319526948568,87.82442523301567,2,43,0.0721461617558402,0.0800616640229892,3.3406975425250534,2.612265282912701,4.186631058593124,0.2370009785146789,-3.850082677405248,-3.995326411032614,-0.0010781432331686,0.7377247983901916,54.85304065526831,44.38078135255614,62.70443033939053,4.794161149279579,1550.047,1.574268181713152,18.323648986834385,0.0118213505699081,2.9873629504058496
B0032,39,01103.csv,1.643615219594737,1.8940319526948568,86.7786426335721,1,43,0.0721461617558402,0.0800616640229892,3.3456376475453258,2.6874948249577777,4.1868719484291095,0.2320898111364974,-3.820950546148158,-3.993341726049872,0.0005040802090653,0.8082301715801611,54.870101858468,44.42484682444376,62.46020747529598,4.793509053652859,1543.64,1.499120418285651,18.03536065085222,0.0116836572328083,3.049248643893439
B0032,40,01105.csv,1.6358000873538243,1.8940319526948568,86.36602381635556,0,43,0.0721461617558402,0.0800616640229892,3.33983349960651,2.6076358711453813,4.186758471539941,0.2390286091716939,-3.81970497525898,-3.992853792791997,0.0011578976243076,0.8109123103580228,54.91521152058179,44.41205349181541,62.78975435716677,4.824686505941705,1536.781,1.579122600394559,18.37770086535136,0.0119585685047845,3.01281942264929
B0033,1,02413.csv,0.0684257224060181,1.713169326386719,,1,24,,,3.3726641134399764,1.9848598462488805,3.6772190710694974,0.3063495078979445,-0.4032887109837347,-4.027448488189357,0.003180472315653,1.20780902927711,29.26541655615828,23.709046954662966,34.973341925251844,2.210998191892973,1819.406,1.692359224820617,11.264294970588878,0.0061911937031035,3.4806000420739154
B0033,2,02417.csv,0.6895699007862814,1.713169326386719,40.25112346837704,0,24,0.1029842008945974,0.1311935104510101,3.717995304466161,1.9816234331870684,4.191105953862248,0.3515191871467119,-0.8109495942196224,-4.027610772655682,0.0012239145172062,1.6144484682277598,32.82332257180906,25.173023588997943,47.876225604831575,5.204269058644824,3260.531,2.20948252067518,22.703202015833632,0.0069630382339053,3.893848452843624
B0033,3,02419.csv,1.1610848192311252,1.713169326386719,67.77408405274178,0,24,0.1029842008945974,0.1311935104510101,3.5247388250090337,1.287217552704193,4.19762922160552,0.3853264101999365,-1.3467063374074053,-4.028150816942063,0.0013754928034409,1.897674998541368,35.79329539654299,24.982438023452065,53.521374145800095,7.0776062450939,3265.75,2.910411668901327,28.53893612234803,0.0087388612485181,3.7853605666341545
B0033,4,02421.csv,1.2529393053824995,1.713169326386719,73.1357540719632,0,24,0.1029842008945974,0.1311935104510101,3.489168398195939,1.92499373482904,4.199816411135521,0.3818428582104297,-1.4664895935962652,-4.027874138842302,0.005999157112787,1.9382456635019951,36.38266836733648,24.55968114896303,53.59969491765948,7.494791779796175,3264.109,2.2748226763064814,29.040013768696447,0.0088967659378704,3.7713371527897728
B0033,5,02423.csv,1.302918002447558,1.713169326386719,76.05307790535623,0,24,0.1029842008945974,0.1311935104510101,3.4703882503796533,1.948018740022197,4.2005663942344365,0.3843901918349576,-1.5284631729967968,-4.033138447887385,0.0031735223078242,1.9549143508950897,36.45901475182769,24.34686554324056,53.81770081109488,7.748111314515479,3253.531,2.252484004799079,29.47083526785432,0.0090581080272031,3.764287993990151
B0033,6,02425.csv,1.3218773211472523,1.713169326386719,77.15975886255512,0,24,0.1029842008945974,0.1311935104510101,3.453967625388434,1.891347070952385,4.200743805234223,0.3907985854055648,-1.5665630077013477,-4.028549406404835,0.001190717661264,1.963684915567508,36.279780573622936,23.833054464449923,53.57104302015468,7.78859610767349,3242.578,2.3093967342818384,29.73798855570476,0.0091710942822978,3.758033827206544
B0033,7,02429.csv,1.2884694418301417,1.713169326386719,75.20969597019807,0,24,0.1127111810781862,0.1389628488152857,3.457824759345528,1.1932458808760276,4.197576934147749,0.4090336253835543,-1.5273103379999615,-4.029060240993913,0.0012234808875597,1.952188411838041,36.16552578493363,23.849523839998607,54.60856796915766,7.969140212965947,3234.625,3.004331053271722,30.75904412915905,0.0095093076103594,3.76445277880016
B0033,8,02431.csv,1.713169326386719,1.713169326386719,100.0,0,24,0.1127111810781862,0.1389628488152857,3.209334990541558,1.91705151743623,4.20050246544483,0.3346473052763692,-2.081391887401403,-4.028435536553458,0.0002512950478151,2.013349071971114,39.93652051985124,23.81162713380608,54.19146373008866,8.46994172826485,3235.36,2.2834509480086007,30.379836596282576,0.0093899400982526,3.5565773161038354
B0033,9,02433.csv,1.6560966776720512,1.713169326386719,96.66859265831935,0,24,0.1127111810781862,0.1389628488152857,3.2871463464425337,1.9084502918482384,4.199260915072752,0.3420253749196089,-2.0319336640836947,-4.027703797647405,0.0025156394444598,2.014344342538589,38.25328053802186,23.83488272116736,52.93433121063188,7.663686875039991,3236.125,2.2908106232245133,29.09944848946452,0.0089920656616986,3.619809797941624
B0033,10,02435.csv,1.6197297341990775,1.713169326386719,94.54580520743288,0,24,0.1127111810781862,0.1389628488152857,3.3197461384202485,1.9529802665635712,4.200453230054564,0.3471792806668896,-2.007342900413476,-4.029010576937479,0.0019439134034461,2.0146826109204348,37.62899446299115,23.790077881473504,52.5032036116964,7.441223273952374,3230.25,2.247472963490993,28.71312573022289,0.0088888246204544,3.648459323856148
B0033,11,02437.csv,1.604655812282729,1.713169326386719,93.66592009133984,0,24,0.1127111810781862,0.1389628488152857,3.3333097880411087,1.988995135088132,4.200671023041403,0.3483544798285514,-1.9948389441406584,-4.029371158559712,0.00079272842304,2.0148725769874782,37.32713409422701,23.77022071547008,52.17652816361563,7.392175349197428,3226.078,2.2116758879532714,28.406307448145547,0.0088052140860033,3.659402130549645
B0033,12,02441.csv,1.6255699769029337,1.713169326386719,94.88670803670396,0,24,0.0886034476771538,0.1131994824699228,3.335992217657965,1.9634548720089504,4.19613941105053,0.3431490699189217,-1.994851949410258,-4.028926555600406,0.0008138436718322,2.014675968802393,37.40237649452651,23.90835353077424,52.04937847239831,7.26433840695389,3224.5,2.23268453904158,28.14102494162407,0.0087272522690724,3.657913682162299
B0033,13,02443.csv,1.5900967306245992,1.713169326386719,92.8160868942421,0,24,0.0886034476771538,0.1131994824699228,3.3499333575510475,1.9596564991730565,4.200736119460894,0.3483540819704433,-1.982103275692543,-4.030095334789055,0.0047879231111514,2.0146314958883127,36.99574275414158,24.15904906864084,51.73549267436528,7.137379703375152,3222.188,2.241079620287837,27.57644360572445,0.0085582975312813,3.666091574210375
B0033,14,02445.csv,1.5739402299623984,1.713169326386719,91.8730101992912,0,24,0.0886034476771538,0.1131994824699228,3.352100511151755,1.9224375381620544,4.199983318886737,0.3522602383325014,-1.9816298756157715,-4.029301699475618,0.0008137321239976,2.014375457000428,36.85780455256667,24.253747041388166,51.66117418178819,7.091083624256706,3216.546000000002,2.2775457807246826,27.407427140400024,0.0085207633095873,3.6667017782754665
B0033,15,02447.csv,1.5711303351557309,1.713169326386719,91.70899285649917,0,24,0.0886034476771538,0.1131994824699228,3.364435103530164,1.9701535031712945,4.198997952942716,0.3475042196619934,-1.969132889632716,-4.028374929061863,0.0004291964092569,2.0144026426078363,36.6450177655176,24.469001088502942,51.20270858784091,6.964645705002186,3211.859,2.228844449771421,26.733707499337967,0.0083234374545513,3.672657494604792
B0033,16,02449.csv,1.5897706153457416,1.713169326386719,92.7970511063702,0,24,0.0886034476771538,0.1131994824699228,3.3619403221625435,1.9056198246248632,4.200390681379551,0.3437185661376039,-1.9747683237565223,-4.028389076445655,0.0174165102730017,2.0143321556711444,37.06472736671567,24.569584126877498,51.54633126076106,6.9152111200843605,3215.859,2.2947708567546874,26.97674713388356,0.0083886598056331,3.6677028927100106
B0033,17,02453.csv,1.6257378771074,1.713169326386719,94.89650859768062,0,24,0.0781380080118915,0.0992161368025628,3.3654741602580085,1.9194841380159544,4.19244756297013,0.32904070922602,-1.9682317715937605,-4.028586118410664,0.0003624911902617,2.0142241123386,37.66051476409482,25.65540744052788,51.68734548388082,6.714300360146025,3225.125,2.272875746013811,26.031938043352937,0.00807160592019,3.661423491147613
B0033,18,02455.csv,1.6523506333962537,1.713169326386719,96.4499310106877,0,24,0.0781380080118915,0.0992161368025628,3.3663272801721305,1.8976584375642789,4.2017771251555125,0.3199436035889106,-1.9814766540711188,-4.028842731009181,0.0011298889882579,2.0146098862031243,38.32310986221148,26.35149176429977,51.806645557310055,6.607438213743199,3234.343,2.3041186875912336,25.45515379301029,0.0078702703433155,3.655504917259442
B0033,19,02457.csv,1.6143816761595386,1.713169326386719,94.2336318596402,0,24,0.0781380080118915,0.0992161368025628,3.377217174172977,1.9491950772703672,4.201164004146235,0.3314869981371732,-1.961514846744764,-4.030100031226656,0.0078486425078858,2.0144843895425955,37.01126182016035,25.32531937014495,51.0135246257672,6.700511972957552,3218.25,2.251968926875868,25.688205255622247,0.0079820415616009,3.671548636297888
B0033,20,02459.csv,1.58697453394504,1.713169326386719,92.63384007068125,0,24,0.0781380080118915,0.0992161368025628,3.380792043459977,1.984512151427813,4.201517882926393,0.3365751854561237,-1.9543536128625176,-4.029009682675262,0.0007141636301609,2.014256437579221,36.45751890099188,24.48952813086066,50.612625791907234,6.770109027398809,3203.5,2.2170057314985803,26.12309766104657,0.0081545489811289,3.6768807714381646
B0033,21,02461.csv,1.5818355572787333,1.713169326386719,92.33387108412778,0,24,0.0781380080118915,0.0992161368025628,3.379892729676732,1.9563552671465751,4.20178668140198,0.3396532312865972,-1.9543735971035472,-4.029820948579601,-0.0002999730234341,2.0139819946593005,36.24583239287416,24.192526340264504,50.4762319652216,6.783913826045892,3194.39,2.245431414255405,26.283705624957097,0.0082280828655728,3.677540851197006
B0033,22,02465.csv,1.6919769406371152,1.713169326386719,98.76297191274718,0,24,0.0767471487132981,0.0986940175975413,3.3335163148815434,1.9541530671990093,4.1779630595627175,0.2902712141845667,-2.008024980015611,-4.029429516237868,-9.800144433961224e-05,2.0148059531109657,38.88044910257506,25.94382700697729,52.80944186421341,6.9219486621346205,3225.219,2.223809992363708,26.86561485723612,0.0083298575561027,3.593145344256408
B0033,23,02469.csv,1.6879483800354476,1.713169326386719,98.5278194068262,0,24,0.0779538361922111,0.0981600123359747,3.35231211831231,1.9044972660711088,4.196973763278454,0.3083103205165865,-1.9876053283446151,-4.029363256265371,0.0052189545604541,2.014329279118585,37.68662439550755,24.902870283744065,52.001298745862094,7.120830785260099,3252.985,2.292476497207345,27.09842846211803,0.0083303269034803,3.63126072704603
B0033,24,02471.csv,1.6586223007531458,1.713169326386719,96.81601667777817,0,24,0.0779538361922111,0.0981600123359747,3.359089419531549,1.874834635726596,4.200398891523595,0.3210764177051384,-1.9736296482799287,-4.030201623675916,0.005553090986286,2.0141687555503416,37.02885798715912,24.092897160454218,51.65598739515965,7.211203105481879,3245.25,2.3255642557969995,27.56309023470543,0.008493364219923,3.6482939822985374
B0033,25,02473.csv,1.6420179032789863,1.713169326386719,95.84679564291524,0,24,0.0779538361922111,0.0981600123359747,3.3667293867076395,1.897981208291145,4.200117032191553,0.3241420865889317,-1.9603089116784291,-4.030021583929906,0.0072652801665868,2.0138194799945666,36.84829116229335,23.94183770011008,51.50939532095622,7.225118156431512,3235.031,2.3018147339864203,27.56755762084614,0.0085215744828553,3.6590848879804394
B0033,26,02475.csv,1.6381810791118745,1.713169326386719,95.62283505081172,0,24,0.0779538361922111,0.0981600123359747,3.376711639438572,1.991339490634848,4.199696801054791,0.3218890305113085,-1.9466374008279723,-4.029862208715491,0.0165003386980408,2.014209141245925,36.78338270641005,23.96470938936757,51.25839715822789,7.181065521239738,3228.141,2.2083573104199425,27.293687768860323,0.0084549242950851,3.667942978388796
B0033,27,02477.csv,1.6422892507912386,1.713169326386719,95.86263456251724,0,24,0.0779538361922111,0.0981600123359747,3.367781888938211,1.8710207024150525,4.199468615978848,0.3269708600953183,-1.959191352221616,-4.029053434590447,0.0027658545256846,2.0135388930217184,37.1454352740502,24.16761312566693,51.77188968997154,7.19425833575119,3217.875,2.328303320970605,27.60427656430461,0.0085784179199952,3.662474228982209
B0033,28,02481.csv,1.651270876264092,1.713169326386719,96.38690413321967,0,24,0.0778722131432379,0.0972564952705378,3.3728392448665945,1.9449657495126544,4.1967559287812986,0.3188898740181147,-1.9525734623288529,-4.03323407643102,0.0050232275068172,2.014001486353204,37.43950673452506,24.66297338465664,51.73759469619592,7.127511167795704,3220.219,2.251567818850435,27.07462131153928,0.0084076956603073,3.6632743878380634
B0033,29,02483.csv,1.6326559297917211,1.713169326386719,95.30032464655376,0,24,0.0778722131432379,0.0972564952705378,3.374002354868022,1.907571146047148,4.199575185389948,0.3241178895292552,-1.951938869663112,-4.029609473738784,0.0048553819624125,2.01371321388546,37.21232307005263,24.50418796820801,51.61243426951156,7.135860513901185,3210.234,2.29191251804406,27.10824630130355,0.0084443209751387,3.666741118592051
B0033,30,02485.csv,1.6260888111680731,1.713169326386719,94.91699309126032,0,24,0.0778722131432379,0.0972564952705378,3.372312698394194,1.853794752061886,4.199545032445997,0.3334977720685503,-1.944321269342409,-4.029153463598805,0.0030915203778841,2.0129920896640963,36.823942592131566,24.00539966396368,51.546238399221565,7.2376134685470035,3210.546,2.345695930575728,27.54083873525789,0.0085782414378295,3.669980082334338
B0033,31,02487.csv,1.6079292963823688,1.713169326386719,93.85699776528722,0,24,0.0778722131432379,0.0972564952705378,3.382776716165212,1.973807027309784,4.199505571389485,0.3301297198491497,-1.9306892906025632,-4.029585877984303,0.0020661891649316,2.013275115924137,36.46405070511895,23.64186235900653,51.03143629880169,7.199094033729195,3200.969,2.2256767764689127,27.38957393979516,0.008556650795367,3.6779764359227047
B0033,32,02489.csv,1.6125361114907395,1.713169326386719,94.12590376526136,0,24,0.0778722131432379,0.0972564952705378,3.375532247108578,1.8729343749213587,4.199241343123339,0.3348079651755556,-1.9434335891264496,-4.029845065383976,0.00235749766788,2.0130217325983364,36.76266900330653,23.79581768454326,51.41437811978397,7.214383616731812,3188.625,2.326113968124885,27.61856043524071,0.0086615893795102,3.674589776000509
B0033,33,02493.csv,1.6218384168987892,1.713169326386719,94.66889185550866,0,24,0.0761301560017276,0.0981603976137327,3.3809635204151607,1.973162822681108,4.196166399561636,0.3256671740792387,-1.9370016811131343,-4.03055037109141,-1.777228155773812e-05,2.013552412352119,37.105629207043215,24.27507707334609,51.44638168113912,7.142792470237389,3191.735,2.223003576880528,27.171304607793036,0.0085130202249851,3.674947875126795
B0033,34,02495.csv,1.6145443029101134,1.713169326386719,94.24312460201364,0,24,0.0761301560017276,0.0981603976137327,3.3849609857132434,1.9801558945564504,4.199389890561037,0.3276255481394452,-1.9294565493698397,-4.028904787104472,0.0083097594190355,2.013260591695603,36.92446822577901,24.22925298889568,51.30248392082844,7.142537062788353,3190.313,2.2191498052375023,27.073230931932763,0.0084860736021615,3.678304264240448
B0033,35,02497.csv,1.5953958917107596,1.713169326386719,93.12540606103671,0,24,0.0761301560017276,0.0981603976137327,3.3815674619499325,1.8983018980313588,4.199342510279409,0.3366213934986798,-1.9282533581562027,-4.028816718572523,0.0015542698895445,2.012569358026687,36.60695698382364,23.762823270525672,51.29496206472584,7.237987602271238,3182.156,2.30104061224805,27.532138794200165,0.0086520393073753,3.679890959923784
B0033,36,02499.csv,1.5877243027113055,1.713169326386719,92.67760508297262,0,24,0.0761301560017276,0.0981603976137327,3.385185787754866,1.943860439855496,4.199371542863236,0.3353039637243562,-1.921115225154916,-4.028814615699915,0.0013151438544145,2.012719787837831,36.55039143131212,23.69664102467678,51.186634675664926,7.223188109715336,3180.156,2.2555111030077404,27.489993650988147,0.008644228035036,3.6818777135826415
B0033,37,02501.csv,1.5811840578305605,1.713169326386719,92.29584218423224,0,24,0.0761301560017276,0.0981603976137327,3.386460424025938,1.9632916036547936,4.198739953896501,0.3354386227776179,-1.9205487390114635,-4.0293423558858095,0.0025301006204114,2.0128777215080205,36.58233147774771,23.75258895554997,51.18261676158976,7.2135251665312,3171.953,2.2352578671301924,27.43002780603979,0.0086476778836381,3.68284868730209
B0033,38,02505.csv,1.6128422608267754,1.713169326386719,94.14377411417088,0,24,0.0770653853843182,0.0974835281416819,3.38478424054856,1.966790843925578,4.196658469661701,0.3232441576662498,-1.928157401644312,-4.031050217020222,0.0024156823537104,2.0131272968408664,38.03675863150647,25.367856702975423,52.16803502599322,7.034034854770694,3192.172,2.229353512110721,26.8001783230178,0.0083955934464113,3.6752858164728335
B0033,39,02507.csv,1.61998606328022,1.713169326386719,94.56076748099188,0,24,0.0770653853843182,0.0974835281416819,3.382889233805488,1.9197120509411163,4.199179844744276,0.3207668367737573,-1.9349668442210477,-4.030106767683525,0.0006400926876088,2.013176027211779,38.760697217070216,26.10767929324037,52.74767841756611,6.976550849480066,3194.735,2.2794588478867035,26.639999124325737,0.0083387195258216,3.671202745124819
B0033,40,02509.csv,1.6099381853611876,1.713169326386719,93.9742593195234,0,24,0.0770653853843182,0.0974835281416819,3.3844125991586744,1.90479520665137,4.199367783528825,0.3268825576320407,-1.9341884259387427,-4.030953176534828,0.005454941093769,2.0131623800322656,38.235160610115415,26.018215627550084,52.43795613968632,7.047619112732366,3178.75,2.2945725768774548,26.41974051213624,0.0083113615453043,3.676124123835733
B0033,41,02511.csv,1.577097753956516,1.713169326386719,92.05731912576358,0,24,0.0770653853843182,0.0974835281416819,3.385796894558174,1.9002006601986487,4.199251268298133,0.3378648523924452,-1.9188525560254728,-4.031039705836091,0.0019693936084294,2.012470470696277,37.20770413073148,24.49909135672849,51.81197793605918,7.19865523774415,3165.359,2.298880127151984,27.31288657933069,0.0086286852705587,3.682642571585185
B0033,42,02513.csv,1.5708599066554392,1.713169326386719,91.69320758086256,0,24,0.0770653853843182,0.0974835281416819,3.3829095031701564,1.851172103937757,4.199383120313636,0.3453175190459955,-1.9177244980858124,-4.029997935260405,0.0026026251110056,2.01207487890543,36.9160184906247,23.99722143079068,51.73653410504897,7.272366095043982,3155.25,2.3482110163758785,27.73931267425829,0.0087914785434619,3.683840054646046
B0033,43,02517.csv,1.6261581345348248,1.713169326386719,94.92103958950683,0,24,0.0751833989430717,0.0980921571175937,3.366946300190824,1.9532771236637267,4.1862894653699865,0.3196883807887573,-1.955575681668958,-4.029710862662991,0.0008207747777911,2.014120147879106,38.272310782775065,25.33769164423877,52.54160752520686,7.0814854987171,3173.766,2.232694411132305,27.203915880968086,0.0085714938911589,3.6594133593489935
B0033,44,02521.csv,1.6348129972245726,1.713169326386719,95.42623557664264,0,24,0.0781355937086987,0.0966684148402716,3.3716190861386144,1.8536215036991408,4.19649142433425,0.3226982472341391,-1.9478198159800648,-4.03077580772834,0.0015734936112625,2.0134560602985414,39.1034201890991,26.35335522097585,53.32326193954195,7.051112943145002,3199.485,2.342792766759154,26.9699067185661,0.0084294524645579,3.660632622243265
B0033,45,02523.csv,1.611705363734261,1.713169326386719,94.07741190029024,0,24,0.0781355937086987,0.0966684148402716,3.383250579221141,1.8889976705304927,4.1993042516227,0.3282336290392403,-1.9259112286553688,-4.031306085570448,0.0006231010202338,2.0127511714714967,38.33805950325132,25.872885571783414,52.66626648084271,7.089879588509153,3196.015,2.310068368616463,26.79338090905929,0.0083833714513415,3.674439844287904
B0033,46,02525.csv,1.8851401699720665,1.713169326386719,100.0,0,24,0.0781355937086987,0.0966684148402716,3.3541040884435995,1.9693514891283213,4.297261420299437,0.2874121371439623,-2.0032895520905885,-4.032672225135528,-0.0009158378024188,2.015029958196479,40.78203629126505,27.54619924958732,55.391416850220025,7.335422972494133,3595.281,2.3278219659517747,27.845217600632704,0.0077449349857862,3.5894908624224984
B0033,47,02529.csv,1.6584957887780232,1.713169326386719,96.80863200346876,0,24,0.077553713664608,0.0978181740364916,3.363721350351351,1.9935504677327176,4.196439332501794,0.3093765314628684,-1.979333360750941,-4.031780602841451,0.0003332014512735,2.014855385626045,38.52395699562303,25.882186329625984,52.73529025292928,7.0461904229339645,3198.0,2.202865386438924,26.853103923303298,0.0083968430029091,3.6370112782578112
B0033,48,02531.csv,1.62418934644937,1.713169326386719,94.80611877840364,0,24,0.077553713664608,0.0978181740364916,3.366918878823245,1.9102322543360104,4.198801406927717,0.3277958024394289,-1.9635759174250933,-4.030791007814564,-0.0007535608638929,2.014175504314943,37.84185542205372,24.91350298150035,52.530629852108135,7.186109175148517,3183.516,2.2885070428313856,27.617126870607784,0.0086750394440008,3.65490572447984
B0033,49,02533.csv,1.604172098856364,1.713169326386719,93.63768508742544,0,24,0.077553713664608,0.0978181740364916,3.3760336978502696,1.9518631378335147,4.199283799066005,0.3308361947421617,-1.9412525646606564,-4.0310640182247095,0.0013937024175848,2.0138830155102427,37.464100471383695,24.557603485911184,52.2186933985822,7.228466166369968,3183.797,2.2472498230531484,27.661089912671013,0.0086880821587152,3.667740196941841
B0033,50,02535.csv,1.6080016740907346,1.713169326386719,93.86122254956577,0,24,0.077553713664608,0.0978181740364916,3.372288226274132,1.8963514295309496,4.198824744163288,0.3293365663015827,-1.9409306611824064,-4.03130596458528,0.0025228711514761,2.0134163668806973,38.110532137074216,24.97536739446595,52.72731536294026,7.177041870065644,3191.516,2.302414971619425,27.75194796847431,0.0086955377846999,3.662926912746336
B0033,51,02537.csv,1.6256752138435595,1.713169326386719,94.89285085860747,0,24,0.077553713664608,0.0978181740364916,3.371464716917886,1.8979233738345112,4.1991786619721845,0.3206818886340703,-1.9482858308608435,-4.03322808557455,0.0003608441658017,2.0139045305435284,39.04860411133125,26.217649548826355,53.20573413452146,7.032986502220835,3189.985,2.301255288137673,26.988084585695105,0.0084602543854266,3.656897159276325
B0033,52,02541.csv,1.617632765910718,1.713169326386719,94.4234023453187,0,24,0.0787984673128961,0.098514061231978,3.3745591325939,1.926653197600236,4.196322805258936,0.322760105703975,-1.9406336588697688,-4.031813043363584,0.0141805898293543,2.013745365407759,38.882226863166906,26.45666493610844,53.164414772235126,7.093989055122786,3189.734,2.2693516113188554,26.707749836126688,0.0083730335620859,3.662879851927531
B0033,53,02543.csv,1.5973191489094265,1.713169326386719,93.23766917298045,0,24,0.0787984673128961,0.098514061231978,3.3793714907223658,1.939997570224548,4.199012202779581,0.3312382868311469,-1.9251256018615568,-4.030821588081266,-0.0001085318383892,2.012956533210448,38.10273900805949,25.30421479573262,52.600411784093296,7.187280841258822,3176.016,2.2587937639797144,27.29619698836068,0.008594477165216,3.673066299282368
B0033,54,02545.csv,1.5875852250170606,1.713169326386719,92.66948693072096,0,24,0.0787984673128961,0.098514061231978,3.3812950636091506,1.9585672641473333,4.198460705965928,0.3331981015049383,-1.9170834321948271,-4.032137075383287,0.0172892362912382,2.012985865288145,37.91537679971282,25.066835451881584,52.46865748904612,7.218814400894002,3171.36,2.239830898212476,27.40182203716454,0.0086404009753432,3.6760809334917295
B0033,55,02547.csv,1.5802530015403684,1.713169326386719,92.24149517510408,0,24,0.0787984673128961,0.098514061231978,3.382171233915879,1.9572832344435456,4.198803103697235,0.3355992669952938,-1.9091378265076395,-4.03124499599466,-0.0011548525975083,2.012296459369827,37.92480929373238,24.923079918284653,52.40979732740365,7.141620043805966,3170.843,2.241224340700837,27.486717409119,0.0086685835309786,3.677979344974615
B0033,56,02549.csv,1.583036530487776,1.713169326386719,92.40397350719508,0,24,0.0787984673128961,0.098514061231978,3.379562382259976,1.916168037790613,4.198672374221831,0.3347222039655111,-1.916096980886928,-4.031640962287776,-0.0014734947558618,2.012540983003033,38.34698157796738,25.34147126319954,52.83404254463567,7.201587751636387,3164.672,2.28223526358847,27.49257128143613,0.0086873367228692,3.676229839370651
B0033,57,02553.csv,1.6027138832797037,1.713169326386719,93.55256708103808,0,24,0.0801135907027095,0.1009818646643406,3.37961009118628,1.9463675093023407,4.195265814954276,0.3274557045473725,-1.9162480832673103,-4.031167247658788,0.0007354370554732,2.012744925224623,39.30988108210959,26.42711805216501,53.60145197534956,7.1133879612763256,3177.453,2.248394501398349,27.17433392318455,0.0085522378846153,3.672543971035569
B0033,58,02555.csv,1.5930709154513834,1.713169326386719,92.98969406668998,0,24,0.0801135907027095,0.1009818646643406,3.384287544034088,1.978054954648292,4.198697754700443,0.3289433786988097,-1.9085281127715084,-4.032439717618345,-0.000505532199524,2.0128033157242164,38.96498079225928,26.565656255374613,53.25152711755672,7.146450786459381,3172.375,2.2203941967343823,26.685870862182107,0.0084119534614231,3.676970965363827
B0033,59,02557.csv,1.5448888685020246,1.713169326386719,90.17724311935832,0,24,0.0801135907027095,0.1009818646643406,3.382278487183489,1.905966283713238,4.198102779366344,0.3451538867291114,-1.8916136445674483,-4.032672607638048,-0.000271915848045,2.0110757170430724,37.72135386687406,24.785095946349767,52.64070518740206,7.355633799536028,3158.406,2.291942287869861,27.855609241052296,0.0088195150468471,3.683194160535019
B0033,60,02559.csv,1.5352188565640517,1.713169326386719,89.6127915039206,0,24,0.0801135907027095,0.1009818646643406,3.3814602813053565,1.90750106961619,4.19847889707735,0.3493256655073446,-1.8905533567609436,-4.0312142392988,-0.0004156257305046,2.0109144454713883,37.45856152891539,24.360961192677404,52.51312011499367,7.409024023522474,3141.578,2.2907805411085578,28.152158922316264,0.0089611523006324,3.6849702304817575
B0033,61,02561.csv,1.5252677314227332,1.713169326386719,89.03193093234438,0,24,0.0801135907027095,0.1009818646643406,3.382560441964418,1.9292976600569,4.198444396938235,0.3512191730964068,-1.8823068188002856,-4.031802508115526,0.0006536849289642,2.010593640629785,37.2659552140469,24.127061124602072,52.3982280962388,7.452588149191788,3138.187,2.268870252189857,28.27116697163673,0.0090087579139282,3.68645736832747
B0033,62,02565.csv,1.5559492005453626,1.713169326386719,90.82284959111703,0,24,0.0802157241761475,0.1024877144933221,3.3801788533503028,1.8981581536679577,4.195342051626477,0.3434439605198835,-1.890547939656295,-4.031765665107094,0.000295877869071,2.0108892864074828,38.74887799470947,25.446679804307124,53.455944890050766,7.32042243344778,3157.969,2.296915031818055,28.00926508574364,0.0088693920319495,3.681992679897592
B0033,63,02567.csv,1.564802943842715,1.713169326386719,91.33965450706928,0,24,0.0802157241761475,0.1024877144933221,3.3800922874688264,1.888436111770808,4.198552819065784,0.337427733242661,-1.898085696931241,-4.032044401412751,-0.0002482498429843,2.011293305057216,39.69321386954275,26.62675849083193,54.15574298880717,7.20380738478163,3159.281,2.3097692698888475,27.52898449797524,0.0087136865945052,3.678758785162181
B0033,64,02569.csv,1.5518620461881203,1.713169326386719,90.58427688879912,0,24,0.0802157241761475,0.1024877144933221,3.382133740383054,1.893538997125093,4.19849232388628,0.3432517869568964,-1.8896314109891983,-4.031354508468829,-0.0001916818423722,2.010981818926622,38.99544744527789,26.40718553157557,53.69393683990001,7.317955123433271,3150.375,2.3047655692335822,27.28675130832444,0.0086614296102287,3.68301143089486
B0033,65,02571.csv,1.5144550545105004,1.713169326386719,88.40078042400333,0,24,0.0802157241761475,0.1024877144933221,3.3814913105388644,1.904031637069275,4.198232140934075,0.3540574577667707,-1.872743521398214,-4.032766166622568,-0.0009606268260352,2.009922637389065,37.74698828764389,24.63935217013191,52.91956948214362,7.489093999907259,3134.078,2.2940526268141697,28.28021731201171,0.0090234567588974,3.687171072800593
B0033,66,02573.csv,1.5051936202146428,1.713169326386719,87.86017803559896,0,24,0.0802157241761475,0.1024877144933221,3.3819655060503893,1.9196175823544368,4.197903885845773,0.356416167716408,-1.8642972903813009,-4.032211222443815,0.000448859158467,2.0094460976863178,37.50735630364932,24.286529106722867,52.77330169161603,7.539649147005041,3129.797,2.278286303491336,28.48677258489316,0.0091017956068374,3.688334668468154
B0033,67,02577.csv,1.605823969917045,1.713169326386719,93.73410702513112,0,24,0.078896432714675,0.1057736114259262,3.329913840594753,1.852348915398631,4.181130210987576,0.3265687816307457,-1.959422143897036,-4.031033663843277,0.0005118056247928,2.0136528959640816,38.88355566835212,24.926222629135967,53.75237854927132,7.446926371380112,3161.89,2.328781295588945,28.826155920135356,0.00911674850173,3.621676676338163
B0033,68,02581.csv,1.6249005195877049,1.713169326386719,94.84763091193189,0,24,0.0824408213552602,0.1031701848132249,3.3467196974403497,1.8154710749647816,4.195489950082467,0.3277930018072779,-1.9438219079216,-4.031389983040594,-0.0005481937157319,2.0129125219984862,39.70651744278487,26.24495255713612,54.49882525049124,7.378671580865717,3196.859,2.379807336708131,28.25387269335512,0.0088380102761351,3.6363716246530577
B0033,69,02583.csv,1.589785130036615,1.713169326386719,92.79789834841743,0,24,0.0824408213552602,0.1031701848132249,3.366597142576843,1.9709912361310515,4.197775741628386,0.3336446305154146,-1.9207619197190011,-4.0314763579809485,0.002231371215124,2.013408363994082,38.69688917568081,25.714927405533103,53.48032268666943,7.434074092998054,3171.906,2.226737911157876,27.76539528113633,0.0087535366057935,3.66601312179138
B0033,70,02585.csv,1.5552386152299904,1.713169326386719,90.78137176960648,0,24,0.0824408213552602,0.1031701848132249,3.3665010841717966,1.8937050882323647,4.197620289512095,0.3490286450226192,-1.9034234318764345,-4.030814834933042,0.0006893495495072,2.0117594884973826,37.93115370815919,24.531285612577616,53.19212326974819,7.5961343948536335,3160.842999999993,2.30391520127973,28.66083765717057,0.0090674663870273,3.675150998320876
B0033,71,02587.csv,1.539756404636803,1.713169326386719,89.87765429377231,0,24,0.0824408213552602,0.1031701848132249,3.3683893640779714,1.936708367530743,4.197694092086119,0.3515769958974543,-1.8953087437661211,-4.031351131822119,0.001201881519605,2.011760292497,37.670702628979534,24.13914126838614,52.91631108720558,7.642720988000807,3147.141,2.260494287448018,28.77716981881944,0.009143908651954,3.679881887955845
B0033,72,02589.csv,1.5293174002138357,1.713169326386719,89.26831555170037,0,24,0.0824408213552602,0.1031701848132249,3.3686183095745217,1.898472277042985,4.1974767325796405,0.3574088484686325,-1.8860721599248624,-4.031138153963117,0.0057243931735583,2.011230839425107,37.48833504505954,23.86348664070148,52.95164787724483,7.674905262110872,3141.203,2.2987929045989013,29.08816123654335,0.0092601978402998,3.682762281749439
B0033,73,02593.csv,1.547680553576876,1.713169326386719,90.3401975355887,0,24,0.0839073124416653,0.1081903026332374,3.3619229093944987,1.8471266740226868,4.196099622186929,0.3510517058987786,-1.902203148735525,-4.031622991395031,-0.000311713787499,2.0111886766881235,39.01194436489727,25.1970904818351,54.15703950174405,7.581895944463078,3151.047,2.348972948164242,28.95994901990895,0.0091905798358161,3.675337311891993
B0033,74,02595.csv,1.5659920939439786,1.713169326386719,91.4090667994182,0,24,0.0839073124416653,0.1081903026332374,3.362373596039391,1.8671703949444944,4.196552042597536,0.3434442780351529,-1.9025608542682584,-4.031501330592,0.0011510323836832,2.0117608859969733,39.95408175672587,26.400937793835165,54.90254753232506,7.50328503779354,3159.172,2.329381647653041,28.501609738489893,0.0090218607085938,3.671116547055149
B0033,75,02597.csv,1.5416252851780503,1.713169326386719,89.98674336701582,0,24,0.0839073124416653,0.1081903026332374,3.368466070250841,1.937874589200696,4.197202431807518,0.3519634564257031,-1.8857964938998255,-4.031293666591443,0.0038625310544471,2.0111637090229944,38.629206981182826,25.257433005197253,53.80008363828377,7.635833646712451,3141.047,2.259327842606821,28.54265063308652,0.0090869861651501,3.681856645832275
B0033,76,02599.csv,1.517590655990168,1.713169326386719,88.58380970379326,0,24,0.0839073124416653,0.1081903026332374,3.36347185491077,1.8429746742692776,4.197066813581793,0.3646773409848845,-1.8764237604426464,-4.031684082152135,0.0015693840560813,2.00968331602708,37.93003488357471,24.144932499594788,53.54505652293522,7.792683235119294,3135.0310000000027,2.3539212673802625,29.40012402334043,0.0093779372591021,3.684330704968296
B0033,77,02601.csv,1.5075202042593092,1.713169326386719,87.99598387853766,0,24,0.0839073124416653,0.1081903026332374,3.3632359535533887,1.8767034375876257,4.196924945892409,0.3664722862105914,-1.875505745852192,-4.03165132325304,0.0008096114927767,2.010028902164596,37.62158369702063,23.791217824179263,53.29577183051126,7.838662552552631,3117.984,2.319733230633508,29.504554006332,0.0094627021839534,3.686061792012891
B0033,78,02605.csv,1.49549282626034,1.713169326386719,87.29392963242665,0,24,0.0865552274379426,0.1119934521157012,3.3583847581016526,1.823408615215652,4.196262893825219,0.3726169162054084,-1.874625204260118,-4.030947549189872,0.0005724594774865,2.0094912938922467,37.78621151878811,23.536626949694146,53.69065218748237,7.936160007165696,3125.328,2.372641113602382,30.154025237788225,0.0096482753931069,3.686037588442487
B0033,79,02607.csv,1.4997618811573148,1.713169326386719,87.5431201141392,0,24,0.0865552274379426,0.1119934521157012,3.3645795285682984,1.914352330463475,4.196791007353091,0.3657460075362242,-1.866968412651517,-4.031045921440598,-0.0004697173559573,2.0097240147793425,37.780545613375104,23.87189419612585,53.4617189956508,7.848903113563463,3120.172,2.2821661579406003,29.589824799524948,0.0094833954024088,3.686855310333796
B0033,80,02609.csv,1.4906966807803954,1.713169326386719,87.01397216377057,0,24,0.0865552274379426,0.1119934521157012,3.3647328172276567,1.9242052922699,4.196494518150467,0.3686741204904682,-1.8579558703430965,-4.0311405953415935,0.0008850063194717,2.0090462604288586,37.48831223397221,23.48128482605436,53.31089209854774,7.896903904500695,3116.641,2.2720248577240887,29.82960727249338,0.009571075806451,3.688056163924076
B0033,81,02611.csv,1.4800999425051866,1.713169326386719,86.39542628438815,0,24,0.0865552274379426,0.1119934521157012,3.360281651978189,1.846946703906843,4.196813869211146,0.3721749458886071,-1.865202371877409,-4.030716749693109,-0.001568969594295,2.008936775838879,37.84650784146758,23.73608069361077,53.6277468644108,7.9256407217751,3110.844,2.3494442280721834,29.891666170800036,0.0096088605442124,3.687289513276792
B0033,82,02613.csv,1.4676091496100632,1.713169326386719,85.66632188689883,0,24,0.0865552274379426,0.1119934521157012,3.3661837656093314,1.912127707319289,4.196812382131576,0.3700076183054515,-1.856568813720333,-4.031853159151112,-0.0008867294806587,2.009097277545085,37.50067380952265,23.57527253501497,53.311289666668536,7.869734445371236,3101.406,2.2839959602847992,29.736017131653565,0.0095879150074687,3.6890407199773914
B0033,83,02617.csv,1.4729818491920503,1.713169326386719,85.97993359469885,0,24,0.0864069259894296,0.1128450101488721,3.369029139242048,1.9981993087869525,4.194034862013672,0.3681418108786441,-1.8482708540348451,-4.031474413273752,0.0005495929226884,2.0087454320395803,37.467710565988114,23.46174852080792,53.24781973161767,7.887263831015893,3099.563,2.195477304854101,29.786071210809748,0.0096097647348383,3.689926972668796
B0033,84,02619.csv,1.4742872137206404,1.713169326386719,86.05612947962886,0,24,0.0864069259894296,0.1128450101488721,3.3652385724141607,1.9676969517091,4.196764423571106,0.3704531343407065,-1.847975231148244,-4.031012283747264,-0.0016654640871866,2.0085479333230087,37.598185411610906,23.510058260020934,53.32567282742489,7.92725252429456,3104.64,2.228315977336755,29.815614567403955,0.0096035658135577,3.689611462823016
B0033,85,02621.csv,1.4635162808346138,1.713169326386719,85.42741562629693,0,24,0.0864069259894296,0.1128450101488721,3.3618926452165643,1.8011165493797343,4.196547768827336,0.3781978947432474,-1.854401377898968,-4.031507871009939,-0.0004356604552961,2.007986302132127,37.70143492436221,23.73503859952804,53.67135316275077,7.91524242252191,3099.875,2.395044063289393,29.93631456322273,0.0096572650714053,3.689263787368868
B0033,86,02623.csv,1.4527095680488362,1.713169326386719,84.7966132520465,0,24,0.0864069259894296,0.1128450101488721,3.363675541904795,1.935722285136851,4.196047705028354,0.3737815722347896,-1.8463602302715176,-4.03073010593017,0.0007604582300614,2.0082959822553983,37.53461374251148,23.40402295850063,53.425915759836265,7.946792884034715,3093.25,2.260325419891503,30.021892801335635,0.0097056147422082,3.690269781285145
B0033,87,02625.csv,1.4557303847230247,1.713169326386719,84.97294238820724,0,24,0.0864069259894296,0.1128450101488721,3.3590605059993037,1.853089674438512,4.196278080515848,0.3780467998915988,-1.8534144162144512,-4.030697157978195,0.0002271681944951,2.008302543484767,37.84394106488913,23.62740092704637,53.80241246385534,8.015757113161383,3086.688,2.3425380226549226,30.17501153680897,0.0097758540988946,3.689731484448104
B0033,88,02629.csv,1.459740099618568,1.713169326386719,85.20699484488998,0,24,0.0887050669767017,0.1160156344404579,3.365155154273772,1.9965159983729224,4.195876729666962,0.3737589334413027,-1.837688233710868,-4.030516737306949,6.524393134280241e-06,2.007886415827521,37.62240216799661,23.353909997972217,53.538703332548565,7.997581992051943,3094.281,2.199360731294039,30.184793334576348,0.0097550265585369,3.691326245084651
B0033,89,02631.csv,1.448711504158192,1.713169326386719,84.56324088020531,0,24,0.0887050669767017,0.1160156344404579,3.358584830353844,1.817348554391127,4.195934498287595,0.3818420758391327,-1.8440924557115648,-4.030351819973078,0.0005780717767777,2.0070457442885608,37.85402355267617,23.53835738421205,53.85443523479271,7.996350501510163,3088.328,2.3783116676396308,30.31607785058066,0.0098163400553894,3.690360870019594
B0033,90,02633.csv,1.4666759762884336,1.713169326386719,85.61185130379555,0,24,0.0887050669767017,0.1160156344404579,3.35905242705326,1.840119681149193,4.196120687135332,0.3778421829364756,-1.8441168780731472,-4.030995659242972,0.0006474106867621,2.007511269004867,38.470904652851125,24.09833854213476,54.31271092311757,7.960650858232574,3095.687,2.355417712611348,30.21437238098281,0.0097601509393497,3.6893453352099175
B0033,91,02635.csv,1.4689502109504418,1.713169326386719,85.74460144279114,0,24,0.0887050669767017,0.1160156344404579,3.362682403709533,1.8717606752777656,4.195965348408379,0.3723040824964941,-1.8444990382739717,-4.031351805704019,0.0009585026284419,2.007682583346092,39.05355467673962,24.889239990462933,54.71724968436856,7.861260576542565,3102.062,2.3237760393847484,29.828009693905628,0.0096155427241317,3.6886799582925134
B0033,92,02637.csv,1.471116588522042,1.713169326386719,85.87105581821294,0,24,0.0887050669767017,0.1160156344404579,3.3650098815184712,1.9004154638642283,4.196021550334557,0.3681294413445967,-1.8447179134276697,-4.033249507760725,-0.0002773212379416,2.0080459049265103,39.44221992740732,25.76046837358393,55.03279239327084,7.888554288301798,3107.141,2.295107685809228,29.27232401968691,0.0094209834763491,3.688301809951517
B0033,93,02641.csv,1.4473012364654927,1.713169326386719,84.4809216563564,0,24,0.0898923542583947,0.1152909976414748,3.355774785877264,1.795323655635375,4.19600538145272,0.3860258791342177,-1.842164817595224,-4.030676382405292,-0.0003757893119659,2.0068960205429374,38.22999069332894,23.83984097874504,54.39303449657184,8.116006276094872,3090.719,2.4006159211214197,30.55319351782681,0.0098854646824337,3.6906960437166063
B0033,94,02643.csv,1.4205315547561643,1.713169326386719,82.91833929528944,0,24,0.0898923542583947,0.1152909976414748,3.3539193468726696,1.7802670666869505,4.195641283102845,0.3903065785676562,-1.8405597937226963,-4.0313459795279805,0.0011390059731761,2.0067382638550195,37.758104647902,23.311906261783754,54.05963088053671,8.158417286972153,3069.812,2.414739522458218,30.747724618752954,0.0100161588458032,3.691671766148127
B0033,95,02645.csv,1.4241466094817417,1.713169326386719,83.12935490652514,0,24,0.0898923542583947,0.1152909976414748,3.3605316490849235,1.921681538108464,4.200886512488945,0.3839164515662625,-1.8322958668074305,-4.030606905484439,0.0006788417969062,2.007145500101787,37.428049618035296,22.959689226191127,53.59788130809244,8.131072373049763,3064.437,2.279204974380481,30.638192081901312,0.0099979839957229,3.693353665393458
B0033,96,02647.csv,1.4412820083364295,1.713169326386719,84.12957120685014,0,24,0.0898923542583947,0.1152909976414748,3.3547493929832592,1.77881535602872,4.201002724229119,0.38646067958201,-1.840615762282912,-4.03028398584487,-0.0003095547015876,2.006553747624584,38.5029228575476,23.72739919519865,54.608136974659445,8.078460856677752,3083.25,2.422142957970965,30.880737779460794,0.0100156451080712,3.690444990422047
B0033,97,02649.csv,1.4448965388921615,1.713169326386719,84.34055622158627,0,24,0.0898923542583947,0.1152909976414748,3.3635996156389574,1.9534408897799111,4.195465495994929,0.3746875414713335,-1.832629134303472,-4.031494670418764,0.0037097669022184,2.00745553197068,38.83348222581879,24.36575028330001,54.5574027155619,7.9078810990646975,3076.484,2.2416926713701195,30.19165243226189,0.0098136874536847,3.690842724287254
B0033,98,02653.csv,1.4540256354795746,1.713169326386719,84.87343387978412,0,24,0.0921631077559332,0.1146968454749727,3.3569917985687048,1.8222744588584343,4.193707044291354,0.382039859393464,-1.8392992395990235,-4.031940850232371,0.0001689831792566,2.00704542193514,39.052180409304285,24.81661830810092,54.99418815591436,8.051855879322893,3081.297,2.371349115216673,30.17756984781344,0.0097937880859305,3.689989877441557
B0033,99,02655.csv,1.4226030447542912,1.713169326386719,83.03925495530164,0,24,0.0921631077559332,0.1146968454749727,3.356737655890982,1.8129227899512983,4.195380315548316,0.3876447620906252,-1.8297056790119524,-4.0307098776684045,-0.0018949199003494,2.0060010073530257,38.02192794789482,23.75195107892012,54.16320225337546,8.099244853096382,3065.953,2.381965545623518,30.41125117445534,0.0099190206681104,3.692434056779444
B0033,100,02657.csv,1.410196954589097,1.713169326386719,82.31509477019256,0,24,0.0921631077559332,0.1146968454749727,3.359540268494682,1.900124225521952,4.195068887696935,0.3860444487006301,-1.8209349826801644,-4.030808108637904,3.304886982542884e-05,2.00593051820167,37.73309166360951,23.28809737074453,53.87733726225828,8.100697819577034,3055.828,2.2945897184684,30.58923989151375,0.010010131424777,3.6938140432311566
B0033,101,02659.csv,1.4144881298999457,1.713169326386719,82.56557645024336,0,24,0.0921631077559332,0.1146968454749727,3.3577795891012125,1.861826807558021,4.200794831783912,0.3874348653673718,-1.828591476305772,-4.031586804182261,-0.000513848429161,2.0062567805287848,37.88253804875795,23.29184269191056,54.00540892482746,8.120043020859443,3051.468,2.338968024225891,30.713566232916897,0.0100651772304074,3.6935461573356982
B0033,102,02661.csv,1.431360032946153,1.713169326386719,83.55041214548619,0,24,0.0921631077559332,0.1146968454749727,3.3555412354678467,1.7571531937270366,4.201229193181646,0.3867063969037585,-1.837054902454502,-4.030442133532166,0.0130369683008358,2.0062086016256737,39.09683297382756,24.426091446526485,55.01715436055076,7.980902514779935,3069.0,2.444075999454609,30.59106291402428,0.0099677624353288,3.6908008445088414
B0033,103,02665.csv,1.4515133236517528,1.713169326386719,84.72678685609961,0,24,0.090109642803023,0.1147335217159905,3.3594857050424136,1.8292747932433169,4.195456528334941,0.3779961440113834,-1.837816023009627,-4.0318254325257525,-0.000377526282765,2.007032033378582,39.853212783951,25.492988144527537,55.56824997306065,7.92150860727214,3079.235,2.366181735091624,30.075261828533115,0.0097671213234888,3.6895893535944335
B0033,104,02667.csv,1.4230376757726733,1.713169326386719,83.064624952983,0,24,0.090109642803023,0.1147335217159905,3.358051208135682,1.7807877780971682,4.195112832732734,0.3850185187074851,-1.8280312164109505,-4.032010763539899,0.0014161129125859,2.0056390951777296,39.04623892631281,24.91320043849524,54.92871435196593,7.997522600302029,3070.344,2.413721532507619,30.015513913470688,0.0097759449473644,3.691364301874288
B0033,105,02669.csv,1.396298696255913,1.713169326386719,81.50383472023023,0,24,0.090109642803023,0.1147335217159905,3.3644871236228617,1.93715684685712,4.194675647244639,0.3836011615397454,-1.8096060815655477,-4.03093756328432,0.0005979681982448,2.00521847423186,37.82053835352036,23.69390974754839,53.80101502575858,8.045040564188167,3051.4839999999967,2.257086081453285,30.10710527821019,0.009866381497727,3.695153857658039
B0033,106,02671.csv,1.3979060730399124,1.713169326386719,81.5976594671039,0,24,0.090109642803023,0.1147335217159905,3.361244790495099,1.8780478013995328,4.200892254113164,0.3888952509727126,-1.8091575935883184,-4.031422687627503,-0.0004864339909001,2.0047113189253367,37.73310595477053,23.22474830088192,53.90914216170243,8.124660391859203,3054.812,2.3228003539525317,30.684393860820503,0.0100446095736236,3.695486718835528
B0033,107,02673.csv,1.4011347560096767,1.713169326386719,81.78612203878522,0,24,0.090109642803023,0.1147335217159905,3.35671886762914,1.8094020919691347,4.200853825806664,0.3928351811992902,-1.8167109753774655,-4.031633986852976,9.320912670401476e-05,2.004876170013481,38.006666099531806,23.380069687751234,54.23260277977909,8.147400346829206,3046.532,2.3911632467092367,30.85253309202786,0.0101270996306711,3.6947169237189295
B0033,108,02677.csv,1.436782528945267,1.713169326386719,83.86693053719418,0,24,0.092436093949676,0.1163704046903859,3.359022917654344,1.8197773356081155,4.194606941815903,0.3820756895271032,-1.82644798429578,-4.031197018578919,-0.0013045268594984,2.0057941778339283,39.784628994566496,25.56118395535826,55.63045478699343,7.996104129114406,3071.782,2.374829606207787,30.069270831635173,0.0097888687516351,3.690740332782699
B0033,109,02679.csv,1.4370006879546382,1.713169326386719,83.87966477227597,0,24,0.092436093949676,0.1163704046903859,3.360671828990881,1.836381881007388,4.194748069677628,0.3789792637811487,-1.8267902000568097,-4.03123727157494,-0.0007028351888993,2.006045783228388,40.35944876635067,26.3120897724922,56.16713312985831,7.9382869580032445,3074.532,2.358329474922884,29.85504335736611,0.009710435070237,3.6899496161868246
B0033,110,02681.csv,1.410355528453481,1.713169326386719,82.3243509401427,0,24,0.092436093949676,0.1163704046903859,3.3583948833503303,1.75385880069876,4.195093766485416,0.3897192897729781,-1.8243917057977057,-4.033637600592424,-0.001465045103962,2.005224773426744,39.40096297699252,25.36471836345822,55.53601912262827,8.044437256569509,3053.656,2.4407945458431195,30.171300759170048,0.0098803862514867,3.692226393109267
B0033,111,02683.csv,1.382633397996189,1.713169326386719,80.70617286338705,0,24,0.092436093949676,0.1163704046903859,3.362518598023194,1.977912246538546,4.19415713586591,0.3863962385633531,-1.8064502971208865,-4.030551182286183,0.0011641828137736,2.005204144516747,38.23202468655914,23.983037377275263,54.42859597766174,8.114453007100478,3031.953,2.2160479956195784,30.44555860038648,0.0100415668054176,3.696014684658533
B0033,112,02685.csv,1.3699403583067564,1.713169326386719,79.96526304823156,0,24,0.092436093949676,0.1163704046903859,3.352730063565273,1.8406238091435183,4.194421518890087,0.39681328068397,-1.8133450646172389,-4.030891041828917,-0.0004235104166668,2.004964225509959,38.186119358463095,23.55228485024448,54.60293074972065,8.24708725378494,3023.5,2.353115019147808,31.05064589947617,0.0102697687777331,3.695524720707526
B0033,113,02689.csv,1.3786129327882322,1.713169326386719,80.47149289649572,0,24,0.0920475173169191,0.1203997864761216,3.348905668243179,1.793591568720353,4.193864909249693,0.3999917318914672,-1.8127387092209184,-4.030314032706555,-0.0009980734385136,2.0043694952453803,38.7565059715467,23.625584537108093,55.29175004355109,8.29841801261052,3042.703,2.4001231648129675,31.666165506443,0.0104072482613133,3.6940717407222383
B0033,114,02691.csv,1.8035959863147195,1.713169326386719,100.0,0,24,0.0920475173169191,0.1203997864761216,3.457384162912773,1.880422567759453,4.4683580435456935,0.3549350883861852,-1.5628707519379117,-4.031780531813977,-0.0006817634924289,1.9626336533016613,39.21824541685028,26.039592093750475,57.637403832441095,9.136858383949477,4424.203,2.587922739396623,31.59781173869062,0.0071420347887948,3.7108346013031577
B0033,115,02695.csv,1.4234424290662009,1.713169326386719,83.08825094764059,0,24,0.0863916411128797,0.1112123553543622,3.376673863925851,1.92608696846512,4.192884657368934,0.3718380950216685,-1.7979194894124642,-4.031488800527161,0.00165323450001,2.0040867294212226,39.05310062274121,25.43001252418307,54.65393012817871,7.778028299266641,3066.766,2.266797688903813,29.22391760399564,0.00952922968495,3.69238266312809
B0033,116,02697.csv,1.3946003892958665,1.713169326386719,81.40470225656253,0,24,0.0863916411128797,0.1112123553543622,3.373391130621014,1.9774094380313447,4.19449660552562,0.3754793008323756,-1.7963463690245949,-4.030424136743857,-0.0012105644915354,2.004141332783143,38.41375319607374,24.58804964923043,54.152949724280695,7.865124134164574,3046.125,2.216657835840048,29.564900075050264,0.0097057409249621,3.6940806861394
B0033,117,02699.csv,1.3961613987822286,1.713169326386719,81.49582048184936,0,24,0.0863916411128797,0.1112123553543622,3.364186626496377,1.8428005555738187,4.194231055547011,0.3858636131635857,-1.8032850146688264,-4.03138524080446,0.0008091559133542,2.0038662833038754,38.46902673499884,24.36691079224096,54.53515875704883,7.997313079212939,3033.625,2.350879581254902,30.168247964807872,0.0099446200386692,3.6935608810140086
B0033,118,02701.csv,1.384968608315797,1.713169326386719,80.84248223360753,0,24,0.0863916411128797,0.1112123553543622,3.358003989298615,1.7746653306163975,4.200536096823805,0.393910406075564,-1.8108049336910568,-4.031183913719146,-0.0002153001521686,2.0042805271692985,38.5100324254832,24.0439834251731,54.77734925210607,8.116051572733324,3028.562,2.4258164421327018,30.73336582693297,0.0101478410634924,3.693816805988412
B0033,119,02703.csv,1.3715114742475478,1.713169326386719,80.05697120086963,0,24,0.0863916411128797,0.1112123553543622,3.36155800725267,1.8460476497404992,4.193861125565952,0.390076974150413,-1.8013083911049832,-4.031896597974894,-0.0005973093675214,2.0036596013347667,38.40063671961678,24.128299966080764,54.64702813763124,8.089621539596648,3020.984,2.347363975277049,30.518728171550475,0.0101022475364154,3.6946171135959385
B0033,120,02707.csv,1.3616865084879255,1.713169326386719,79.48347472224984,0,24,0.0906674979688245,0.1189578328356123,3.3646263159375533,1.95995016678396,4.1912968364535725,0.3864793347809497,-1.7919918693222388,-4.032512009214244,-0.0002376177659824,2.003688479820965,38.39044541549165,24.005545419243067,54.505104228610136,8.076832801224729,3017.391,2.230893131886988,30.49955880936707,0.0101079239678805,3.695853612103856
B0033,121,02709.csv,1.3796301360966086,1.713169326386719,80.53086842305397,0,24,0.0906674979688245,0.1189578328356123,3.360892538206702,1.9111619475065968,4.193746611615085,0.3900525740073106,-1.7916249952930718,-4.031454503778134,0.0002261326849259,2.003214700275959,38.41362965212596,24.06291912766938,54.4213321925581,8.166020401987566,3022.14,2.2820846739568275,30.358413064888715,0.0100453364387118,3.6956067197125977
B0033,122,02711.csv,1.364231776003204,1.713169326386719,79.63204541377903,0,24,0.0906674979688245,0.1189578328356123,3.3571675251434945,1.7914848144741025,4.1937859295628215,0.3967392136997358,-1.798733884420521,-4.031553638984478,-0.0006022008614266,2.003101533109231,38.44024987650422,23.993771659591523,54.599932749715,8.176464968361985,3009.016,2.401946189984384,30.60616109012348,0.0101714849938064,3.69571672384744
B0033,123,02713.csv,1.3418414512081456,1.713169326386719,78.32509201167238,0,24,0.0906674979688245,0.1189578328356123,3.3650892446963074,1.8461845656812,4.200650322742635,0.3938861065843762,-1.7887872050368798,-4.030568780479417,-0.0003657700944157,2.0022123411293973,38.18714693456589,23.84649793943182,54.621715057959925,8.126576838209052,3014.672,2.354465757061435,30.775217118528104,0.0102084794360806,3.697466614362901
B0033,124,02715.csv,1.355221569579225,1.713169326386719,79.10610753448118,0,24,0.0906674979688245,0.1189578328356123,3.363027417163423,1.8424801617142232,4.2006243085499655,0.3946075123688203,-1.7888403713952683,-4.031930484527798,-0.0005802290015531,2.002471948707453,38.18649962226669,23.796715031824885,54.55731341596549,8.12824224561712,3010.703,2.358144146835742,30.760598384140604,0.0102170816530692,3.69777657060704
B0033,125,02719.csv,1.3403860264029774,1.713169326386719,78.24013690637419,0,24,0.0909557798656722,0.1209363559139077,3.3583632498611675,1.8293764049247,4.193697387023266,0.3981253405245282,-1.788616408455172,-4.031179334434039,-0.0007041902435054,2.002099062098337,38.53621308929775,23.946035304437792,55.041315475822266,8.209246716104786,3011.75,2.364072335929708,31.095280171384477,0.0103246551577602,3.697145677763324
B0033,126,02721.csv,1.3594078914195438,1.713169326386719,79.35046877629424,0,24,0.0909557798656722,0.1209363559139077,3.3574236498195957,1.7818288008009142,4.200544185864463,0.3985620128071395,-1.7964130441048565,-4.032120605609321,-0.0003126973427453,2.0027595299916685,38.55227266400652,23.99283114623448,54.87421915377841,8.187120414171897,3005.734,2.418458635843116,30.881388007543933,0.0102741586605946,3.696932433673506
B0033,127,02723.csv,1.3457100861355502,1.713169326386719,78.55090944068066,0,24,0.0909557798656722,0.1209363559139077,3.360766302094452,1.8799745135000576,4.193351413646578,0.3940463929645425,-1.787019212781781,-4.030698456939857,-0.000511311915111,2.0024264722510705,38.45551116751204,24.041323148061142,54.605029117345865,8.129236409137453,2993.75,2.3128622622249555,30.56370596928472,0.010209171096212,3.697887341839451
B0033,128,02725.csv,1.3477611420854358,1.713169326386719,78.67063233778688,0,24,0.0909557798656722,0.1209363559139077,3.3594711162840047,1.8632410129416257,4.200351692306739,0.3966726630663303,-1.78684609892111,-4.031396914149324,0.0001748701902038,2.002165014194646,38.45383838785278,23.85866232164556,54.77196645266215,8.192207776950733,2998.125,2.337057796596686,30.913304131016588,0.0103108790097199,3.6982896139087993
B0033,129,02727.csv,1.335482103134067,1.713169326386719,77.95388830307627,0,24,0.0909557798656722,0.1209363559139077,3.352476127724087,1.7604885282268967,4.20027821207153,0.4046423702415282,-1.7942781727538537,-4.031628150086961,0.0013670482188568,2.002227052197683,38.59571101696619,23.80241741126216,55.081324460303485,8.263322447038792,2990.859,2.4397896838446336,31.27890704904133,0.0104581683887609,3.69772129600356
B0033,130,02731.csv,1.353154941842234,1.713169326386719,78.98547569119751,0,24,0.095356774650343,0.1219867024669133,3.3599659156305464,1.8980864731881968,4.192818631069228,0.3931370335027178,-1.7787288593777348,-4.031721300872744,-0.0007881046866446,2.001545574623548,39.84838963202565,25.018212536384507,56.28817834549751,8.147115348459241,3024.453,2.2944278942629865,31.269965809113007,0.0103390483532437,3.695690490595348
B0033,131,02733.csv,1.3709677706044292,1.713169326386719,80.02523448723926,0,24,0.095356774650343,0.1219867024669133,3.3529340862280046,1.765463647928582,4.193616398463828,0.3966449011031834,-1.7963772790558137,-4.032692621747669,0.0044462090035715,2.002702622792009,40.8588418858713,26.569649055205225,57.27354368026744,8.184164147293803,3030.765,2.4274819161275585,30.70389462506221,0.0101307407948363,3.692656397303767
B0033,132,02735.csv,1.357426672491866,1.713169326386719,79.234822360195,0,24,0.095356774650343,0.1219867024669133,3.343287590707508,1.7789329307031558,4.2001549210390445,0.403504225961821,-1.805219032161489,-4.031807157333931,7.383941816730437e-05,2.0038180532636085,40.6456745573508,25.824609859809243,57.2291922074886,8.446606518303428,3020.813,2.421058297094848,31.40458234767936,0.0103960696500178,3.6931924612859937
B0033,133,02737.csv,1.3443678821106904,1.713169326386719,78.4725631847568,0,24,0.095356774650343,0.1219867024669133,3.330456680663064,1.9751406850610127,4.199721786449104,0.4132443198083717,-1.8050690579203057,-4.030914484032776,0.0009182756131508,2.0053114083561736,40.22816795562337,24.628591970930444,57.19704022437858,8.956473119174257,2998.156,2.2245811013880914,32.56844825344814,0.0108628264351315,3.694682999187802
B0033,134,02739.csv,1.33005823859453,1.713169326386719,77.63729002782134,0,24,0.095356774650343,0.1219867024669133,3.320924665615561,1.7718580087129037,4.198848421060828,0.4223886176786754,-1.8114911161465173,-4.032022945808555,-0.0009245669377489,2.004206636251336,40.06014962782639,24.087009042742764,57.01987269382395,8.911636349076849,2986.766,2.4268544202100766,32.932863651081185,0.0110262617329516,3.6943206147675456
B0033,135,02743.csv,1.4033641858066626,1.713169326386719,81.91625685748922,0,24,0.1119074154631581,0.1409796226478348,3.340032080385694,1.9154948072138345,4.177372245766921,0.3955126794930837,-1.802521643572164,-4.031185839742219,0.001802509912153,2.004624958437884,40.06294140356604,24.76187842034693,55.93330356332492,8.357608870443022,3032.328,2.261778657664705,31.171425142977988,0.0102797009897933,3.690255957512931
B0033,136,02747.csv,1.3865570950229378,1.713169326386719,80.93520434126347,0,24,0.0884963349105808,0.1149810457358202,3.365998712772332,1.9395710043147305,4.191445596329994,0.3828574251787434,-1.7876356209052575,-4.03143308473883,0.0096792319806442,2.003003611598265,40.262388264621016,25.837379779917946,56.299084505467846,8.076339084658304,3047.703,2.2518745920152634,30.4617047255499,0.0099949715328396,3.69219125852448
B0033,137,02749.csv,1.3704138176872631,1.713169326386719,79.99289950968428,0,24,0.0884963349105808,0.1149810457358202,3.345701104795926,1.9213252989145688,4.193389880737777,0.4007741145727261,-1.7957587291291346,-4.0333360487412335,-0.0005724598831902,2.0038289977470813,39.997401224885536,25.207733349727235,56.50951504855041,8.649211557886023,3034.968,2.2714966056610706,31.301781698823177,0.0103137106219318,3.6925712058067366
B0033,138,02751.csv,1.325319393635713,1.713169326386719,77.36067726772646,0,24,0.0884963349105808,0.1149810457358202,3.346323103330572,1.99784512954192,4.200380611368274,0.4054734086489626,-1.7944892722865402,-4.031093353153527,0.0003201141218114,2.004379148392912,39.574089613864224,24.472552841440898,56.69165778744567,8.75011460904859,3011.7339999999967,2.202475495272292,32.21910494600478,0.0106978587571162,3.695087306014592
B0033,139,02753.csv,0.8439684993200656,1.713169326386719,49.26357752972948,0,24,0.0884963349105808,0.1149810457358202,3.5025083166259967,1.4425192802033469,4.200602056573652,0.4131769630559621,-1.3524928232333502,-4.031452965753613,0.0005934151940269,1.8998148272540492,35.98333032061264,24.19994758367089,55.51714083426434,7.874020234036077,3002.922,2.75801565263704,31.317193250593448,0.0104289066617759,3.778115276797064
B0033,140,02755.csv,0.298661803715835,1.713169326386719,17.433291567608723,0,24,0.0884963349105808,0.1149810457358202,3.887870402923777,1.5585045696383768,4.193070577827655,0.3610533593934222,-0.4098076101048112,-4.030231487651757,-0.0016955070928297,1.2088912533810077,30.119688488829738,24.213134568912988,45.807200259053744,4.463884835129813,2986.718,2.6344790088719394,21.59406569014076,0.007230031656869,4.013197654308828
B0033,141,02759.csv,0.2344867974702557,1.713169326386719,13.687310055032135,0,24,0.1456294596992112,0.1691988277794489,3.954542596587949,1.203791745361808,4.189611396704824,0.3599830417161458,-0.3263585049640118,-4.029552223712936,-0.0015144925866869,1.0865471711831178,30.9405139671398,25.680048766514137,46.03459549176176,3.860026375044305,3006.203,2.9858151501192416,20.354546725247623,0.0067708490495311,4.064459237969243
B0033,142,02761.csv,0.2025633038072582,1.713169326386719,11.823892751715832,0,24,0.1456294596992112,0.1691988277794489,3.987610232479158,1.5484910888494308,4.191309904018761,0.3252509326400761,-0.2716005858874483,-4.030756009707639,0.0005611212781108,0.9979089987607144,31.00294861957753,26.35050371923943,44.981619190674095,3.303888606611616,3011.609,2.6424882558608416,18.631115471434665,0.0061864323925963,4.076109030463297
B0033,143,02763.csv,0.2353199565407024,1.713169326386719,13.735942671645926,0,24,0.1456294596992112,0.1691988277794489,3.9673029925231815,1.9233358352697387,4.191105087223256,0.328952125854639,-0.3170614258991049,-4.029588332092749,0.0020427643674527,1.078559500367179,30.353188245577265,25.446671381322208,44.437719613927904,3.728717671622528,2985.953,2.2675224575459048,18.991048232605696,0.0063601296579704,4.0685016754095
B0033,144,02765.csv,0.2355042783748287,1.713169326386719,13.746701785254098,0,24,0.1456294596992112,0.1691988277794489,3.949305726224602,1.477441018016571,4.190985119306768,0.3687565727826269,-0.3337846973186893,-4.029344942221334,-0.0005830301018698,1.0996303013983095,29.92194766382464,24.51173233364825,46.16094346830902,4.143454719176048,2976.312999999994,2.713453874140714,21.64921113466077,0.0072738354919864,4.0644361941578
B0033,145,02767.csv,0.4304242256752923,1.713169326386719,25.124441527511408,0,24,0.1456294596992112,0.1691988277794489,3.7530265184592335,1.7051348869638063,4.19146431605178,0.4135988584622616,-0.6350119541631206,-4.029460110530672,-0.0010580291493481,1.4632726463070875,32.39035931572692,24.153388669349656,51.875290776017344,6.1645981599793656,2964.75,2.4863294290879736,27.721902106667688,0.0093505024392166,3.936490121958625
B0033,146,02771.csv,0.4643633320269643,1.713169326386719,27.10551285706024,0,24,0.1382996517013786,0.1655497360143937,3.74372781614108,0.9861339962587278,4.189169176120785,0.427296688713109,-0.647927020958107,-4.031115621681116,0.000553296758495,1.47205090641156,32.95416579490512,24.63065669719868,51.767777887259,5.990416251441509,2969.953,3.202880533333466,27.13712119006032,0.0091372224375471,3.930192905764181
B0033,147,02773.csv,0.3994839380247729,1.713169326386719,23.318415282821626,0,24,0.1382996517013786,0.1655497360143937,3.802542903312753,1.3263821081867295,4.191809961918757,0.3990997100093289,-0.5493227175747413,-4.0305675228368925,0.0017587890442776,1.3742521789616593,32.988995755051256,25.741077212582653,51.02675215928651,5.351216669767563,2988.453,2.865427853732028,25.285674946703857,0.0084611251864104,3.959780527481827
B0033,148,02775.csv,1.461469789426299,1.713169326386719,85.30795916762736,0,24,0.1382996517013786,0.1655497360143937,3.2312787223699537,1.8345225826317897,4.190743825523512,0.4349768122258911,-1.9259470996842367,-4.0317416053878485,-0.0012213613171017,2.0132768139860198,45.33521672468352,26.69092998320476,61.13715999731606,9.809244596194825,3001.235,2.35594949108694,34.4462300141113,0.0114773518282011,3.66534795004996
B0033,149,02777.csv,1.4150999545382532,1.713169326386719,82.60128947807337,0,24,0.1382996517013786,0.1655497360143937,3.337618232944289,1.9860807469381487,4.1981379242882495,0.3904539590211741,-1.8473131233384887,-4.030688221689322,-0.0003912532923372,2.0097674344372707,40.620147730266055,25.50924462285625,56.348749401178914,8.348808415795563,2976.234,2.21187442146885,30.839504778322663,0.010361922072768,3.689422551047061
B0033,150,02779.csv,1.383632373873956,1.713169326386719,80.76448443028126,0,24,0.1382996517013786,0.1655497360143937,3.3407978157952662,1.8841219743920603,4.199581881706975,0.3962800306554357,-1.844518264194251,-4.032404761480388,-0.0007412415796344,2.008454357829451,39.68399574640648,24.5159742884133,55.51777727453801,8.294901458492372,2950.39,2.315459907314915,31.001802986124712,0.0105076966048979,3.692135891908824
B0033,151,02783.csv,1.3705402893609833,1.713169326386719,80.00028183154659,0,24,0.0995331061490151,0.1304748915407405,3.345126055228355,1.8129527074235323,4.192675713672651,0.4004516569725652,-1.8328005456847731,-4.031245891627729,0.0015990955678218,2.0067363872451547,39.04723657878469,24.017907115256936,54.98845662264607,8.240128898993904,2941.719,2.379652666331582,30.970549507389133,0.010528044829363,3.694347977728313
B0033,152,02785.csv,1.3557042566115398,1.713169326386719,79.13428262639303,0,24,0.0995331061490151,0.1304748915407405,3.3571373711093697,1.964418985321,4.200041578787561,0.3919500673062125,-1.814347722959519,-4.031735458078508,-0.0004582488352327,2.0066149005847973,38.66855198329813,23.8551106236372,54.53862414235327,8.165874902673842,2946.969,2.2355871606074444,30.683513518716072,0.0104118887978516,3.696632951418701
B0033,153,02787.csv,1.3578385793919765,1.713169326386719,79.25886592049964,0,24,0.0995331061490151,0.1304748915407405,3.351453240465127,1.854641378834996,4.199761584906472,0.3977426631898295,-1.8221926476157024,-4.030243674381958,0.0005551964738675,2.0060753006783947,38.84148471879362,23.92708958292775,54.72686731387149,8.182886527617432,2936.171,2.345107283434963,30.799777730943735,0.0104897765596566,3.695991262906604
B0033,154,02789.csv,1.3609083979571397,1.713169326386719,79.43805536300722,0,24,0.0995331061490151,0.1304748915407405,3.346026215342865,1.7877573640818558,4.19986267410377,0.4026565107431422,-1.8306905769975232,-4.031560389126078,-0.0012232327913802,2.0062527711138105,39.052551352201455,24.01832845026745,55.0046224518596,8.230387569185435,2927.281,2.412105310021914,30.986294001592157,0.0105853500233124,3.6953332259830938
B0033,155,02791.csv,1.3495626547684758,1.713169326386719,78.7757890584503,0,24,0.0995331061490151,0.1304748915407405,3.350979420027859,1.9183209167927544,4.199784078520709,0.3968536144679252,-1.8209388850738168,-4.03102892027672,0.0011206417424785,2.0065597446386105,38.79448240276511,23.850352762005816,54.71731449617404,8.230394638485343,2924.422,2.281463161727955,30.866961734168225,0.0105548931495414,3.6966898246551096
B0033,156,02795.csv,1.1888877132486642,1.713169326386719,69.39697640724002,0,24,0.0990146912411192,0.1275503224776246,3.342644131880222,1.8528656809384136,4.044618024605659,0.3712098237478171,-1.568210357203081,-4.03134750995214,0.0003890142355222,1.9648078783173868,38.50986863801296,25.526490000718884,54.428778601713,7.56500515211195,3023.859,2.1915174012784844,28.902288600994115,0.0095580807838573,3.644153893584788
B0033,157,02799.csv,1.5041493934608643,1.713169326386719,87.79922511415127,0,24,0.093091725109756,0.1161312975013201,3.3518592869527803,1.948475871638004,4.19403031740486,0.3476190847348285,-1.887501094191758,-4.034595325058306,0.0156942659509052,2.0124917308349155,40.15830993087354,26.506119438399303,54.890003781719805,7.620030455296646,3056.172,2.245417514307011,28.383884343320503,0.009287397549392,3.667232144806948
B0033,158,02801.csv,1.4899088638712767,1.713169326386719,86.9679862301571,0,24,0.093091725109756,0.1161312975013201,3.3468424673944157,1.8283531317172368,4.19296029632327,0.3618789238487844,-1.876137336259163,-4.031575801276517,-0.0005749753718689,2.010553479583794,39.45022733421382,25.5108216660997,54.47368119654309,7.769642363586986,3045.078,2.363875511901776,28.96285953044339,0.0095113686842975,3.67069523261254
B0033,159,02803.csv,1.475330178643193,1.713169326386719,86.1170087462891,0,24,0.093091725109756,0.1161312975013201,3.3508471294894773,1.888528315752074,4.199907627033468,0.3653222926389154,-1.8659348672273264,-4.0307713804325,-0.0011568143663469,2.0101516083001925,38.94097771129498,24.75501289329011,54.12307476528604,7.835466212682355,3034.25,2.311379311281394,29.36806187199593,0.0096788537108003,3.677453760931967
B0033,160,02805.csv,1.459830765413703,1.713169326386719,85.21228712941425,0,24,0.093091725109756,0.1161312975013201,3.355670268634572,1.924025874710363,4.199827998046917,0.3667333719037963,-1.8556627342355745,-4.030207437491865,0.0002455394187007,2.0097079865923235,38.66654129149028,24.41380786568868,53.77302966651148,7.813391485287358,3022.609,2.2757243622997176,29.359221800822805,0.0097132053139598,3.682107506566125
B0033,161,02807.csv,1.4474169057725728,1.713169326386719,84.48767342953482,0,24,0.093091725109756,0.1161312975013201,3.353308872329983,1.800492506386291,4.200007095257734,0.372492501732007,-1.8545310784984728,-4.030412870193714,0.0055525059915935,2.008436443990862,39.33636206194418,24.78386919863203,54.609405212648525,7.786429862938943,3028.828,2.399514588871443,29.825536014016496,0.0098472201174898,3.680559787881548
B0033,162,02811.csv,1.4676323674647154,1.713169326386719,85.6676771443328,0,24,0.094182061637456,0.1172287722528883,3.355576427429911,1.793120582655924,4.193196345687703,0.3682319320007585,-1.854560270480603,-4.031449814259553,0.0023509614115073,2.0083726638343107,40.21246241286748,26.122139084679773,55.29324534393817,7.710063171233224,3037.875,2.400066571958075,29.171106259258394,0.0096024708914153,3.679199852621295
B0033,163,02813.csv,1.441552493165527,1.713169326386719,84.14535977047495,0,24,0.094182061637456,0.1172287722528883,3.363832392443181,1.8969132609228208,4.191982585507099,0.3678969790924826,-1.8335819983714543,-4.030133558981981,0.0011926590997259,2.0078513814305983,39.15441493084491,25.592715158783705,54.26200652741747,7.7722555254174255,3023.187,2.294422204464682,28.669291368633765,0.0094831353034508,3.684845711025876
B0033,164,02815.csv,1.418392873584403,1.713169326386719,82.79350159601357,0,24,0.094182061637456,0.1172287722528883,3.3571376570885594,1.8056023837774515,4.2001706293322,0.3818733437261329,-1.8420750095953933,-4.030903189622477,0.0002621789590866,2.007784134408612,38.472340837695874,24.16406348278754,54.01880189925328,7.91432415996303,2996.922,2.394568245554748,29.854738416465743,0.0099618002792417,3.687451286285668
B0033,165,02817.csv,1.4031824838852518,1.713169326386719,81.90565067171342,0,24,0.094182061637456,0.1172287722528883,3.361111422960934,1.862859289057269,4.200074212399141,0.3810055950640312,-1.8314678023298128,-4.0308406565332655,0.0012519296856957,2.007244413261636,38.10278800382275,23.776630157468176,53.57147874982123,7.900202651329463,2986.469,2.337126623664729,29.794848592353052,0.0099766140523652,3.6893932731820103
B0033,166,02819.csv,1.3911104661211642,1.713169326386719,81.20099074241448,0,24,0.094182061637456,0.1172287722528883,3.3674136761881366,1.9520601805312336,4.200092034422385,0.3757777517620155,-1.8211918432229093,-4.031388046198441,0.0006523352062814,2.007207189038199,38.13961733869117,23.78429567641032,53.4828168564585,7.82732932629331,2979.219,2.248031853891151,29.69852118004818,0.0099685592700799,3.6907361973543686
B0033,167,02823.csv,1.4086019958134537,1.713169326386719,82.22199487918486,0,24,0.0909525815740188,0.1192006189435624,3.3717064606024185,1.9878541604164133,4.192967636550445,0.3704456078301355,-1.8123034655027377,-4.03043168767532,0.0069839198763251,2.006328038106489,38.75498314355583,24.64643545165862,53.87014040301519,7.745619425617592,2995.047,2.205113476134032,29.223704951356574,0.0097573443593227,3.690261666316502
B0033,168,02825.csv,1.413770890394895,1.713169326386719,82.52371021472283,0,24,0.0909525815740188,0.1192006189435624,3.372129638857888,1.9566455890224008,4.2005612724264685,0.3688872160823149,-1.8216175674206456,-4.031090413194844,-0.0003964857853476,2.0071306465250385,39.1658728747456,25.131749433131866,54.16164128030712,7.675765269533179,2989.828,2.243527813881192,29.029891847175257,0.0097095524716389,3.689553546120613
B0033,169,02827.csv,1.412472234540845,1.713169326386719,82.44790592415751,0,24,0.0909525815740188,0.1192006189435624,3.370281011025519,1.8936715311451315,4.200390037061694,0.3735673874079416,-1.82079151069233,-4.030676333677516,0.0081610362041106,2.0065688824670014,39.02506945718719,25.28376339726478,54.16534435153781,7.755638518043525,2989.391,2.306696208668412,28.88158095427303,0.0096613594388532,3.690213614743168
B0033,170,02829.csv,1.3831900026575588,1.713169326386719,80.73866262682122,0,24,0.0909525815740188,0.1192006189435624,3.364268931307196,1.828763483963188,4.200616069155656,0.3851489252238598,-1.817964724512839,-4.031048376700338,-0.0012978112516847,2.0055800493527958,38.3251245457817,24.130808242407685,53.79228026466776,7.876557939856501,2967.2810000000027,2.371464276003847,29.661472022260075,0.0099961790009978,3.692047892832906
B0033,171,02831.csv,1.3646098107432565,1.713169326386719,79.6541118104994,0,24,0.0909525815740188,0.1192006189435624,3.3720392126554684,1.9584399411299585,4.200037449743801,0.3798416921058719,-1.798635457145711,-4.030741393214865,-0.0005732784106833,2.0049025240794105,37.878182669376734,23.740864219492018,53.22509160340434,7.835039078482658,2962.609,2.241567092439253,29.48422738391232,0.0099521156466858,3.694462725947113
B0033,172,02835.csv,1.369751365782437,1.713169326386719,79.95423130014872,0,24,0.0892837984693767,0.1187425614046036,3.362230190450641,1.8220675972367208,4.192500996043775,0.3907786061556125,-1.8064428802106407,-4.030600936103562,0.0002255297062823,2.004484906464972,37.905840036253096,23.48039193903757,53.57857958784029,7.9440208645777615,2957.016,2.370387047668311,30.09818764880272,0.0101785677347713,3.6935997890074352
B0033,173,02837.csv,1.3867946911071662,1.713169326386719,80.94907314457257,0,24,0.0892837984693767,0.1187425614046036,3.3636193969648573,1.7715995765672343,4.200097022210454,0.3852153573671444,-1.8173405882716636,-4.031272201329734,0.0083654068397032,2.0052835523464,39.1223902532353,24.86504545389773,54.49825501084428,7.807132249962921,2973.281,2.428351284539141,29.633209556946557,0.0099665015035398,3.690702732511896
B0033,174,02839.csv,1.3918615875742792,1.713169326386719,81.24483471285839,0,24,0.0892837984693767,0.1187425614046036,3.370386633696536,1.8584436263684128,4.191446103300025,0.3766073656414103,-1.8068979814568504,-4.030774601922593,0.0005373748288989,2.004921294385,39.39196447810482,25.5545254991362,54.46813289210952,7.674836867443726,2968.016,2.3327142602743747,28.91360739297332,0.0097417289505761,3.6909432341715336
B0033,175,02841.csv,1.377162352180965,1.713169326386719,80.38682055355069,0,24,0.0892837984693767,0.1187425614046036,3.375695992299504,1.9792800716788903,4.19205219049645,0.3739598680841108,-1.7968101494502102,-4.030353569731922,0.0001681622204381,2.004986790373537,38.80564596554866,25.242779182073114,53.89419947351141,7.720605741258604,2959.281,2.2123858234000604,28.65142029143829,0.0096818856646051,3.6936922222637136
B0033,176,02843.csv,1.3599525359390852,1.713169326386719,79.38226041014809,0,24,0.0892837984693767,0.1187425614046036,3.366639210990064,1.846857607499265,4.20026251718639,0.3878711359889291,-1.8043699219153888,-4.031215449055759,-0.0011308075920017,2.004454272176165,38.29516028833109,24.10239460000605,53.782251370205934,7.899629242024919,2942.797000000006,2.353316492398108,29.679856770199883,0.0100855943410978,3.6949763114337215
B0033,177,02847.csv,1.379779043170725,1.713169326386719,80.53956032944191,0,24,0.0864847755878061,0.1180185558562798,3.370719403191649,1.9297681149166703,4.170526417555859,0.3743680186480396,-1.786679633285191,-4.030724924949867,0.0059471473770918,2.003282536340238,39.48206657960875,25.70359254230357,54.80009542618075,7.745780175169064,2978.89,2.2405302613754987,29.09650288387717,0.0097675653964655,3.689778430828805
B0033,178,02851.csv,1.3631373661966442,1.713169326386719,79.56816323997964,0,24,0.0903234958460437,0.1164556858952188,3.368376555569585,1.9404476337602208,4.193298745157419,0.3824264497858132,-1.805526191357153,-4.0312040045445245,0.0017369426103794,2.005445488829668,38.22420789035359,24.052398101979275,53.59426450012642,7.882055409696277,2948.891,2.252726840678833,29.541866398147143,0.0100179580724235,3.694275307673328
B0033,179,02853.csv,1.3652295228794809,1.713169326386719,79.69028524220165,0,24,0.0903234958460437,0.1164556858952188,3.3605555096355064,1.8078076221500168,4.200151767615752,0.3929869064740053,-1.813761282828491,-4.030896618235125,-0.0014926299834234,2.0051180183925523,38.212225319933545,23.78506073974515,53.860038336831,7.977217004930598,2938.547,2.3922337105331315,30.07497759708585,0.01023464235797,3.69385608493854
B0033,180,02855.csv,1.3498620694059131,1.713169326386719,78.79326629393577,0,24,0.0903234958460437,0.1164556858952188,3.3664344500865964,1.901348395168944,4.199734233391325,0.3877076837821435,-1.802941147720235,-4.030353141551276,0.0002959832067212,2.004894549852311,38.03726842877258,23.67834740256779,53.50394440240513,7.91780994031608,2925.484,2.298385838222381,29.82559699983734,0.0101950983153,3.6954611908420105
B0033,181,02857.csv,1.3529504172332432,1.713169326386719,78.97353731442175,0,24,0.0903234958460437,0.1164556858952188,3.360999914466085,1.820065501803385,4.199873842512875,0.3935792927469243,-1.8116624900760223,-4.032772105959685,0.0008175114926099,2.005246445011757,38.08745383569629,23.6498234722306,53.71091736477066,7.966447871491905,2917.297,2.379700728911692,30.061093892540057,0.0103044338278002,3.695018758043631
B0033,182,02859.csv,1.3535740542605128,1.713169326386719,79.00993984729834,0,24,0.0903234958460437,0.1164556858952188,3.3597145615560104,1.781542687267246,4.199220802674783,0.3951516922462983,-1.8111731864316711,-4.031639319345703,-0.0009464831036835,2.004735333001605,38.371162533264,23.942846230052385,53.96609282803159,7.945067624732004,2918.938,2.4176781154075373,30.02324659797921,0.0102856746522122,3.694188902076016
B0033,183,02863.csv,1.3432225183905024,1.713169326386719,78.40570676242032,0,24,0.0895134118798777,0.1156364233610516,3.360790017915931,1.8027051007685868,4.189411926667855,0.395501740007406,-1.799607080950245,-4.03064555997338,-0.001439179831805,2.0035719092993496,38.21500087152169,23.85562795987445,53.89601837110568,7.953253591931185,2918.25,2.3866324974649302,30.040390411231236,0.0102939742692474,3.694935710639057
B0033,184,02865.csv,1.3412081769053426,1.713169326386719,78.28812693804836,0,24,0.0895134118798777,0.1156364233610516,3.364551990412796,1.845120981293168,4.199234827601777,0.3919335728807434,-1.8000478038107868,-4.030235349806215,-0.0007750004247492,2.004023640799168,38.068361542357145,23.75538627826279,53.58335886886063,7.899000259134784,2915.4839999999967,2.354113846308609,29.82797259059784,0.0102308819361031,3.6955476358540302
B0033,185,02867.csv,1.3277389969987805,1.713169326386719,77.50191277351098,0,24,0.0895134118798777,0.1156364233610516,3.370459024271422,1.9386542857041755,4.199099264533491,0.3868636767088719,-1.7893303733112242,-4.032323959410741,-0.0004467797038924,2.003933329296752,37.98761504071771,23.71942332452391,53.35830232724686,7.861717759906917,2906.015,2.2603711432403037,29.638879002722952,0.0101991486632804,3.696947616544659
B0033,186,02869.csv,1.329778900445409,1.713169326386719,77.62098468398763,0,24,0.0895134118798777,0.1156364233610516,3.3647395351261364,1.865202420691488,4.197710813920559,0.3895395991897165,-1.7980109473876715,-4.030963918482138,0.0012834319927848,2.0041371936089702,38.3556643629041,23.89969121406837,53.56872781314004,7.764967004267774,2894.14,2.3325083932290718,29.669036599071674,0.0102514172082455,3.692772666218661
B0033,187,02871.csv,1.3356045028702497,1.713169326386719,77.96103294046252,0,24,0.0895134118798777,0.1156364233610516,3.3724762289358954,1.9741597310368288,4.194824465751656,0.3807895353045176,-1.7871202282133007,-4.030066693660676,-0.0004319042368397,2.004045849042115,38.587739723836165,24.94839998818312,54.028944257752215,7.972832538856718,2892.031,2.220664734714827,29.080544269569096,0.0100554054467497,3.696329507655991
B0033,188,02875.csv,1.3177489685711123,1.713169326386719,76.9187813647355,0,24,0.0876318347612828,0.1167798998588414,3.3682526298407938,1.9140482800494216,4.190646284256201,0.3913291297121818,-1.786405828905418,-4.03209652047346,-0.0006678881139584,2.003253275410994,37.84946765760722,23.564699278771386,53.32084823607714,7.90477934806196,2888.719,2.276374188483373,29.756148957305754,0.0103008111752322,3.698777949068079
B0033,189,02877.csv,1.317605472474197,1.713169326386719,76.91040530437152,0,24,0.0876318347612828,0.1167798998588414,3.368834125820871,1.9249905185886904,4.199787523647983,0.3899685404585822,-1.7962891627935822,-4.030614948818057,0.0005610406942699,2.0045669053929616,37.81892879614016,23.4486198816295,53.15804525272694,7.839666663844115,2875.641,2.274733512703921,29.70942537109744,0.0103314097173803,3.698555045772815
B0033,190,02879.csv,1.3185279522072382,1.713169326386719,76.96425168831227,0,24,0.0876318347612828,0.1167798998588414,3.364372124210884,1.848326319700026,4.198644370031491,0.3946333235238023,-1.8053146501565176,-4.030716672310753,-0.0004753781028849,2.0048863106743613,37.98975162560657,23.65570667131447,53.44440984728841,7.870298851744274,2860.7810000000027,2.3501920866929344,29.788703175973943,0.010412786989278,3.698067173561805
B0033,191,02881.csv,1.3215397269813982,1.713169326386719,77.14005303659535,0,24,0.0876318347612828,0.1167798998588414,3.359956357503913,1.7964863123561203,4.199051265280784,0.3987522487975201,-1.8145360631140477,-4.029789852416358,-0.0008123367176012,2.005285920445223,38.110497566784815,23.552314519961094,53.71116793928585,7.915927779552194,2852.844,2.4025649529246635,30.15885341932476,0.0105715045825585,3.6978295253118696
B0033,192,02883.csv,1.3046615372928705,1.713169326386719,76.15485038157665,0,24,0.0876318347612828,0.1167798998588414,3.369660207276821,1.9550178000855185,4.198244533751371,0.386774362826525,-1.794060809034671,-4.030772474345855,0.0040223851748331,2.0048104415290773,38.158711514228,23.691188217801727,53.18757385880901,7.556009104348262,2854.64,2.2432267336658525,29.496385641007283,0.0103327864953224,3.693746937924927
B0033,193,02887.csv,1.3280324770208678,1.713169326386719,77.51904359750877,0,24,0.090745110639456,0.1096074278088891,3.3817276755972934,1.9991954704389,4.159889361487179,0.3565756398389312,-1.7532558725802958,-4.031537357097997,-0.0002722731045703,2.000116219070547,41.90171461734474,29.44423285279969,56.49572691828426,7.677142871817615,2897.844,2.1606577805576768,27.05149406548457,0.0093350415224161,3.6837144431502105
B0033,194,02889.csv,1.3634549770713926,1.713169326386719,79.58670261433433,0,24,0.090745110639456,0.1096074278088891,3.379780519797374,1.982805388419431,4.195184914935837,0.3663466599092985,-1.7969595693199287,-4.031834027940411,2.69533080444104e-05,2.00545874598618,40.72593783748325,27.528539695613013,55.32081069602003,7.549914857865954,2896.063,2.212379526516406,27.79227100040702,0.0095965698952015,3.692909848852197
B0033,195,02891.csv,1.3291316747402466,1.713169326386719,77.58320524822528,0,24,0.090745110639456,0.1096074278088891,3.3656667993678133,1.80889512605386,4.199591464734624,0.3898210699275141,-1.8148752451997945,-4.031562224810096,2.6371647019102723e-05,2.0053159453728258,39.388005009279006,25.33196551218096,54.57622829352292,7.743927355502286,2866.234,2.390391233379149,29.24426278134196,0.0102030269619793,3.6963421638845455
B0033,196,02893.csv,1.3124201086917682,1.713169326386719,76.60772863939962,0,24,0.090745110639456,0.1096074278088891,3.3648038854052915,1.865543717364217,4.199771526762111,0.392456472259384,-1.813083056493043,-4.031762836798674,0.0001884313420921,2.0060056115532428,38.64570917130626,24.268653896290385,54.008789265404765,7.814000755160166,2836.609,2.3342278093978943,29.74013536911438,0.0104843971689839,3.6990343491671434
B0033,197,02895.csv,1.3152825503676355,1.713169326386719,76.77481321369005,0,24,0.090745110639456,0.1096074278088891,3.371817482414552,1.994367058308584,4.199637020490028,0.386316263331884,-1.8021170413093344,-4.030287733516317,0.0001226456193768,2.006153851000251,38.3036813037848,24.071663702754314,53.47500454222108,7.738820479320682,2829.516,2.205269962181444,29.403340839466765,0.0103916503173923,3.700609633958472
B0034,1,01805.csv,0.7459302957645664,1.6623217152845853,44.87279982604721,0,24,,,3.1178767585161347,2.170439265213917,3.854275360971105,0.3541401512782044,-1.9933511025949644,-4.030785980473215,0.0003959882089035,2.01660442497776,38.9583698209689,23.6205145336092,51.86748080848415,7.0170327417342255,1819.406,1.6838360957571878,28.246966274874957,0.0155253782140297,3.45901224424887
B0034,2,01809.csv,1.6623217152845853,1.6623217152845853,100.0,0,24,0.1240301702976134,0.151331100257049,3.3022762078952894,2.184438966859873,4.185182030297302,0.2913840664103091,-1.978747855629707,-4.033471908641544,0.0015052198075994,2.0145754219106573,39.10734156415766,25.26783115804377,53.72590623785784,7.613383399394622,3260.531,2.0005892503059477,28.458075079814076,0.0087280492287342,3.56813127292466
B0034,3,01811.csv,1.645087369694532,1.6623217152845853,98.96323645227103,0,24,0.1240301702976134,0.151331100257049,3.3294991412960915,2.1716683590197,4.191235610410253,0.3037582154060591,-1.9609699675983687,-4.031968315632961,-1.378445534852952e-05,2.014035111981642,39.20920805238827,25.492621628413,54.1404555915866,7.738552374887313,3265.75,2.019343260302431,28.6478339631736,0.0087722066793764,3.6055346229080345
B0034,4,01813.csv,1.620729289277574,1.6623217152845853,97.49793162030066,0,24,0.1240301702976134,0.151331100257049,3.3493830070987887,2.182463026326082,4.190305001839791,0.3180087771655252,-1.9366251479989427,-4.0317411764982,0.0018710407859448,2.013482535534468,38.93607597783885,24.888926300510743,54.22868210799842,7.821203470560031,3264.109,2.007841975513709,29.339755807487677,0.0089885956037275,3.6385459952173766
B0034,5,01815.csv,1.5967402025126003,1.6623217152845853,96.05482427565126,0,24,0.1240301702976134,0.151331100257049,3.354131753078005,2.0979416663773915,4.190367874669205,0.3300326535330117,-1.9296993194196927,-4.029531376848962,0.000792482969363,2.0134771559510907,38.60445981652459,24.5997983727117,54.17641516112459,7.9609375168442575,3253.531,2.092426208291813,29.57661678841289,0.0090906208634289,3.650604052288541
B0034,6,01817.csv,1.4856500618812698,1.6623217152845853,89.37199389390942,0,24,0.1240301702976134,0.151331100257049,3.369692035482086,2.177479814637099,4.18989933406868,0.3579940159267994,-1.8861346839189568,-4.029542744670671,0.0001712865865251,2.010987556570899,37.79484872719341,23.786968470622,54.09745559724325,7.896704260129639,3242.578,2.012419519431581,30.31048712662125,0.0093476508896998,3.6758611415965294
B0034,7,01821.csv,1.4866702197497013,1.6623217152845853,89.43336335440864,0,24,0.120380461449601,0.1460981022644004,3.3729072074215107,2.164719422934807,4.18599771136978,0.359757487274126,-1.878796746756769,-4.030634355507908,0.0012084341927066,2.010608643909997,37.65277428767197,23.81681118289736,54.03810589370243,7.946511311820067,3234.625,2.021252489034132,30.22129471080507,0.0093430597707014,3.677898293748093
B0034,8,01823.csv,1.4701330958405268,1.6623217152845853,88.43854245078208,0,24,0.120380461449601,0.1460981022644004,3.376976361461993,2.1685179095920546,4.191866541196004,0.3624910676172739,-1.8723916722187988,-4.030934330051056,0.000440619538828,2.010137539978055,37.91666092404816,23.763955948780502,54.56296443841966,7.937741986814176,3235.36,2.023348631603949,30.79900848963916,0.0095194996815313,3.6801211288460114
B0034,9,01825.csv,1.4565041801019636,1.6623217152845853,87.61867012322664,0,24,0.120380461449601,0.1460981022644004,3.379109956413921,2.159913301643853,4.18853091556387,0.3655777378199406,-1.8590598981345448,-4.029299173045088,0.0002018807102951,2.009168442298516,37.78228277348195,23.78945560140913,54.47381276284677,7.911385130245766,3236.125,2.028520782871315,30.68435716143764,0.0094818207459346,3.68111602826343
B0034,10,01827.csv,1.4418961035576472,1.6623217152845853,86.73989458838285,0,24,0.120380461449601,0.1460981022644004,3.3845619896694177,2.188985459937614,4.188375692870302,0.3652099515688095,-1.8455810936527008,-4.029734922442523,-0.0003743597023386,2.008041626106434,37.58309361555109,23.755059389108524,54.157190141377896,7.851208191086353,3230.25,1.99937974800783,30.40213075226937,0.0094116959220708,3.682732137551497
B0034,11,01829.csv,1.4370949588970292,1.6623217152845853,86.4510729591836,0,24,0.120380461449601,0.1460981022644004,3.383128626739751,2.161327607707136,4.187976084521654,0.3691553886711595,-1.8444812955511092,-4.0302542475084016,0.0004122029549612,2.007966699306651,37.550522561172464,23.69410330723514,54.45256615419595,7.892775614183394,3226.078,2.026648476814517,30.75846284696081,0.0095343208834258,3.682897961034656
B0034,12,01833.csv,1.4458703624967404,1.6623217152845853,86.97897339620634,0,24,0.1205765535887721,0.1431788177780116,3.386094893398142,2.140456418044363,4.185168395505227,0.3641681639760798,-1.8435378224723704,-4.029309919201132,0.0006588552845539,2.007743761025321,37.68195425854693,23.89140287019925,54.20147817586685,7.821947771165134,3224.5,2.044577784326581,30.3100753056676,0.0093999303165351,3.6826197437226034
B0034,13,01835.csv,1.432104054561837,1.6623217152845853,86.15083599005169,0,24,0.1205765535887721,0.1431788177780116,3.3916477322319585,2.170940246075281,4.187927929507927,0.3634310733845912,-1.8296929439731453,-4.029842368131789,0.0002191747533731,2.006561698513958,37.44027473651772,23.91126508504341,53.81393710497776,7.752778602132491,3222.188,2.016889183725992,29.90267201993435,0.0092802381549227,3.684228371616092
B0034,14,01837.csv,1.426720633302465,1.6623217152845853,85.82698644818063,0,24,0.1205765535887721,0.1431788177780116,3.3914152987340267,2.153155635587653,4.187886599518975,0.3654988500118246,-1.8286913393639903,-4.029434761163406,-0.0002467649729571,2.0065122873738668,37.40277388057597,23.856389614186234,53.84994246144553,7.756535343574445,3216.546000000002,2.0346884080241403,29.99355284725929,0.0093247703739537,3.684612996716655
B0034,15,01839.csv,1.4230846885129826,1.6623217152845853,85.60825954615856,0,24,0.1205765535887721,0.1431788177780116,3.396413181394472,2.182519668385055,4.186569652343309,0.363191827720567,-1.8146752424570791,-4.029975280063268,0.0011705556453515,2.005112692389723,37.26498054251946,23.88579300006029,53.61278420241196,7.69780933821712,3211.859,2.0040499839582537,29.72699120235167,0.0092553848728576,3.68598081789935
B0034,16,01841.csv,1.4409479522418909,1.6623217152845853,86.68285681362252,0,24,0.1205765535887721,0.1431788177780116,3.403051791482094,2.188496149834977,4.186557905906351,0.3534355009465232,-1.8075203268976408,-4.030231906926906,-0.0002959061409268,2.0044601814351592,37.57056960108925,24.17278887392313,53.35590902048553,7.553333839134139,3215.859,1.9980580141080804,29.1831201465624,0.0090747511462916,3.686094243647697
B0034,17,01845.csv,1.486901544051865,1.6623217152845853,89.4472790904564,0,24,0.1210505449768947,0.1419348235758278,3.400264897064916,2.100542699118501,4.184379902708746,0.3468685778622041,-1.8262934110095792,-4.030240820244685,-0.0007798708776301,2.006353217055609,38.400250729227935,25.20244376336696,53.83102716771526,7.507123959701597,3225.125,2.083769685792817,28.6285834043483,0.0088767360658418,3.682638557117016
B0034,18,01847.csv,1.5245313226850703,1.6623217152845853,91.71096717725752,0,24,0.1210505449768947,0.1419348235758278,3.402154252869035,2.112961645498256,4.187835929449723,0.3365702837127158,-1.8395285698527164,-4.029885277518154,0.0005093032998163,2.007640680686775,39.10294299101936,26.07537736702933,53.994059646351175,7.342223075839946,3234.343,2.074874283951467,27.91868227932185,0.0086319485222568,3.6808496952080287
B0034,19,01849.csv,1.4629049605190707,1.6623217152845853,88.00372076404146,0,24,0.1210505449768947,0.1419348235758278,3.407206655670774,2.1659225933828385,4.187676357576053,0.3474756334571857,-1.8047483945772265,-4.030097149456043,-0.000847804665056,2.004323801504105,37.80351021576893,24.96278744254723,53.39429065914855,7.496272647724592,3218.25,2.02145263511061,28.43150321660132,0.0088344607213862,3.686060573504705
B0034,20,01851.csv,1.423079450854989,1.6623217152845853,85.60794446527227,0,24,0.1210505449768947,0.1419348235758278,3.404574250610661,2.148786443036186,4.186173516948595,0.357452118988026,-1.7959916493195849,-4.02996569432633,0.0009245072505436,2.0033117558714806,37.3560600006649,24.26600284958175,53.38470633939791,7.6034560813037455,3203.5,2.0373870739124094,29.11870348981616,0.0090896530325631,3.687894435709096
B0034,21,01853.csv,1.4051040863603437,1.6623217152845853,84.5266035714268,0,24,0.1210505449768947,0.1419348235758278,3.4067467727915552,2.176304604588501,4.183451670510337,0.3595867124925847,-1.781271140675487,-4.0298811337146,-0.000794744491181,2.0016368951382453,37.06076524279572,23.967397296313447,53.12872869294344,7.574288392515855,3194.39,2.0070105451215747,29.161331396629997,0.0091289201996719,3.689712217541397
B0034,22,01857.csv,1.6329463925070862,1.6623217152845853,98.2328737868608,0,24,0.1207875536171222,0.1420779335220057,3.327594909243545,2.11932965334224,4.171109136894672,0.2940532539871966,-1.9422323790824167,-4.030453302813839,0.0002069060341666,2.0138038998674648,39.94613025797719,25.94194242418557,55.80847324293826,7.729987731986769,3225.219,2.0517515587659045,29.866530818752693,0.0092603109490402,3.5764441219488976
B0034,23,01861.csv,1.5687138208259117,1.6623217152845853,94.36884607847117,0,24,0.1231860471342966,0.1435165646876622,3.387012528508769,2.1509974200024624,4.183529138373987,0.3333319536080997,-1.868815237704764,-4.030924782950583,0.0077518991191248,2.010064611951075,38.71835153377607,24.878675048008976,55.579127556921776,8.106408225202975,3252.985,2.0322214756408448,30.7004525089128,0.0094376249841031,3.671296557250128
B0034,24,01863.csv,1.5149520966053402,1.6623217152845853,91.1347113302905,0,24,0.1231860471342966,0.1435165646876622,3.393848139834589,2.1142806141482584,4.188330656095053,0.3472761920025344,-1.8406021933680257,-4.030804599251528,0.0016138509377502,2.0077971179571112,38.131331549186825,24.035500904263305,55.5590605953301,8.246977591710866,3245.25,2.073972899353998,31.5235596910668,0.0097137538528824,3.681499070986425
B0034,25,01865.csv,1.4855182940634626,1.6623217152845853,89.36406716007711,0,24,0.1231860471342966,0.1435165646876622,3.4020764335853744,2.1801548663736754,4.186643866753638,0.347922074612732,-1.812590614553316,-4.029122762673436,0.0092071637848371,2.004891498959767,37.90482918212311,23.87898230327721,55.43438713431678,8.265786530763556,3235.031,2.006255882601553,31.55540483103957,0.0097542820551146,3.685627179974872
B0034,26,01867.csv,1.480771929049074,1.6623217152845853,89.07854090058431,0,24,0.1231860471342966,0.1435165646876622,3.400466282848084,2.109657199964041,4.187573632919629,0.3524680611892457,-1.8110391962814836,-4.031180461653834,0.0018007448672871,2.0049580313468427,38.06681078125698,23.895338331970752,55.91432751133226,8.348002100258782,3228.141,2.077793099978967,32.01898917936151,0.0099187083771624,3.6859790143077777
B0034,27,01869.csv,1.484026357317059,1.6623217152845853,89.2743169791894,0,24,0.1231860471342966,0.1435165646876622,3.4030809584663944,2.1306422513355594,4.187294591248425,0.3494578276725216,-1.8097841749979175,-4.029200659426091,0.0013966005260102,2.00480697883509,38.24251669378549,24.088396057852904,55.78439633575717,8.268922329812215,3217.875,2.056647974370314,31.696000277904268,0.0098499787213313,3.6866986974103697
B0034,28,01873.csv,1.4922153055506522,1.6623217152845853,89.76693812215457,0,24,0.1220873226956666,0.1416112723297097,3.4070525055582563,2.178786799179312,4.183701675158018,0.3427800974277658,-1.8021093934434649,-4.029558842148895,0.0015349291811905,2.004070500765006,38.56098530062726,24.59952870388799,55.819046085150106,8.209526023563454,3220.219,2.004875002976769,31.219517381262115,0.0096948429225658,3.686395057032349
B0034,29,01875.csv,1.473312924099279,1.6623217152845853,88.62983082953059,0,24,0.1220873226956666,0.1416112723297097,3.406027699483825,2.1208148015326507,4.187348905123759,0.3485541977871995,-1.800815649461131,-4.030202721256365,0.0012019585661013,2.003924706081321,38.38922286871294,24.44665229230036,55.81813101636483,8.252268826262705,3210.234,2.066490365199146,31.37147872406447,0.0097723339557379,3.687576964254725
B0034,30,01877.csv,1.441593178980006,1.6623217152845853,86.72167160694336,0,24,0.1220873226956666,0.1416112723297097,3.408174888188947,2.1326343880232206,4.186484904879302,0.3537418019137349,-1.7788779160462762,-4.029145604132163,0.0021805105234386,2.0015390921421368,37.90831705954933,23.9305444060256,55.50852980614408,8.31294005993107,3210.546,2.053814576727875,31.57798540011848,0.0098357056401367,3.6898712099789073
B0034,31,01879.csv,1.4225873198015788,1.6623217152845853,85.57833942258496,0,24,0.1220873226956666,0.1416112723297097,3.405126191511401,2.080806437045425,4.1865382627627215,0.3606991975404457,-1.7776506180150589,-4.029781810783222,0.0026354607172676,2.00119564429944,37.78900459955153,23.58710381562971,55.810474269938815,8.389370868783097,3200.969,2.1057318257172963,32.223370454309105,0.010066754927745,3.690624413938259
B0034,32,01881.csv,1.4266489379486664,1.6623217152845853,85.82267348317878,0,24,0.1220873226956666,0.1416112723297097,3.409764436063523,2.153621018125857,4.187164525329423,0.3542145497843635,-1.7757913058945811,-4.02948709506646,0.0032105483742513,2.0010759638110565,37.868460669545925,23.74742029854323,55.5580463265768,8.277109742284557,3188.625,2.033303365254491,31.81062602803357,0.0099762832029585,3.6916085571604382
B0034,33,01885.csv,1.4596775560238575,1.6623217152845853,87.80957034986243,0,24,0.1213351875279063,0.1421662524982832,3.410480218060336,2.16386574936286,4.185560165483177,0.3484265790500008,-1.781934305037178,-4.029440202415485,0.0035777890364691,2.0019255032497654,38.32719437027863,24.23819721668537,55.7456104997617,8.245568283117045,3191.735,2.0216935063567503,31.50741328307633,0.0098715630473947,3.690106664946702
B0034,34,01887.csv,1.4396159938545154,1.6623217152845853,86.60273042321755,0,24,0.1213351875279063,0.1421662524982832,3.4102489283524573,2.110862355108561,4.187111715287616,0.3529484912906562,-1.7740392922449235,-4.029706632370836,0.003273882745326,2.0010277868378776,38.222749634083,24.181214445850472,55.88273287086187,8.315058505555374,3190.313,2.076093375602916,31.7015184250114,0.009936805079944,3.6909546098573016
B0034,35,01889.csv,1.4195512657848512,1.6623217152845853,85.39570004605443,0,24,0.1213351875279063,0.1421662524982832,3.414435733868323,2.188936134619456,4.187953553733828,0.3539401968235741,-1.758159329896538,-4.028819839160079,0.0022661854147259,1.9990190259954228,37.70866248800648,23.726559353782505,55.52091947034592,8.320337792304201,3182.156,1.999017419114372,31.794360116563418,0.0099914523727194,3.6944191054800535
B0034,36,01891.csv,1.4118101714470452,1.6623217152845853,84.93002037246123,0,24,0.1213351875279063,0.1421662524982832,3.408669177651725,2.076995222056859,4.186573417418747,0.360796269051315,-1.764462484778239,-4.030420227631053,0.0023926972642869,1.9997687558838533,37.8703638417689,23.648177442106743,56.03798112972515,8.428461484824838,3180.156,2.109578195361888,32.38980368761841,0.010184973217546,3.6930664536190982
B0034,37,01893.csv,1.4044196701845313,1.6623217152845853,84.48543126587853,0,24,0.1213351875279063,0.1421662524982832,3.411832235289692,2.138330613016186,4.187350410759027,0.3569751590516499,-1.7624729823299456,-4.0299718848239205,0.002772341179092,1.999627859989889,37.83489284744581,23.69135775675516,55.7872631992585,8.381426950963391,3171.953,2.04889044792695,32.09590544250334,0.0101186573201126,3.694248368687088
B0034,38,01897.csv,1.4735059098606866,1.6623217152845853,88.64144024061108,0,24,0.1222125891909682,0.1405649119516749,3.412313772481234,2.163289759388807,4.18502843595743,0.3413775827162861,-1.7852228610575491,-4.029529486082554,0.0014464038221226,2.002352415137175,39.269306296372,25.32908222546193,56.29505678813318,8.138244239258372,3192.172,2.0214887623616904,30.96597456267125,0.0097005971365801,3.688422010212412
B0034,39,01899.csv,1.492658600645149,1.6623217152845853,89.79360534850558,0,24,0.1222125891909682,0.1405649119516749,3.4055246588869954,2.011759892668098,4.186257969039418,0.3441874957078489,-1.806117173524204,-4.029713711390202,0.0007416018320286,2.004746443258846,40.1506450904851,26.070815185624948,57.203641711448896,8.159149845345683,3194.735,2.174368604526655,31.132826525823948,0.0097450419286181,3.685703917491413
B0034,40,01901.csv,1.4820260149945934,1.6623217152845853,89.15398273196921,0,24,0.1222125891909682,0.1405649119516749,3.412772999015033,2.162343975515107,4.186398813067427,0.3408103727673852,-1.7898966673086716,-4.029290691786796,0.0043151690787858,2.0031420222152723,39.44313364004617,25.981415328866547,56.48442346523092,8.17618292182101,3178.75,2.0238340806803645,30.50300813636437,0.0095959129017268,3.688886357344372
B0034,41,01903.csv,1.423575357658995,1.6623217152845853,85.63777664513529,0,24,0.1222125891909682,0.1405649119516749,3.415930751375281,2.1921995805381784,4.185933256660042,0.3495334428573781,-1.7588595515353411,-4.029022667107852,0.0025134328913695,1.999224401309349,38.29706396735563,24.453681426245662,55.71155596776208,8.278533946800472,3165.359,1.9937242202255008,31.25787454151642,0.0098749855992689,3.694083118019455
B0034,42,01905.csv,1.403825219724535,1.6623217152845853,84.44967101234093,0,24,0.1222125891909682,0.1405649119516749,3.414462463305671,2.16034888083278,4.187334986366342,0.3546441651434848,-1.7569483309674612,-4.028805365009421,0.0019647285616452,1.998994194268084,38.00009263186772,23.948796481551096,55.725184853786985,8.311598120940726,3155.25,2.026860348847558,31.77638837223589,0.0100709574113733,3.695509649285777
B0034,43,01909.csv,1.5363173478836123,1.6623217152845853,92.41997705724482,0,24,0.1213673034622562,0.1424974651809117,3.3922002422487143,2.165521364045302,4.176473851854755,0.3356470285708724,-1.853554274466124,-4.029740881630216,0.0014215255618606,2.0089546003729226,39.66453202372922,25.30964655368589,56.68734909187956,8.21774373402727,3173.766,2.010800557109158,31.37770253819367,0.0098865834904632,3.67813784042302
B0034,44,01913.csv,1.5440367168176732,1.6623217152845853,92.88434979948138,0,24,0.1231072821956826,0.1405676747491041,3.397211952063909,2.0714906018792005,4.186547012412841,0.3359802534449903,-1.8469058434531276,-4.029196217915029,0.0069278895267026,2.008362037769272,40.50364795032053,26.320500253494163,57.523569542125074,8.221461302356577,3199.485,2.1149139842019933,31.20306928863091,0.0097525287002848,3.679024287165458
B0034,45,01915.csv,1.507892155360249,1.6623217152845853,90.71000766551988,0,24,0.1231072821956826,0.1405676747491041,3.4077342186972084,2.160000438530016,4.186836439169428,0.3379175882467201,-1.809719941535708,-4.029145491224896,0.0013066539770738,2.0050702546929537,39.602225792574906,25.813463506700813,56.64647124225468,8.20765734430709,3196.015,2.0267189520336624,30.833007735553863,0.0096473288565772,3.685400073479366
B0034,46,01917.csv,1.8203060058691087,1.6623217152845853,100.0,0,24,0.1231072821956826,0.1405676747491041,3.305027554247319,2.07023691471502,4.267804722238553,0.2831788405804789,-1.951674467634044,-4.031177810117895,-0.0007573629710346,2.014084577123911,43.00893271743553,27.492078726346985,61.22071154968515,9.03826053868474,3595.281,2.197475876972066,33.72863282333816,0.0093813620752698,3.531488040698144
B0034,47,01921.csv,1.5936575758226643,1.6623217152845853,95.86938323487124,0,24,0.1249733640758512,0.1434122906953782,3.3502911943233946,2.051324967440629,4.183147061073988,0.3273088379760374,-1.920877053556143,-4.031361471284143,-0.0006195680264069,2.013257357300348,40.64495633031262,25.863505806925243,58.28488787096781,8.577047160622417,3198.0,2.1318220936333585,32.42138206404256,0.010138018156361,3.632904405302986
B0034,48,01923.csv,1.533070464968097,1.6623217152845853,92.22465488310364,0,24,0.1249733640758512,0.1434122906953782,3.378826251452736,2.126099692893142,4.186094144264648,0.3464192404415407,-1.8756315967871,-4.030853452091916,0.0002504953623738,2.010582275457628,39.63966215341089,24.86563259253257,57.592019665372526,8.594567208047302,3183.516,2.059994451371506,32.726387072839955,0.0102799505555618,3.675049907444623
B0034,49,01925.csv,1.4862143093107285,1.6623217152845853,89.40593722896126,0,24,0.1249733640758512,0.1434122906953782,3.390518073285361,2.1895562891910765,4.1869069503681295,0.3509677992570684,-1.837523884399117,-4.030490983913811,0.0017152482598011,2.007663220075291,39.16680148065847,24.50767925297907,57.28443182001311,8.622872623284737,3183.797,1.9969739743656287,32.77675256703404,0.0102948625703944,3.68331576204447
B0034,50,01927.csv,1.5029318848267783,1.6623217152845853,90.41161352870134,0,24,0.1249733640758512,0.1434122906953782,3.387526907959532,2.074340759266504,4.185562043793452,0.351915052519172,-1.8376918380374707,-4.031249179709422,0.0018221767622858,2.007776187901709,39.82254974386062,24.90487757765792,57.87208806126728,8.567705875483348,3191.516,2.111047610620992,32.96721048360936,0.0103296397334712,3.681264163832141
B0034,51,01929.csv,1.5202185406928062,1.6623217152845853,91.4515238966573,0,24,0.1249733640758512,0.1434122906953782,3.3911818711119515,2.1265733975652816,4.186540363518264,0.3418169900764171,-1.84473194943584,-4.030674776051926,0.0026883098926745,2.0083826062896484,40.67552783597674,26.165502867251245,58.01475740778219,8.36657770925159,3189.985,2.0599669659529827,31.849254540530943,0.0099841392798182,3.679826385546728
B0034,52,01933.csv,1.5118194735004464,1.6623217152845853,90.94626266382056,0,24,0.1260670230602223,0.1435226557337258,3.390835631837091,2.062739747604538,4.182887718757515,0.3466408129862654,-1.8363552560101448,-4.032090463706321,0.002423109346653,2.007840448767483,40.58253841712968,26.434837838562657,58.312052179468594,8.49770239308577,3189.734,2.120134227108501,31.877214340905937,0.0099936904898358,3.68098970991636
B0034,53,01935.csv,1.464601301820905,1.6623217152845853,88.10576727442732,0,24,0.1260670230602223,0.1435226557337258,3.396934021472626,2.1030377322448675,4.183577669537621,0.3538075996559824,-1.804847667473282,-4.031760335593384,0.001233836454666,2.004557382295106,39.684346755235566,25.237731252945544,57.74556007237976,8.55629676846409,3176.016,2.080513085499328,32.507828819434216,0.01023541091085,3.6860118895958807
B0034,54,01937.csv,1.4546140961511749,1.6623217152845853,87.50496866980701,0,24,0.1260670230602223,0.1435226557337258,3.3994906529891598,2.1244761059896846,4.186336344550888,0.3550201360082227,-1.7965264889900276,-4.030702202371792,0.0015573133323275,2.0036470413727243,39.47995207463314,25.00928434925411,57.59063118746153,8.566693713400571,3171.36,2.061705956083777,32.58134683820742,0.0102736197840066,3.687582432666526
B0034,55,01939.csv,1.4333400490204142,1.6623217152845853,86.22518949498473,0,24,0.1260670230602223,0.1435226557337258,3.3981483429417363,2.0601307559265187,4.184762302875813,0.360061416695705,-1.7880255809187031,-4.030830787176179,0.0001083350557118,2.002715573743414,39.48992781243277,24.86229074949996,57.76023731619168,8.533798730124383,3170.843,2.1246315469492947,32.897946566691715,0.0103751420573934,3.6877180731592456
B0034,56,01941.csv,1.449326234639616,1.6623217152845853,87.18686769916226,0,24,0.1260670230602223,0.1435226557337258,3.398881941115953,2.066307670696809,4.185022396532557,0.3556598767524083,-1.7944904482925368,-4.030375180809054,0.0011304715634254,2.003628798286033,39.85231027058981,25.247118919096376,57.84385498440773,8.524862133958107,3164.672,2.118714725835748,32.59673606531135,0.0103001941639801,3.687366242760084
B0034,57,01945.csv,1.495199821798908,1.6623217152845853,89.94647715005839,0,24,0.1252713170947647,0.1435591074973786,3.3979295593430394,2.063118102136468,4.183906394520297,0.348201650543905,-1.810046150714452,-4.031301873680901,-0.0009828799985898,2.0051862864681538,40.87369030754749,26.38591994823214,58.50818415025991,8.434988455091911,3177.453,2.120788292383829,32.122264202027765,0.0101094380316649,3.68478323278596
B0034,58,01947.csv,1.4720590241846008,1.6623217152845853,88.55440018917085,0,24,0.1252713170947647,0.1435591074973786,3.3987236708202504,2.015578277968309,4.18478065365082,0.3523156446081084,-1.801573806556355,-4.030996805872695,0.0002298309157088,2.0044022718968755,40.55984735939729,26.519533331724425,58.39804679399696,8.510642900578198,3172.375,2.1692023756825107,31.878513462272537,0.0100487847313992,3.686100481720296
B0034,59,01949.csv,1.4097383014648728,1.6623217152845853,84.80538324818366,0,24,0.1252713170947647,0.1435591074973786,3.408026711831573,2.182520865570816,4.184572904357356,0.3575188926186936,-1.7534517505866212,-4.0309191249132565,0.0006099706214633,1.9985733221486432,38.98866212208888,24.70011610941673,57.19671566450291,8.582185621435395,3158.406,2.0020520387865406,32.49659955508618,0.0102889240823016,3.692568433615442
B0034,60,01951.csv,1.3861944181384176,1.6623217152845853,83.3890579298066,0,24,0.1252713170947647,0.1435591074973786,3.407631378055527,2.177635067318021,4.186221928288161,0.3617463159027305,-1.7513221260920175,-4.030301776910108,0.0009541085502518,1.9982914664513327,38.71511147644418,24.28294354559445,57.09358220904711,8.625861006451851,3141.578,2.00854000383842,32.810638663452664,0.010443999373389,3.6946984017899074
B0034,61,01953.csv,1.3624125407550536,1.6623217152845853,81.95841564409884,0,24,0.1252713170947647,0.1435591074973786,3.407885887358127,2.167549772117144,4.185645972879193,0.365101378589832,-1.7425277851045473,-4.032926354694966,-0.0001367770439569,1.9968801220000276,38.51149851182021,24.03220467889417,57.056434523826645,8.669716466894235,3138.187,2.0179620054940828,33.02422984493248,0.0105233467109934,3.696174224698446
B0034,62,01957.csv,1.4471377445077278,1.6623217152845853,87.05521507670262,0,24,0.1235425210299043,0.1436713068857462,3.400387541194186,2.0235981843621835,4.184966155089575,0.3575647441360872,-1.7826705089192836,-4.030419099923807,0.0007842316136241,2.002264638815254,40.1124792854564,25.38960807118112,57.99096942950453,8.489896217161125,3157.969,2.16119517587652,32.601361358323416,0.0103235216553181,3.688539040863782
B0034,63,01959.csv,1.4554483390450048,1.6623217152845853,87.55515407532505,0,24,0.1235425210299043,0.1436713068857462,3.407662296724597,2.184010507272112,4.181330176160959,0.3442534338874439,-1.7740815054978625,-4.031508370151624,0.0013241893499252,2.001328855790365,40.84012758949483,26.542766505120174,58.16328313862759,8.300394510888376,3159.281,1.9972772596150925,31.620516633507417,0.0100087699174297,3.687374425332315
B0034,64,01961.csv,1.4423952167302958,1.6623217152845853,86.76991965320994,0,24,0.1235425210299043,0.1436713068857462,3.4032529056881784,2.0392577121107047,4.186951481965634,0.3550746563797375,-1.7809841749397886,-4.030927087953748,-0.0003952233410601,2.0022104384617547,40.348969230016365,26.31336016927672,58.29542391419101,8.53638237990003,3150.375,2.147480462158409,31.98206374491429,0.0101518275585967,3.6892995640565647
B0034,65,01963.csv,1.377541945989605,1.6623217152845853,82.86855265881992,0,24,0.1235425210299043,0.1436713068857462,3.406174357529073,2.0999808615526177,4.1857251578423,0.3648644454317958,-1.747182095051256,-4.030689142794633,0.0004669539506793,1.9978212503469344,38.95729074496056,24.522516405936003,57.375182540416354,8.660668569295073,3134.078,2.085696065410432,32.85266613448035,0.0104824022039273,3.695132123660476
B0034,66,01965.csv,1.3539935892900532,1.6623217152845853,81.45195823651096,0,24,0.1235425210299043,0.1436713068857462,3.404973694436225,2.063136946201327,4.18361645238679,0.3697643818088681,-1.73814436809975,-4.030890080533704,0.000404425070258,1.996582502710518,38.73711200799833,24.159247368089208,57.42041259082052,8.725318456890605,3129.797,2.120403438126936,33.26116522273131,0.0106272596026935,3.696029498473522
B0034,67,01969.csv,1.5509038861664448,1.6623217152845853,93.29745691861662,0,24,0.1237545085880591,0.1458068729337951,3.3580774287935817,2.120762756881349,4.17325067272426,0.3340963744047162,-1.8824146171130411,-4.031115880527916,0.0012788914489122,2.01135903420885,40.231060876384255,24.8612656938652,57.71520595046742,8.575978781096964,3161.89,2.0523643939092016,32.85394025660222,0.0103906019047475,3.6504882460251737
B0034,68,01973.csv,1.5562932697752867,1.6623217152845853,93.6216651365138,0,24,0.1267251796303376,0.1452212888923113,3.38250056099739,2.19170788700899,4.184028931910909,0.3330857457521454,-1.8524024614367005,-4.031336520715659,-0.0001740371244319,2.0092822792763814,40.929553501935686,26.211618143788463,58.17136403259683,8.432805269513835,3196.859,1.9922051648752448,31.959745888808364,0.0099972334997597,3.669244634313252
B0034,69,01975.csv,1.5067526605064707,1.6623217152845853,90.64145927062732,0,24,0.1267251796303376,0.1452212888923113,3.390086865994553,2.1203887966971293,4.185455613390746,0.346850001937342,-1.826530681368946,-4.031483697642067,0.0006646404810077,2.007116071236726,39.99370931902224,25.616990124167888,57.753084428922655,8.60119093541831,3171.906,2.065066816693617,32.136094304754764,0.0101314775106055,3.680730224297311
B0034,70,01977.csv,1.444138733302766,1.6623217152845853,86.87480407819453,0,24,0.1267251796303376,0.1452212888923113,3.392978809154906,2.0630039985317543,4.183582231077479,0.3599395825673459,-1.7929643530908497,-4.030940436431335,0.0018050189062082,2.003708777388001,39.1022619385273,24.43317412120245,57.5103657978898,8.72438127557316,3160.842999999993,2.120578232545725,33.07719167668735,0.0104646740368589,3.686221242911001
B0034,71,01979.csv,1.4144103811292437,1.6623217152845853,85.08644073671987,0,24,0.1267251796303376,0.1452212888923113,3.400527096110287,2.1811524820912926,4.1831604654402685,0.3591260907051384,-1.7679531131415924,-4.0314913055403885,0.0019812169597072,2.000736228579424,38.63703610404588,24.01694812582096,56.86348453612092,8.6814745993037,3147.141,2.0018826511834398,32.84653641029996,0.0104369446460453,3.689683282684462
B0034,72,01981.csv,1.3897574212362729,1.6623217152845853,83.60339689109757,0,24,0.1267251796303376,0.1452212888923113,3.4009920061492966,2.155432405052415,4.184589576893444,0.3636309690025758,-1.758494914822024,-4.03046907957885,0.0146311694909085,1.9999419770032507,38.457946337552535,23.76449388619055,56.97607576818629,8.731194553530898,3141.203,2.0287995555429603,33.21158188199574,0.0105728862101544,3.691494340112067
B0034,73,01985.csv,1.449968311475299,1.6623217152845853,87.22549300434711,0,24,0.1257307656681546,0.1454321615828021,3.395963139634734,2.0671609840346776,4.1839152437949645,0.35593917232605,-1.791362432884086,-4.030848804967881,-0.0002489305736548,2.003498216742575,39.98853422500312,25.126150529911,57.956995411354825,8.584867757864131,3151.047,2.116754259760287,32.830844881443824,0.0104190273523193,3.6866803860669775
B0034,74,01987.csv,1.4678653068012166,1.6623217152845853,88.30211945765997,0,24,0.1257307656681546,0.1454321615828021,3.399629787670528,2.1233368877812127,4.184717109573573,0.347571646603843,-1.7913224989214864,-4.032550539055774,0.0017035076717763,2.00364056383254,40.84025138634754,26.33782978068625,58.3663921180059,8.436540185259998,3159.172,2.0613802217923607,32.02856233731965,0.0101382774781872,3.6852909591532064
B0034,75,01989.csv,1.4290644310445066,1.6623217152845853,85.96798188369057,0,24,0.1257307656681546,0.1454321615828021,3.3983167205445777,2.032509026773449,4.184251380689682,0.3611318712468133,-1.7734088198098006,-4.03311369700898,7.260499407977222e-05,2.0013999722110136,39.64173378499159,25.148680870013376,57.883249801186295,8.685711491168414,3141.047,2.151497134825209,32.73456893117292,0.0104215469972824,3.6891540537158902
B0034,76,01991.csv,1.376744834668327,1.6623217152845853,82.8206009708916,0,24,0.1257307656681546,0.1454321615828021,3.398539512076107,2.010095847748964,4.182749347441237,0.3710619878165208,-1.7476951824023108,-4.031189054300734,0.0018931841045314,1.9981693719946496,38.82196729294636,24.01574907362869,57.62604602919208,8.817941138688719,3135.0310000000027,2.172653499692273,33.61029695556339,0.0107208818527036,3.692472351370744
B0034,77,01993.csv,1.3515813262521057,1.6623217152845853,81.30684414603333,0,24,0.1257307656681546,0.1454321615828021,3.40654652300618,2.184505347565892,4.182152014334447,0.3666661959660648,-1.7290779932589335,-4.031129358826585,0.0010066000987554,1.9957233455533672,38.27601981086532,23.678020825543207,56.803768142247485,8.745456914946834,3117.984,1.9976319411319048,33.12574731670428,0.0106240915016575,3.696541163465105
B0034,78,01997.csv,1.353993472828928,1.6623217152845853,81.4519512305792,0,24,0.1253441117935972,0.1478802597593119,3.406778113087296,2.1991319506434475,4.183323525954108,0.3663294649090291,-1.72909022193074,-4.031338830626604,0.0011354193755573,1.995548206378975,38.30615482092432,23.472541130716568,56.88027382398077,8.765956558062882,3125.328,1.984191575310661,33.40773269326421,0.0106893525074053,3.6970252266222583
B0034,79,01999.csv,1.3577165116893766,1.6623217152845853,81.67591743556926,0,24,0.1253441117935972,0.1478802597593119,3.404421419209012,2.1256164107912863,4.18535045289718,0.3681574253236552,-1.7360856942372698,-4.03103413513416,0.001154777599894,1.9966679962620908,38.50347850214561,23.74537741226268,57.11228470728586,8.783731417459412,3120.172,2.0597340421058936,33.36690729502318,0.010693932031639,3.6961123816191863
B0034,80,02001.csv,1.334169315351027,1.6623217152845853,80.25939281690853,0,24,0.1253441117935972,0.1478802597593119,3.4020136665550305,2.059592858883293,4.182766239696235,0.3747697911581134,-1.7266849618679287,-4.030805323363095,0.0013806992719649,1.9953133219474424,38.25735173096823,23.344185929602297,57.23777746505438,8.870928018497759,3116.641,2.1231733808129425,33.89359153545208,0.0108750387149023,3.6968471352066143
B0034,81,02003.csv,1.3372147888783987,1.6623217152845853,80.44259884131219,0,24,0.1253441117935972,0.1478802597593119,3.408929572366065,2.196715966153447,4.181823483700895,0.3667376465657466,-1.7171675465127405,-4.03117795823907,0.0013891789726567,1.9936547076968083,38.29433048905591,23.58283501183717,56.79550408983589,8.737825093454077,3110.844,1.98506622165511,33.21266907799872,0.0106764174217667,3.698437612423943
B0034,82,02005.csv,1.339045224276927,1.6623217152845853,80.55271202708713,0,24,0.1253441117935972,0.1478802597593119,3.407512024075691,2.179169443366329,4.1857303262234575,0.3692057466477489,-1.7243425380133646,-4.031972732432733,0.0011128765557092,1.9948981407407025,38.19006452807094,23.456477601865824,56.74357378980126,8.770364628985135,3101.406,2.0062980238377954,33.28709618793543,0.0107329050720658,3.699619748527584
B0034,83,02009.csv,1.3439244604756322,1.6623217152845853,80.84623139544055,0,24,0.12527841795391,0.1478038929970834,3.4012246723873063,2.0729178734316847,4.180937577273335,0.3742782300317501,-1.7314023398283604,-4.031005726868246,0.0009343179831969,1.9958495161999803,38.32673773585545,23.39396422716183,57.1850535860252,8.859380536587665,3099.563,2.107887342051021,33.79108935886337,0.0109018882206502,3.697262072762205
B0034,84,02011.csv,1.3454786192090245,1.6623217152845853,80.93972465364094,0,24,0.12527841795391,0.1478038929970834,3.4019343263921806,2.058553622170445,4.185670680684665,0.3748114537405041,-1.7315370302816349,-4.031139103540076,0.0011101596079035,1.9960688998382103,38.326112920062165,23.39996123171042,57.13163600499266,8.856808409444053,3104.64,2.1268642473122767,33.73167477328224,0.0108649230742637,3.697914497865385
B0034,85,02013.csv,1.3482263029682544,1.6623217152845853,81.10501659045232,0,24,0.12527841795391,0.1478038929970834,3.4080993396118826,2.1859283824053053,4.184780807786567,0.368250437674698,-1.7217927604432464,-4.030804616834862,0.0062758414715402,1.994731085030303,38.2504483640825,23.6086778568682,56.68621589748299,8.742439203791422,3099.875,1.9987301768413648,33.07753804061478,0.010670603827772,3.699668535183326
B0034,86,02015.csv,1.3373192299576058,1.6623217152845853,80.4488816852555,0,24,0.12527841795391,0.1478038929970834,3.4012585484878985,2.047929270109934,4.184776951807234,0.3766580429795004,-1.728989688622418,-4.031692434428726,0.0010934428723549,1.9956680930422508,38.25522153140731,23.276456947851614,57.14457415944487,8.876721439742894,3093.25,2.1368476816973003,33.86811721159326,0.0109490397515859,3.6987651969580937
B0034,87,02017.csv,1.3402523341553034,1.6623217152845853,80.62532792732335,0,24,0.12527841795391,0.1478038929970834,3.400118948427692,2.0282334120244614,4.184920385211051,0.375936012129504,-1.7363791085179334,-4.031825763441962,-0.0002687342222298,1.9966320060781144,38.4827926779255,23.49685572481665,57.28985408720813,8.877668644103911,3086.688,2.156686973186589,33.79299836239147,0.0109479799585806,3.698084900382332
B0034,88,02021.csv,1.329096568237912,1.6623217152845853,79.95423244593624,0,24,0.1250367388099057,0.1470983982534746,3.4044380735101045,2.128944717359417,4.181326694340018,0.3731590255862207,-1.7191649059489624,-4.0305186641831545,0.0034678236592646,1.9943362542359948,38.208311929566015,23.29711680803585,56.90074118043176,8.840194321432358,3094.281,2.052381976980601,33.60362437239591,0.0108599136188329,3.699588811539306
B0034,89,02023.csv,1.3323485655766352,1.6623217152845853,80.14986228755006,0,24,0.1250367388099057,0.1470983982534746,3.4027761465827293,2.080780257241255,4.184466822637345,0.3745215082590969,-1.7265467227383982,-4.031628581091327,0.0016669359763762,1.9954572718247072,38.37963443029051,23.401728136234176,57.126183132620525,8.819397298661038,3088.328,2.103666180965927,33.72445499638635,0.0109199719059589,3.699170104199277
B0034,90,02025.csv,1.3501541310555516,1.6623217152845853,81.22098861136567,0,24,0.1250367388099057,0.1470983982534746,3.407661438923026,2.18178697368346,4.185698992912854,0.3652092117002787,-1.726628901233422,-4.0312424408295175,0.0026485048966212,1.9953885670207627,38.847888287026734,23.983632918812404,57.09006956503022,8.66935579813357,3095.687,2.003818746054402,33.106436646217816,0.0106943746723159,3.698367330385642
B0034,91,02027.csv,1.381523441054128,1.6623217152845853,83.1080667689897,0,24,0.1250367388099057,0.1470983982534746,3.406219322901771,2.1600430451609207,4.188177492671976,0.3609092394658271,-1.7439767424511523,-4.031736173757563,0.0013378449788513,1.9979037840818108,39.55793696996327,24.79113634686574,57.56129571557157,8.598440175622367,3102.062,2.028134447511055,32.770159368705826,0.0105639923923847,3.695570120007808
B0034,92,02029.csv,1.3835971952817807,1.6623217152845853,83.23281724349684,0,24,0.1250367388099057,0.1470983982534746,3.403483836522725,2.0578741386350488,4.181899265811891,0.3619668249274923,-1.7438949547598264,-4.03159610294282,0.0010649532583859,1.997732931333819,39.99598965677591,25.6128390117907,58.12885115554352,8.683327027748726,3107.141,2.123971332654778,32.51601214375282,0.0104649297034646,3.6933127034431776
B0034,93,02033.csv,1.33011618620809,1.6623217152845853,80.01556942786958,0,24,0.1246732923578224,0.1474804420717201,3.401643655881062,2.054577698980584,4.180083219210065,0.3741952107713892,-1.7239330841004026,-4.031093567396651,0.0059369355182463,1.995138483551578,38.63711136364424,23.785855051860043,57.35750604508094,8.857869610994038,3090.719,2.125505520229481,33.5716509932209,0.0108620845160044,3.698192999723263
B0034,94,02035.csv,1.3176982121703231,1.6623217152845853,79.26854351082916,0,24,0.1246732923578224,0.1474804420717201,3.401100143150002,2.0610721424538947,4.1821779958572005,0.3787561941827156,-1.7215733668196036,-4.031192505233378,0.0003390728794783,1.9945449015188763,38.17458507378806,23.1569815322644,57.07647448385972,8.903069468199583,3069.812,2.121105853403306,33.91949295159532,0.0110493714115376,3.700709129095486
B0034,95,02037.csv,1.3063657719651272,1.6623217152845853,78.58681986485875,0,24,0.1246732923578224,0.1474804420717201,3.406245698013471,2.1769630360366774,4.1841115419161925,0.3759838675934788,-1.7115169207570662,-4.030588508612238,0.0011136677193194,1.9933626206122568,37.84309122903104,22.908599756234555,56.56265009891403,8.86354183673562,3064.437,2.006706775281949,33.65405034267947,0.010982131576756,3.703899006614929
B0034,96,02039.csv,1.3381567383793782,1.6623217152845853,80.49926353457334,0,24,0.1246732923578224,0.1474804420717201,3.404609654515602,2.123117073996824,4.182953933920961,0.3701904747083955,-1.7218255733894667,-4.031702600821983,0.0012646505805006,1.9946542026581129,38.7849806497393,23.68472050512781,57.16856231635899,8.750868469313117,3083.25,2.0597112260942025,33.48384181123117,0.0108599178825042,3.698889022943992
B0034,97,02041.csv,1.3563258092165067,1.6623217152845853,81.59225718737045,0,24,0.1246732923578224,0.1474804420717201,3.3978374456616303,1.992728560786441,4.185231964742196,0.3728432468936496,-1.7464028089407726,-4.031682841427148,0.0015946623938485,1.997975459297873,39.47058624854092,24.22073602275369,57.902838661735686,8.734129543035214,3076.484,2.1923858840801795,33.682102638981995,0.0109482456723265,3.695905008914236
B0034,98,02045.csv,1.3648997529550058,1.6623217152845853,82.10803843835598,0,24,0.1251092258626547,0.1471351855185385,3.39586477636226,1.9677573642714887,4.183603781291225,0.372893710390634,-1.7536342273893653,-4.03092026898644,0.000102227635361,1.998844219422384,39.61654428235802,24.762876860329897,58.11517890209301,8.80097194140631,3081.297,2.215645208741648,33.35230204176311,0.0108241114185887,3.69460324427932
B0034,99,02047.csv,1.3337639975535058,1.6623217152845853,80.23501018424516,0,24,0.1251092258626547,0.1471351855185385,3.4029256137765205,2.12435243753564,4.1847480185320505,0.3739159665679014,-1.726531730710585,-4.031386898885472,1.4190786375877196e-05,1.995545847889952,38.42381623938057,23.61904245521269,56.98035659049231,8.835133456477145,3065.953,2.060190928806694,33.36131413527963,0.0108812216414536,3.700782399306473
B0034,100,02049.csv,1.3060123668658763,1.6623217152845853,78.56556013540919,0,24,0.1251092258626547,0.1471351855185385,3.4052852363977686,2.1817137827751827,4.18481289618272,0.3746163296024135,-1.7162971244779048,-4.031919192937977,0.0042214131704376,1.9941196488684687,38.11461669687029,23.139606352661183,56.67208442551173,8.826906163237824,3055.828,2.0030991134075373,33.532478072850544,0.010973287132931,3.7031977138753103
B0034,101,02051.csv,1.3101868361375808,1.6623217152845853,78.81668296159387,0,24,0.1251092258626547,0.1471351855185385,3.4007629589889867,2.087539695609617,4.182816385597531,0.3776587946222212,-1.7241037426046355,-4.031463869357844,-0.0002054587509037,1.995096472636278,38.33391837467718,23.227905756844947,57.04472631715234,8.878119907411937,3051.468,2.0952766899879136,33.81682056030739,0.0110821481858264,3.701244481589036
B0034,102,02053.csv,1.3567668941696105,1.6623217152845853,81.61879145862781,0,24,0.1251092258626547,0.1471351855185385,3.4011297944340977,2.068960188840925,4.182086976575588,0.3695850380895903,-1.734239204579505,-4.031164018221237,0.0024620812789465,1.996893034678365,39.42514383600653,24.36549586778333,57.64730160708694,8.684622557321541,3069.0,2.113126787734664,33.28180573930361,0.0108445114823407,3.6966863129824
B0034,103,02057.csv,1.3916857433587717,1.6623217152845853,83.71939863160114,0,24,0.1264638175619604,0.1464806266658573,3.3993314164333626,2.059628573127648,4.181559459677035,0.3641299384578157,-1.7519633999941742,-4.031125638208525,0.0005944525944014,1.9990877726163836,40.315066740163225,25.426031784942506,58.29336025761747,8.637795448842217,3079.235,2.121930886549387,32.86732847267497,0.0106738616807989,3.693254330560489
B0034,104,02059.csv,1.3629935079344777,1.6623217152845853,81.9933647862584,0,24,0.1264638175619604,0.1464806266658573,3.3981521617785853,1.9953872570984856,4.182529313505233,0.372294616442844,-1.741661014368029,-4.03058191664693,0.0006963918211712,1.9973640878921928,39.53448316157278,24.759695537233807,57.95445943311949,8.778460833723411,3070.344,2.1871420564067474,33.194763895885686,0.0108114152342166,3.695948110428761
B0034,105,02061.csv,1.3211711973900628,1.6623217152845853,79.47746728219101,0,24,0.1264638175619604,0.1464806266658573,3.4035091903916523,2.1529421051579973,4.184076900714323,0.374494610907818,-1.721352036820181,-4.030694821958155,0.0007119561611779,1.9948086409368209,38.37203224972586,23.5538506722797,56.91514213395795,8.839516681400235,3051.4839999999967,2.031133908756207,33.36129146167825,0.0109328089092645,3.702105314189121
B0034,106,02063.csv,1.3074869015593356,1.6623217152845853,78.65426346400685,0,24,0.1264638175619604,0.1464806266658573,3.399021879453416,2.0405401202035574,4.184435637134828,0.3812468444656808,-1.7213249052728743,-4.031009817979993,0.0020566252105106,1.9949118181889156,38.3101923015924,23.15733332811672,57.19634917626827,8.940716088748237,3054.812,2.143895516931271,34.03901584815155,0.0111427530886193,3.701797644317252
B0034,107,02065.csv,1.3105881895483489,1.6623217152845853,78.8408271093288,0,24,0.1264638175619604,0.1464806266658573,3.4057934055092884,2.197033181830859,4.182198079486951,0.3737023442287749,-1.7112135934528914,-4.031095809579006,0.0012203049914854,1.993262617120496,38.27774779605142,23.32029692884593,56.74944920850043,8.809595451296325,3046.532,1.985164897656092,33.4291522796545,0.010972854471791,3.703254141200759
B0034,108,02069.csv,1.376312668196664,1.6623217152845853,82.79460320718019,0,24,0.1271233146951738,0.1465866624226255,3.3956244120578263,1.9756647286286777,4.18257252176705,0.3692120522102305,-1.7569109821992537,-4.03243604396475,0.0003728726761709,1.999291166755367,40.334191485925615,25.493869536085327,58.60834889757344,8.73949585209178,3071.782,2.206907793138373,33.114479361488115,0.0107802179195945,3.693401824990428
B0034,109,02071.csv,1.391764929132287,1.6623217152845853,83.72416219648676,0,24,0.1271233146951738,0.1465866624226255,3.400151892919731,2.083403258487322,4.184144535847567,0.3609593984432283,-1.757472358582005,-4.0311681176814105,-0.0008283772149644,1.9999556944520076,40.79229920392578,26.140582124289093,58.69313490028398,8.602691381084028,3074.532,2.100741277360245,32.55255277599488,0.0105878074373579,3.69288368868856
B0034,110,02073.csv,1.3649746353453525,1.6623217152845853,82.11254312536441,0,24,0.1271233146951738,0.1465866624226255,3.395401002342427,1.9776004444482065,4.183745596310435,0.3721405628549688,-1.754566898095876,-4.032104651105574,0.0013465670361033,1.9992922201318848,39.99900717802978,25.236639467278017,58.287617732907975,8.76335225783567,3053.656,2.2059220411955267,33.05097826562996,0.0108234124163396,3.6952044962676736
B0034,111,02075.csv,1.3219093937291897,1.6623217152845853,79.52187483172487,0,24,0.1271233146951738,0.1465866624226255,3.397818814080149,2.064842829300876,4.182564922322223,0.3775177446279733,-1.7345909430155575,-4.031108958105936,0.0025558473834459,1.9966803551406829,38.793911542282345,23.815588368305107,57.38456939785952,8.86939112238298,3031.953,2.117722093021347,33.568981029554415,0.0110717352906045,3.700412051117653
B0034,112,02077.csv,1.3090033888073913,1.6623217152845853,78.7454905251775,0,24,0.1271233146951738,0.1465866624226255,3.392562018908607,1.966575784508242,4.184886457411625,0.3849778775123175,-1.7419815147499944,-4.031562836873329,-0.0007536815005631,1.9972064078166896,38.67005005769116,23.39868713351051,57.58115209169171,8.968329865392109,3023.5,2.2181992713060508,34.1824649581812,0.0113055944958429,3.700730353415092
B0034,113,02081.csv,1.3327005721973733,1.6623217152845853,80.17103788896954,0,24,0.124489358707192,0.1481547693370429,3.40172041057263,2.1711822809863026,4.182256888930097,0.3732509656497098,-1.7240295509078702,-4.03093916292613,0.0008522774553233,1.9952382185007147,38.826649526191886,23.541409033500173,57.13289738293001,8.773748438715883,3042.703,2.0110746079437947,33.59148834942984,0.0110400155221951,3.701048675021917
B0034,114,02083.csv,1.7423975189669398,1.6623217152845853,100.0,0,24,0.124489358707192,0.1481547693370429,3.483606791060758,2.069253006874651,4.444767752853825,0.343954342924875,-1.5139109254949328,-4.031271454898872,0.0001730030754003,1.951199282521044,40.05350414099234,27.19642353763937,61.43732341776916,9.972682851096415,4424.203,2.37530192069961,34.24089988012979,0.0077394504456802,3.720408832214848
B0034,115,02087.csv,1.37734756281946,1.6623217152845853,82.85685918406364,0,24,0.1272960691814162,0.1479466364268468,3.4027541068274787,2.1429326564674485,4.182008963324631,0.3613250977679768,-1.7448643036753848,-4.031083297465372,-0.0001183641265615,1.998086505092949,39.89751111071057,25.38698510964008,57.73883179659806,8.62473287045661,3066.766,2.038897351806642,32.351846686957984,0.0105491735225178,3.69469483605618
B0034,116,02089.csv,1.34875988767775,1.6623217152845853,81.13711535356113,0,24,0.1272960691814162,0.1479466364268468,3.399518032588874,2.066165629002469,4.183084128990252,0.3695778618370274,-1.7422768724138988,-4.030963240325162,0.0014922973901564,1.9978905406610368,39.197243061406944,24.44989369954168,57.386080612263264,8.707196996661448,3046.125,2.1166855855353464,32.93618691272158,0.0108124869835353,3.696712774439817
B0034,117,02091.csv,1.3501504559881146,1.6623217152845853,81.22076753096931,0,24,0.1272960691814162,0.1479466364268468,3.4048948132853294,2.1996082620797504,4.183718969246597,0.3661330864144184,-1.731761904660173,-4.031380713903483,0.0004034421702229,1.9963009950714483,38.90698912730004,24.22534035257945,56.89633685865634,8.666596301235286,3033.625,1.9838444390815528,32.67099650607689,0.0107696226481773,3.699364812107399
B0034,118,02093.csv,1.3387814875085953,1.6623217152845853,80.5368464599164,0,24,0.1272960691814162,0.1479466364268468,3.3989458032986057,2.0698222657269465,4.184086373500983,0.3729750576179653,-1.7394457190997812,-4.0308516181486045,0.0025707885124276,1.997562333754125,38.91493347992841,24.023029688289228,57.238769179765264,8.758275016738635,3028.562,2.1142641077740363,33.21573949147604,0.0109674952969349,3.698545637883801
B0034,119,02095.csv,1.3253371210402685,1.6623217152845853,79.7280760309008,0,24,0.1272960691814162,0.1479466364268468,3.402552549263599,2.1637591808058576,4.180084668986179,0.3695846892100426,-1.7291852801439969,-4.030838932270787,-0.0008015260124667,1.995932238126924,38.753372299612906,23.95603789933229,56.92287178370967,8.690077322966433,3020.984,2.0163254881803216,32.96683388437738,0.0109126145270472,3.699487691031994
B0034,120,02099.csv,1.3308160596334049,1.6623217152845853,80.05767159250354,0,24,0.1259736664142202,0.1476030885314802,3.3917372089469744,1.96657603413028,4.182272685375916,0.3787642571958433,-1.7552053099717762,-4.030667531854442,-0.0001784030931222,1.9991116957331807,39.09185442815456,23.932184060717763,57.63060311370659,8.84233881361691,3017.391,2.2156966512456364,33.698419052988825,0.0111680650777406,3.6970675112579214
B0034,121,02101.csv,1.333083376618503,1.6623217152845853,80.19406618834203,0,24,0.1259736664142202,0.1476030885314802,3.399163910018903,2.0993400599564533,4.183571382297645,0.3728463956737153,-1.737147942355728,-4.031261774539943,0.0001480784536688,1.997163823274504,38.79791433490267,23.91270646251569,57.01462861282404,8.759489963889735,3022.14,2.0842313223411915,33.101922150308354,0.0109531398778045,3.698993980564868
B0034,122,02103.csv,1.3333226534895923,1.6623217152845853,80.20846032570361,0,24,0.1259736664142202,0.1476030885314802,3.396151910618556,2.051523215347617,4.183893272585923,0.3757845896801064,-1.7450526641182944,-4.031883079901577,-5.40381873575575e-05,1.998313555300159,38.873425446921566,23.85270122718953,57.17373710163345,8.782866136570105,3009.016,2.1321557476542963,33.32103587444392,0.0110737317031361,3.698871381516335
B0034,123,02105.csv,1.3264281097516477,1.6623217152845853,79.79370645017211,0,24,0.1259736664142202,0.1476030885314802,3.3999185413871995,2.127535513157563,4.184006388641318,0.3731199239718793,-1.7341883809096077,-4.0317878151340585,0.0009352255589694,1.9968806376659356,38.72429474171124,23.83759353886068,56.96912010183172,8.745029138284979,3014.672,2.056090652948169,33.13152656297104,0.0109900933046683,3.7000476822504336
B0034,124,02107.csv,1.323971040986857,1.6623217152845853,79.64589698933196,0,24,0.1259736664142202,0.1476030885314802,3.397850235603045,2.0823277676119383,4.181910454160974,0.3756170851043335,-1.734400276547127,-4.031344486974082,0.0017111395988959,1.9968121263360992,38.693927613601694,23.7486501338944,57.10359458618797,8.788013394571424,3010.703,2.099249217238413,33.354944452293566,0.0110787893898181,3.6997392396906665
B0034,125,02111.csv,1.3249364225071156,1.6623217152845853,79.70397127852534,0,24,0.1259231863090842,0.1490022186394229,3.399278705498605,2.1365617064803337,4.181304092373182,0.3730976776162239,-1.7344615887918813,-4.031165844112306,0.0004752250330031,1.9967557214446223,38.83689474258564,23.86209603003965,57.068326741336485,8.757401238091061,3011.75,2.044729615658722,33.20623071129683,0.011025560126603,3.6999299670216734
B0034,126,02113.csv,1.3283067675570923,1.6623217152845853,79.90672054294193,0,24,0.1259231863090842,0.1490022186394229,3.393991029909915,1.9941210557405096,4.181467747221002,0.3787842671237285,-1.7422565015843707,-4.031283330684273,0.0013017595633574,1.99797391992986,38.98262569198278,23.93772227630433,57.42601185667435,8.81870915514652,3005.734,2.1872535368298323,33.48828958037002,0.0111414681340298,3.698566520831503
B0034,127,02115.csv,1.314584348909226,1.6623217152845853,79.08122337703881,0,24,0.1259231863090842,0.1490022186394229,3.3920728040875394,1.9772527709370784,4.184933925854431,0.3810216610259313,-1.7506020276231054,-4.031390232489055,0.0005343769692278,1.9989057182503975,39.051031869034375,23.891588699661355,57.61101162387096,8.859849877416824,2993.75,2.2073084787545723,33.7194229242096,0.0112632727930554,3.6992280372987767
B0034,128,02117.csv,1.3166841798543305,1.6623217152845853,79.20754254412886,0,24,0.1259231863090842,0.1490022186394229,3.3991110461098466,2.126873333723975,4.183605741258281,0.3754517619572849,-1.7318011089547245,-4.030190775657842,-5.6992644977724535e-05,1.9965545360374173,38.79001119015603,23.825855363413623,57.13778358983724,8.78939803853822,2998.125,2.0567324075343065,33.31192822642362,0.0111109204007249,3.7013425771094792
B0034,129,02119.csv,1.3041727649654071,1.6623217152845853,78.45489552196194,0,24,0.1259231863090842,0.1490022186394229,3.395190942431077,2.039511489521072,4.18498220766507,0.3797193868780283,-1.739970121407176,-4.030832991804198,0.0011172089435373,1.997748295374132,38.89401391225135,23.78659177259518,57.23603082155364,8.83808791505059,2990.859,2.1452477103146115,33.44943904895846,0.0111838903301554,3.700885202545424
B0034,130,02123.csv,1.3534450073572306,1.6623217152845853,81.41895728803159,0,24,0.127212110588067,0.1490478179338208,3.3964846031258618,2.0358214749013905,4.181710702444723,0.3713668035196366,-1.7427011000827153,-4.031156962815287,-0.0016396833932214,1.9979873322882928,40.17157466315805,24.95061784926869,58.39093066235441,8.701117779887008,3024.453,2.1458821877669187,33.44031281308572,0.0110566481982314,3.6963308233400016
B0034,131,02125.csv,1.371294082513786,1.6623217152845853,82.49270101600182,0,24,0.127212110588067,0.1490478179338208,3.394474869519725,1.973042506261499,4.184181072689387,0.368077239161867,-1.7609977485305528,-4.031505060697891,0.0129900052809774,2.000406570789153,41.03606365974405,26.378354883462126,58.90073826779548,8.606987102578811,3030.765,2.2110572785075453,32.52238338433335,0.0107307506138989,3.693312108743723
B0034,132,02127.csv,1.357699321922511,1.6623217152845853,81.67488335373616,0,24,0.127212110588067,0.1490478179338208,3.396433031795198,2.0280193684749017,4.18330455406694,0.3691704532541151,-1.7510064310910844,-4.0310979373493865,0.0006744131176185,1.99937145975454,40.43961489235273,25.80947699877746,58.27129279916865,8.6354821777754,3020.813,2.1550666151316547,32.46181580039119,0.0107460527349396,3.695543017208247
B0034,133,02129.csv,1.3286903090919502,1.6623217152845853,79.92979318473752,0,24,0.127212110588067,0.1490478179338208,3.391155270712207,1.9435482703621487,4.183090426902681,0.3809635857559244,-1.7476615383639926,-4.0324414576282885,0.001149387990926,1.9982505141027476,39.65187768260208,24.614714162928127,58.03064804249352,8.817611959049156,2998.156,2.2395421565405327,33.41593387956539,0.0111454953910221,3.698143683203277
B0034,134,02131.csv,1.3143943268181724,1.6623217152845853,79.06979225096336,0,24,0.127212110588067,0.1490478179338208,3.395487164367482,2.0636905936063763,4.184001846460157,0.3787518316119877,-1.737132841849628,-4.030608268179589,-0.0001919878967601,1.997543964850064,39.17910732689237,24.072109280815287,57.376456720947886,8.795000301709514,2986.766,2.120311252853781,33.3043474401326,0.0111506383292606,3.701042681486123
B0034,135,02135.csv,1.3866783030110723,1.6623217152845853,83.41816690842401,0,24,0.1261498012706538,0.1488802539580276,3.379530577955077,1.9437968709766944,4.173319870139646,0.3753056097490972,-1.7833514969895126,-4.030934744594092,-0.0015555056759469,2.0026101806851315,40.11810121003218,24.68063964955075,58.48728985101988,8.852527472787376,3032.328,2.229136116732924,33.80665020146913,0.0111487445294404,3.689652441896302
B0034,136,02139.csv,1.3868330458429208,1.6623217152845853,83.42747574620346,0,24,0.1275273799981891,0.1483581068321612,3.392303218262864,2.071041778175654,4.181768359109135,0.3630565095376203,-1.7701661084313476,-4.031180224182523,0.0052667295000626,2.0014381425125727,40.80596825835928,25.7688641707561,58.63748276638773,8.631783318597355,3047.703,2.110726580933481,32.86861859563163,0.0107847183914021,3.690727849174836
B0034,137,02141.csv,1.3548037379291014,1.6623217152845853,81.50069420811016,0,24,0.1275273799981891,0.1483581068321612,3.4001334063326003,2.185338383273266,4.182301042571854,0.3648851280008113,-1.7401783923806775,-4.031782992778244,-0.0009786783734257,1.9977494476062896,39.68459882372222,25.05089715718802,57.63608525053667,8.686678403334136,3034.968,1.9969626592985883,32.58518809334865,0.0107365837443256,3.6959054398687914
B0034,138,02143.csv,1.3255787669951669,1.6623217152845853,79.74261268482744,0,24,0.1275273799981891,0.1483581068321612,3.393642423268678,2.0310061849780774,4.178121720093713,0.37628448957748,-1.7373219803903293,-4.030909285227107,0.0024516130735203,1.9974265048500963,39.35391690299883,24.408294212643,57.60594379182819,8.788125087971139,3011.7339999999967,2.1471155351156352,33.1976495791852,0.0110227694674181,3.69687144729237
B0034,139,02145.csv,1.3119728676377551,1.6623217152845853,78.92412494973325,0,24,0.1275273799981891,0.1483581068321612,3.40100156778852,2.1906611266270994,4.181856458554027,0.3718293078742223,-1.726421739308256,-4.031391102007752,-0.0010278873533065,1.9958899349807595,38.774974385595264,24.14656059452256,56.80159282025973,8.762861859054128,3002.922,1.991195331926928,32.65503222573717,0.0108744190577501,3.700568511350181
B0034,140,02147.csv,1.3064487948795198,1.6623217152845853,78.59181425996465,0,24,0.1275273799981891,0.1483581068321612,3.400303147037451,2.142279706628003,4.183618050676316,0.3770901615783518,-1.724198613794499,-4.032301237199556,0.0012119641403227,1.9953619201250687,38.265844006523615,24.028629657676618,56.21047251769452,8.694343567348396,2986.718,2.0413173180160595,32.1818428600179,0.0107749854053907,3.7024524519839823
B0034,141,02151.csv,1.3418431880549024,1.6623217152845853,80.72102865029241,0,24,0.1271239415617905,0.1473348966192847,3.4014259376568985,2.160163197204225,4.180694864027114,0.3666560276102828,-1.7352631240732406,-4.032232493006905,-0.0017035894811182,1.997109769923509,39.68448087231524,25.64171815965767,57.153953136576106,8.486927822708786,3006.203,2.020257153893145,31.512234976918435,0.0104824042078723,3.6974222132763455
B0034,142,02153.csv,1.3609210170759327,1.6623217152845853,81.86869031202822,0,24,0.1271239415617905,0.1473348966192847,3.3937688197583187,1.955449063066795,4.184699791551839,0.3724399365048578,-1.7542912065406973,-4.032459345523554,-0.0013554576262431,1.9992007363116016,40.52184920089412,26.3348099497268,58.22840707938393,8.565611024326195,3011.609,2.2291920238077765,31.89359712965713,0.0105902184279755,3.694477995440971
B0034,143,02155.csv,1.329960367739497,1.6623217152845853,80.00619588319648,0,24,0.1271239415617905,0.1473348966192847,3.40281516420186,2.186393196562525,4.184264442346774,0.3689190235363038,-1.7326282784227318,-4.031899555003315,0.0005444198934238,1.9967947132906123,39.34384441360489,25.473281057610205,56.896536733279625,8.560689669957855,2985.953,1.997701941605784,31.42325567566942,0.0105236940017707,3.700303589271024
B0034,144,02157.csv,1.299069387625936,1.6623217152845853,78.14789253375895,0,24,0.1271239415617905,0.1473348966192847,3.402086089777065,2.1725626411969494,4.1832269410899645,0.3749883885307952,-1.7211553304454028,-4.031537675655013,-0.000550080205776,1.99496786530993,38.61214478628688,24.52168448405072,56.43024249534344,8.649924306617065,2976.312999999994,2.0104991484139227,31.908558011292723,0.0107208341364946,3.702836753578101
B0034,145,02159.csv,1.2984544371955695,1.6623217152845853,78.11089906704836,0,24,0.1271239415617905,0.1473348966192847,3.3974407926386454,2.107521375414201,4.18242247093296,0.3788778861876253,-1.7293251908726686,-4.031552007887981,-0.0007401702915018,1.9963504200118103,38.61589548680076,24.138492108667336,56.60428484008346,8.733519732442456,2964.75,2.074822510503242,32.46579273141612,0.0109506004659469,3.702423308741252
B0034,146,02163.csv,1.317648609161009,1.6623217152845853,79.26555955117453,0,24,0.1260775043428536,0.1485469199588018,3.3900153291758635,1.972495650379372,4.181677931125044,0.381880256411887,-1.748688834226016,-4.031822718744165,-0.0001737419832885,1.9984392252111405,39.405725006770766,24.571172921635785,57.47493245382511,8.77638544577429,2969.953,2.209182280745672,32.903759532189326,0.0110788822355738,3.69879630987722
B0034,147,02165.csv,1.3360648564106594,1.6623217152845853,80.37342255268129,0,24,0.1260775043428536,0.1485469199588018,3.4000590460263824,2.15288424756184,4.184377456853175,0.3677607684311418,-1.7409400126466616,-4.038795954400871,-0.0010567842076357,1.9981528211272064,39.93466601122023,25.76431651292588,57.43585109945852,8.557397639182266,2988.453,2.031493209291335,31.67153458653264,0.0105979697811987,3.698030922822024
B0034,148,02167.csv,1.3635797361860138,1.6623217152845853,82.02863041782332,0,24,0.1260775043428536,0.1485469199588018,3.3987353103697178,2.175170885643991,4.182088306746119,0.361081844041198,-1.7514562329904435,-4.033056340172318,0.0013857851637352,1.9995488509930768,41.55493252456659,26.671290557787994,59.12207312090748,8.599467489405516,3001.235,2.0066936134419198,32.45078256311949,0.010812476384928,3.69424048419382
B0034,149,02169.csv,1.3333112541544827,1.6623217152845853,80.20777457787244,0,24,0.1260775043428536,0.1485469199588018,3.3928187346829195,2.0442124222047857,4.181101635503988,0.374515267189243,-1.7489863545731503,-4.031676887900432,0.0010305303744507,1.99918718698671,40.30936955838523,25.513516910165443,58.23289082409849,8.69715530435553,2976.234,2.1363276502462707,32.71937391393305,0.0109935488654228,3.697183036931551
B0034,150,02171.csv,1.3023273463118925,1.6623217152845853,78.34388099110751,0,24,0.1260775043428536,0.1485469199588018,3.3901374196096965,2.030057772957424,4.179766813903975,0.3813027308601919,-1.7463412570660508,-4.031008497658909,0.0001529455766672,1.9988822720529231,39.63376472877464,24.51313258314012,57.69877961341635,8.778823610510717,2950.39,2.149709040946551,33.18564703027623,0.0112478848661621,3.699603260870408
B0034,151,02175.csv,1.2888728444455877,1.6623217152845853,77.5345008487082,0,24,0.1258468150180572,0.1500417113466578,3.38449140744984,1.960005305735824,4.180263086800403,0.388559769484855,-1.7543675539321288,-4.031145578011882,0.0003317240571986,1.99941254922805,39.39726410153058,23.991098161620744,57.777112656377554,8.898004055781556,2941.719,2.2202577810645794,33.78601449475681,0.0114851263818049,3.700215794272457
B0034,152,02177.csv,1.2902746194203034,1.6623217152845853,77.61882718348606,0,24,0.1258468150180572,0.1500417113466578,3.3921220546792745,2.097517979952191,4.1809918219864,0.383092259995234,-1.7346999432389851,-4.0312307343283,0.0014412797914432,1.9972771292777656,39.0556543100656,23.823475184494256,57.23966158430743,8.80993603614734,2946.969,2.0831760659660223,33.41618639981317,0.0113391713315658,3.702338669959536
B0034,153,02179.csv,1.292407565676824,1.6623217152845853,77.74713846263911,0,24,0.1258468150180572,0.1500417113466578,3.389816955641987,2.063176636612858,4.181979956691477,0.3845416886275648,-1.7433417157972704,-4.0307864323142,0.0007410934488356,1.9985360933239047,39.19214857830457,23.894911918833603,57.39229514777536,8.828744821913027,2936.171,2.118798689849176,33.49738322894176,0.0114085260119188,3.7020117392271255
B0034,154,02181.csv,1.295409150510234,1.6623217152845853,77.92770428246877,0,24,0.1258468150180572,0.1500417113466578,3.3881964986011384,2.050195394002453,4.1832960690677,0.3848190873290829,-1.7522140323058732,-4.031891788952559,0.0017829159370712,1.999821580766699,39.3246784315448,24.00219310383197,57.49397345620112,8.829043709300473,2927.281,2.1331006750652475,33.49178035236915,0.0114412590907292,3.7016877675516353
B0034,155,02183.csv,1.283229881592695,1.6623217152845853,77.1950381080722,0,24,0.1258468150180572,0.1500417113466578,3.392372693620385,2.142448068324373,4.182349252301679,0.3823794025630359,-1.7406561651353163,-4.030519452398561,0.0003275571455353,1.9982490705081144,39.02095895366564,23.83249797750721,57.117778050999135,8.791160086550144,2924.422,2.0397010719507827,33.285280073491926,0.0113818320589476,3.703427886919637
B0034,156,02187.csv,1.4557454024367815,1.6623217152845853,87.57302446641995,0,24,0.1259459876773694,0.1508850262189733,3.3581270184036267,2.132265781269793,4.166622490761778,0.3516395582689491,-1.8482512574133536,-4.031364436387261,-0.0001609721600351,2.010099264838128,41.16886509114223,25.459930209970125,59.0081622348613,8.727874887840104,3023.859,2.0341954794516086,33.54823202489118,0.0110945093752358,3.6693371413121896
B0034,157,02191.csv,1.454676342673242,1.6623217152845853,87.50871322307218,0,24,0.1291754709943593,0.1487549819388528,3.3640532409111272,1.984934774787036,4.183046790056729,0.3582940743819687,-1.8493953640798928,-4.031501683106394,0.0036147752466289,2.009954396276788,41.53076127734769,26.41787688613133,59.53806687629183,8.806460867360745,3056.172,2.198112015269693,33.1201899901605,0.0108371485604084,3.673714317134958
B0034,158,02193.csv,1.423427718198495,1.6623217152845853,85.62889512363783,0,24,0.1291754709943593,0.1487549819388528,3.38037517618057,2.13940846198312,4.180727864826346,0.3608968705199766,-1.799535657719212,-4.030744595022684,0.0001542425834273,2.0055655464557773,40.35674808373947,25.361558074214376,58.40787633507069,8.795124280610661,3045.078,2.041054208889783,33.04631826085631,0.0108523716833711,3.6844589233715945
B0034,159,02195.csv,1.392551210363313,1.6623217152845853,83.77146238054839,0,24,0.1291754709943593,0.1487549819388528,3.379746726032651,2.04587233974925,4.182665046607197,0.3714537890622085,-1.788342260509134,-4.031671799370217,0.000975305696298,2.0044123039131345,39.90529016402678,24.65660109918399,58.34388806897325,8.919936408819005,3034.25,2.136792706857947,33.687286969789255,0.0111023438971044,3.6875565006272857
B0034,160,02197.csv,1.3765732493746907,1.6623217152845853,82.81027894405054,0,24,0.1291754709943593,0.1487549819388528,3.383744830197482,2.0970875648564333,4.183546703480425,0.3722153509964961,-1.777540080046501,-4.030922111155082,-0.0009271395457984,2.0029844258657565,39.6263343523975,24.371185974131794,58.00881689774913,8.906406057462496,3022.609,2.086420832307798,33.63763092361734,0.0111286742425557,3.689864926849848
B0034,161,02199.csv,1.3810190828982352,1.6623217152845853,83.0777261826125,0,24,0.1291754709943593,0.1487549819388528,3.382914022586479,2.0432611124631137,4.184556412259601,0.3722657342375584,-1.7773805764791353,-4.0316407463870965,0.002021422137762,2.003206774046206,40.25111705064472,24.759439309467485,58.52325787492752,8.84764360777333,3028.828,2.14100163420214,33.76381856546004,0.011147486277022,3.6888900201342336
B0034,162,02203.csv,1.4007568321672863,1.6623217152845853,84.26508655260395,0,24,0.129339376928962,0.1488266666977823,3.378266732241365,1.961939116178396,4.183306721542989,0.3706640763890211,-1.7969239114736186,-4.031325299834524,0.0031371441291032,2.0044649897749776,41.28365494023095,26.00755386497896,59.50837827191452,8.796895381875258,3037.875,2.221240429133579,33.500824406935564,0.0110277165475655,3.685996613758564
B0034,163,02205.csv,1.374645303479972,1.6623217152845853,82.69429983621649,0,24,0.129339376928962,0.1488266666977823,3.386601516930242,2.0966495970812926,4.186122527731293,0.3701796466376844,-1.7752050021088217,-4.034378256939229,0.0001191795836789,2.002875754451782,40.27720417425089,25.389868561154977,58.58184665309335,8.891341715992958,3023.187,2.08947293065,33.191978091938374,0.0109791349631823,3.6903698043281055
B0034,164,02207.csv,1.3345924114397838,1.6623217152845853,80.28484493516376,0,24,0.129339376928962,0.1488266666977823,3.3873478555743035,2.126944667717326,4.187372242173173,0.3770147232298689,-1.763847205060641,-4.031792301917485,0.0014550892592896,2.0013456166440244,39.45873788590029,24.14009992070368,57.97580640887124,8.960951317548345,2996.922,2.060427574455847,33.83570648816756,0.0112901525258807,3.6944808866237215
B0034,165,02209.csv,1.336396621564738,1.6623217152845853,80.39338049169082,0,24,0.129339376928962,0.1488266666977823,3.3839254722198504,2.0654092965524384,4.194441292072135,0.3826586605863433,-1.7725760652080311,-4.031054086064945,0.002013019928346,2.0025301237214044,39.29135666075848,23.636769576161004,58.05700140061033,9.048388187508992,2986.469,2.1290319955196964,34.42023182444933,0.011525393976783,3.695587509832297
B0034,166,02211.csv,1.3069152971756248,1.6623217152845853,78.61987755793012,0,24,0.129339376928962,0.1488266666977823,3.389334235413473,2.148229610932935,4.178978876708447,0.3791620157944327,-1.7406273194455324,-4.030876471673389,-1.7827195123559607e-05,1.9982769423794124,39.19247737595363,23.69154549197298,57.78193242469556,8.936284205158621,2979.219,2.030749265775512,34.09038693272258,0.011442726074425,3.6959210509064575
B0034,167,02215.csv,1.341539456674081,1.6623217152845853,80.70275713413349,0,24,0.1288554727133594,0.1506303179552148,3.3898762516669514,2.1586251956084066,4.180760079138194,0.3733987978004942,-1.7523330419103598,-4.03123362422716,0.0020439084875339,2.0000215265628105,39.892115077092285,24.53360766699073,58.20713739139197,8.871517591885318,2995.047,2.0221348835297874,33.673529724401234,0.0112430722203695,3.694059504833388
B0034,168,02217.csv,1.346388970161922,1.6623217152845853,80.99448847850873,0,24,0.1288554727133594,0.1506303179552148,3.387534636174606,2.095346963555327,4.1815749331430805,0.3733937000121725,-1.7613727505178338,-4.0317407805438,0.0098719521293504,2.001184051878282,40.35117578100876,25.024094844009905,58.6134064492062,8.825426061238668,2989.828,2.0862279695877537,33.5893116051963,0.0112345297472618,3.692458879639542
B0034,169,02219.csv,1.344989807277774,1.6623217152845853,80.9103192788115,0,24,0.1288554727133594,0.1506303179552148,3.3867620663269333,2.062626550286472,4.182056202732491,0.375714092892643,-1.7612926148605923,-4.031049977481575,0.0009511836818361,2.0010841435299334,40.23284401135697,25.2038212754756,58.64476637032693,8.905502623529722,2989.391,2.1194296524460188,33.44094509485133,0.0111865410362349,3.693135238138806
B0034,170,02221.csv,1.3158760805047784,1.6623217152845853,79.15892985128356,0,24,0.1288554727133594,0.1506303179552148,3.3856540718379167,2.076505393409293,4.185552990507065,0.382198302021165,-1.7587841210720874,-4.031503094164638,-0.0004212297346912,2.000766689632812,39.47675997912519,24.090800554767387,58.05107392892897,8.994281306395491,2967.2810000000027,2.108921017388042,33.96027337416159,0.0114449131626433,3.696449647394258
B0034,171,02223.csv,1.2972766889740088,1.6623217152845853,78.04004947092437,0,24,0.1288554727133594,0.1506303179552148,3.380989577809656,1.9787021969242389,4.185152280694706,0.3895687498596514,-1.7582529402290834,-4.030548710192742,0.0003042600688147,2.00042859403924,39.32483875925542,23.686728239155272,58.291445432401005,9.104898105764123,2962.609,2.206440171644573,34.60471719324573,0.0116804874329503,3.69663218408524
B0034,172,02227.csv,1.2851255211005648,1.6623217152845853,77.30907376617856,0,24,0.1285235940686088,0.1513695168864817,3.381603206447632,2.0077745341235347,4.178887193827684,0.3904020942586836,-1.7466107935226565,-4.030657074815704,0.0018527847988831,1.9990739793850707,39.06556270503843,23.36039105497894,58.02893221948005,9.10169245612746,2957.016,2.17109811519996,34.66854116450111,0.011724164213011,3.697250989294722
B0034,173,02229.csv,1.3190209156530253,1.6623217152845853,79.34811315553392,0,24,0.1285235940686088,0.1513695168864817,3.382650731485884,1.984631695912844,4.18021178705338,0.3817525031320282,-1.758399711843396,-4.032180179891317,-0.0006307259244115,2.000429576943233,40.25366972386004,24.721890051754144,58.80693345869639,8.937373589254006,2973.281,2.195203023493102,34.08504340694225,0.0114637813940028,3.693261430098507
B0034,174,02231.csv,1.3410097849290994,1.6623217152845853,80.67089376255437,0,24,0.1285235940686088,0.1513695168864817,3.3872757037197703,2.120505374633019,4.185160711724249,0.3732849469833782,-1.76779626471083,-4.030907491504972,0.0008213886992541,2.002024203212701,40.60644361981523,25.33473748420509,58.770145898372334,8.806841128363208,2968.016,2.064539784115079,33.43540841416724,0.0112652386018698,3.693658306587733
B0034,175,02233.csv,1.326126983882746,1.6623217152845853,79.77559167334324,0,24,0.1285235940686088,0.1513695168864817,3.386339157278954,2.082697161198142,4.179746730828125,0.3781144675679345,-1.7560445058115577,-4.031263715522782,4.448411826823029e-06,2.000561868214461,40.11087407785343,24.986634278526385,58.49257429310864,8.902481917627075,2959.281,2.097049569629983,33.50594001458225,0.0113223245830937,3.694792750575636
B0034,176,02235.csv,1.3091442679990724,1.6623217152845853,78.75396537035252,0,24,0.1285235940686088,0.1513695168864817,3.3808981042387045,1.9993127386412168,4.185599509953072,0.3876464621531847,-1.7648997839310985,-4.031557050834733,0.0002461556123676,2.0016440820584323,39.61213844688629,24.07455734981176,58.33204656703581,9.048032930705588,2942.797000000006,2.186286771311855,34.25748921722405,0.0116411323027799,3.69692628334197
B0034,177,02239.csv,1.363001289617145,1.6623217152845853,81.99383290759711,0,24,0.1277624590570417,0.1517947179106206,3.374995921079025,2.016671623451248,4.169799130983922,0.3741597972887667,-1.7884175858149567,-4.031997801811629,-0.0016669420690973,2.004269571680101,40.95422192099372,25.549931315958624,59.3603280691461,8.922767850728569,2978.89,2.1531275075326737,33.81039675318748,0.0113499984065163,3.688132455822492
B0034,178,02243.csv,1.329285701687194,1.6623217152845853,79.9656101141423,0,24,0.1287632732985492,0.1512289070426518,3.385047602248052,2.1864172793825265,4.180217693900072,0.3775987518059165,-1.7651175661948963,-4.031055760751357,-0.0015896817703753,2.0015271198619,39.368332915328914,23.91355659365435,57.712318998766975,8.943235360885518,2948.891,1.9937044947751188,33.798762405112626,0.0114615163480483,3.6957847422958
B0034,179,02245.csv,1.2969085930621855,1.6623217152845853,78.01790598880302,0,24,0.1287632732985492,0.1512289070426518,3.385789471179037,2.166880233541012,4.179741845595007,0.3809121230018713,-1.7533361843271522,-4.031015029033163,-0.0017403656231145,2.000184304179068,39.15337098937444,23.65071423499487,57.633102922228126,8.963018618390278,2938.547,2.012836633156381,33.982388687233254,0.011564350914664,3.697230618316948
B0034,180,02247.csv,1.2986285924941396,1.6623217152845853,78.12137569723185,0,24,0.1287632732985492,0.1512289070426518,3.380809465968222,2.073777619248528,4.181172769902619,0.3864792820683572,-1.7623544327636462,-4.031067192634773,-0.0003398965407408,2.0014051320753774,39.24398503314861,23.552587136457177,57.87686984231968,9.022077528793458,2925.484,2.1073805746162653,34.3242827058625,0.0117328560695811,3.697097226816208
B0034,181,02249.csv,1.2840657611821942,1.6623217152845853,77.24532197200861,0,24,0.1287632732985492,0.1512289070426518,3.385818012946154,2.1762844479074928,4.179417995861986,0.3831808515241939,-1.7501681024171156,-4.03051089021253,0.0013676027285972,1.9997545306354332,39.03574242025546,23.5135610948924,57.47417762924851,8.965170136828835,2917.297,2.003133547954493,33.960616534356106,0.0116411241414076,3.6988974817474656
B0034,182,02251.csv,1.3021015914136362,1.6623217152845853,78.33030029272761,0,24,0.1287632732985492,0.1512289070426518,3.3852891991053005,2.178495224886361,4.192681708507562,0.3811624281527764,-1.7716218211716075,-4.031529673129687,0.0010157279401352,2.0026656383558046,39.36260041780968,23.712232797870413,57.69186868894567,8.953907405873663,2918.938,2.0141864836212013,33.979635891075255,0.0116410954570036,3.6990111815341344
B0034,183,02255.csv,1.3089076351731337,1.6623217152845853,78.7397302903579,0,24,0.127934454039426,0.1530529539595037,3.375861800258899,2.003802772888259,4.1874346087886645,0.3910448621635059,-1.780846752486292,-4.031358409625566,-0.0007594908005194,2.003363118290785,39.45158799429391,23.502096175144807,58.2351265327566,9.102402356090348,2918.25,2.183586741194913,34.7330303576118,0.0119020064619589,3.6976650354520246
B0034,184,02257.csv,1.2722519696513912,1.6623217152845853,76.53464175757247,0,24,0.127934454039426,0.1530529539595037,3.376645798254285,1.978757159009704,4.179967885403278,0.3937140316300135,-1.759346907121942,-4.030358918119561,-6.493150394815281e-05,2.0004253693560545,39.280231448753895,23.488992556072905,58.159040648414255,9.099470168504547,2915.4839999999967,2.2012107263935743,34.67004809234135,0.0118916955443217,3.697771101214903
B0034,185,02259.csv,1.276011534360331,1.6623217152845853,76.76080524171466,0,24,0.127934454039426,0.1530529539595037,3.383954937211064,2.137223761530643,4.180528142405268,0.3873920608810004,-1.747503198768216,-4.031297723634209,0.0007250912623261,1.999429629125795,39.093994194844335,23.45701039792058,57.66508009332591,9.012010420797957,2906.015,2.0433043808746247,34.20806969540533,0.0117714704485026,3.700200116986149
B0034,186,02261.csv,1.2605053003103004,1.6623217152845853,75.82799940109697,0,24,0.127934454039426,0.1530529539595037,3.3780729656424997,2.026812719380422,4.179166028461803,0.3929867768544126,-1.7569231795305056,-4.030974316014234,0.0007221596857929,2.000792871069186,39.19231540051726,23.391621160517428,57.950977227160536,9.066471140912672,2894.14,2.152189245959036,34.559356066643105,0.0119411486889518,3.6991362196250974
B0034,187,02263.csv,1.2660681251347117,1.6623217152845853,76.16264129221003,0,24,0.127934454039426,0.1530529539595037,3.386411304876093,2.1955750105431733,4.18010360467577,0.385839023072673,-1.744613516148423,-4.031011123253645,0.0010262867658515,1.9992133771059184,39.05035096355298,23.54834819824031,57.50629199129354,8.981198316409515,2892.031,1.9845029687518867,33.95794379305323,0.0117419017268671,3.701654099397237
B0034,188,02267.csv,1.265829016865281,1.6623217152845853,76.14825729738929,0,24,0.1273923195729759,0.1530415890232465,3.3853753800263027,2.198015566541252,4.177719373483749,0.3865557724258965,-1.7445998152904736,-4.0313116805798215,0.0009427282285409,1.999080027396356,38.99238106302636,23.343690136372405,57.45114086897508,8.993682505759047,2888.719,1.979654887354691,34.10745073260267,0.0118071196030498,3.701732337605398
B0034,189,02269.csv,1.2655873898206993,1.6623217152845853,76.13372178104729,0,24,0.1273923195729759,0.1530415890232465,3.3831949117830207,2.174156473878748,4.180691683259775,0.3883177080203583,-1.7538809660262522,-4.030793702940819,1.677159198194939e-05,2.0003190195994285,39.013996139611024,23.29290349706347,57.51486337636169,9.005547008013428,2875.641,2.006104728349123,34.22195987929822,0.0119006370681521,3.701908251668896
B0034,190,02271.csv,1.2663598323027554,1.6623217152845853,76.18018946987995,0,24,0.1273923195729759,0.1530415890232465,3.370377688846256,1.959703796663527,4.184107730812699,0.3986793770569706,-1.7847975615409868,-4.030759976825486,0.00122794919761,2.003758697490923,39.39352264576831,23.33829372111869,58.24937682662199,9.13608796732701,2860.7810000000027,2.224234508827033,34.9110831055033,0.012203339963983,3.699497602374493
B0034,191,02273.csv,1.2868479432728903,1.6623217152845853,77.41268921898101,0,24,0.1273923195729759,0.1530415890232465,3.37385872825505,2.0588486889378887,4.19339113872627,0.3932799910732356,-1.795215000770536,-4.030879107970756,0.0009202299184524,2.005471240922586,39.40321172109691,23.283013385861324,57.97580626211991,9.078562373642091,2852.844,2.134245397338439,34.692792876258586,0.0121607746081659,3.7008506946628654
B0034,192,02275.csv,1.270026164613209,1.6623217152845853,76.4007443887469,0,24,0.1273923195729759,0.1530415890232465,3.3788676910292508,2.147269943612274,4.184650326377129,0.3903492327141091,-1.7732811378527673,-4.030910228339476,0.0013121603439115,2.0029411465550484,39.209002406361016,23.33153677192807,57.6936935982226,9.011243383667734,2854.64,2.0373004499669687,34.36215682629453,0.0120372995636208,3.701814969793321
B0034,193,02279.csv,1.34598253292492,1.6623217152845853,80.97003850391808,0,24,0.1290102771463865,0.1486956552677028,3.3775187954558987,2.046243465893371,4.179142866728917,0.376255647814635,-1.7981891817251408,-4.031161376886709,-0.0014355308035773,2.005705087443661,41.7029996329405,26.511755128565657,59.714275603056464,8.812575919829822,2897.844,2.1328994008355457,33.20252047449081,0.0114576631711337,3.692505175290243
B0034,194,02281.csv,1.3286875315413778,1.6623217152845853,79.92962609610798,0,24,0.1290102771463865,0.1486956552677028,3.3764102425962137,2.015214032916916,4.183823497630528,0.3797295484996649,-1.7979821246857843,-4.031304782841973,9.23736436573037e-06,2.0057907295525954,41.54042703429465,26.12189208281959,59.59622829096066,8.817536759795615,2896.063,2.1686094647136125,33.47433620814107,0.0115585663047181,3.6934202399678
B0034,195,02283.csv,1.31203071983408,1.6623217152845853,78.92760515430453,0,24,0.1290102771463865,0.1486956552677028,3.374457339617825,2.022057967188541,4.183386852109095,0.386204029085625,-1.795586068723611,-4.031456327316925,-0.0015289764213798,2.005611167720046,40.70765268927143,25.0758275583086,58.94389183765572,8.937252527152097,2866.234,2.161269358053202,33.868064279347124,0.0118162244531839,3.6963964469045902
B0034,196,02285.csv,1.295125492961198,1.6623217152845853,77.91064034433766,0,24,0.1290102771463865,0.1486956552677028,3.369493571122545,1.9943823501630709,4.193391153250369,0.3927708991049984,-1.815444212082474,-4.031480010018408,-0.0019108158552334,2.0073414371755094,40.21142863220933,24.09832956344647,58.684673836382025,9.040572087320546,2836.609,2.198728955618093,34.586344272935555,0.0121928486699913,3.698708551913842
B0034,197,02287.csv,1.2802601605963335,1.6623217152845853,77.01638911557839,0,24,0.1290102771463865,0.1486956552677028,3.367176389426344,1.961659201159055,4.182734512107648,0.3970094202787979,-1.8021484216322965,-4.030531863908069,0.0012449192634425,2.0058895481778887,40.0046687891377,23.936615230134,58.63989407541342,9.08001107942885,2829.516,2.221075310948593,34.70327884527943,0.0122647402754674,3.698482041103688
B0036,1,03514.csv,1.001982588175331,1.8044229856020628,55.52925207506211,0,24,,,3.3100621558905616,2.692363558999662,3.848136609578083,0.1516136395552411,-1.9773749348609408,-2.0038601695058262,-0.0021557335495844,0.2042237333279307,24.89207373300309,23.91297719702689,25.25510878948548,0.3844429258440415,1819.406,1.155773050578421,1.342131592458589,0.0007376756988042,2.961909788570292
B0036,2,03518.csv,1.8011007566288924,1.8044229856020628,99.81588413583292,0,24,0.102986752659365,0.1308088982207626,3.4631992414146664,2.685636595881031,4.176656530010924,0.2048933857166424,-1.985644566395396,-2.00280826348544,-0.0014904376706625,0.1533146836956671,25.959062630105592,24.871232330891456,26.547068220384585,0.3519562415167272,3260.531,1.49087444223566,1.6758358894931291,0.0005139763705645,3.072598820186794
B0036,3,03520.csv,1.8044229856020628,1.8044229856020628,100.0,0,24,0.102986752659365,0.1308088982207626,3.4699576163352277,2.662489466857697,4.183288040976774,0.2088655361198991,-1.9861546605764795,-2.004317840985689,0.0048115658921882,0.1537083317278692,25.802571879383937,24.538499428336,26.495839445842005,0.4333517959903912,3265.75,1.5207985741190773,1.9573400175060056,0.0005993539056896,3.066220307980916
B0036,4,03522.csv,1.804388833772829,1.8044229856020628,99.99810732685704,0,24,0.102986752659365,0.1308088982207626,3.4705857000702847,2.6573808763123017,4.184161485400415,0.2083650794954975,-1.987051011427963,-2.006820885715504,0.0010493128090912,0.1543233853426193,25.60229945293067,24.215023797122345,26.383869073507284,0.5018425343098619,3264.109,1.5267806090881135,2.168845276384939,0.0006644524666256,3.067395568855869
B0036,5,03524.csv,1.7989248871784247,1.8044229856020628,99.69529880368913,0,24,0.102986752659365,0.1308088982207626,3.4698672359538234,2.663543957344219,4.18413822475754,0.209176735492682,-1.9874522127800511,-2.009500231963076,0.001041145580557,0.1549975800888917,25.340807182068417,24.005347474868884,26.03851372178769,0.4700167173431089,3253.531,1.5205942674133208,2.0331662469188103,0.0006249106730253,3.06785476600746
B0036,6,03526.csv,1.792996521672392,1.8044229856020628,99.36675247318144,0,24,0.102986752659365,0.1308088982207626,3.463667726287472,2.6678994227263173,4.184490871998835,0.20838139231782,-1.9875372326723812,-2.010118970470753,-0.0017522780694575,0.1550739916851884,25.066700521969093,23.75001010674364,25.52893924273116,0.4264155183700011,3242.578,1.516591449272518,1.778929135987518,0.0005486156804824,3.0664309740593185
B0036,7,03530.csv,1.7885507985621891,1.8044229856020628,99.1203732624489,0,24,0.1012609541587629,0.1291598306694328,3.462675648195213,2.6568692251182435,4.18002707662199,0.2091941562800016,-1.987391854073237,-2.010514808331086,-0.0039807052186177,0.1556268216269308,24.87901399238054,23.784786109809392,25.434898613415253,0.35590965211963,3234.625,1.523131335711846,1.650112503605861,0.000510140280127,3.0579234741051007
B0036,8,03532.csv,1.7890856930727703,1.8044229856020628,99.15001678366588,0,24,0.1012609541587629,0.1291598306694328,3.466538555244564,2.682881821919537,4.184814968147981,0.2076184133404706,-1.9874986659392757,-2.0087014787729163,-0.0036168914571835,0.1557375718267419,24.962178834594532,23.78662493765738,25.49992828339642,0.3888850092516096,3235.36,1.5019331462284438,1.7133033457390423,0.0005295557050031,3.0692583892815
B0036,9,03534.csv,1.7893137312833287,1.8044229856020628,99.16265451951706,0,24,0.1012609541587629,0.1291598306694328,3.465990459572376,2.643495320901669,4.184936056128164,0.2111419829517083,-1.9873121102019284,-2.0083926934667744,-0.0065078565398521,0.1562677208236183,24.97176766201835,23.8496017472102,25.538807420659257,0.379132383331224,3236.125,1.541440735226495,1.6892056734490597,0.00052198406225,3.058684467485719
B0036,10,03536.csv,1.7860759459480868,1.8044229856020628,98.98321846926297,0,24,0.1012609541587629,0.1291598306694328,3.466849428071611,2.652914601502536,4.185159966585472,0.2108210149831719,-1.9871920484366132,-2.0080365229044976,-0.0044622590452139,0.1568024508999318,24.904899107239256,23.786532133081383,25.42021899627584,0.3575897999002279,3230.25,1.532245365082936,1.6336868631944554,0.0005057462621142,3.0622911875498144
B0036,11,03538.csv,1.7836324249650817,1.8044229856020628,98.8478000555926,0,24,0.1012609541587629,0.1291598306694328,3.467879751690846,2.664007043795248,4.185259470361049,0.2102396136851648,-1.986994298783672,-2.01068659468518,-0.0036112981424873,0.1574382589037869,24.82894570331574,23.69216396775264,25.3761734466722,0.3727947491203856,3226.078,1.521252426565801,1.6840094789195597,0.0005219989965895,3.066654642016059
B0036,12,03542.csv,1.782972873807272,1.8044229856020628,98.81124814048889,0,24,0.1013931483466459,0.1263893482577175,3.4680189335962623,2.652869862545629,4.180678430986266,0.2103237054128583,-1.9872186588415872,-2.008652299030336,-0.0016420511811444,0.1580828647959452,25.10525347823647,23.99601046516096,25.60916730388725,0.3767474371934287,3224.5,1.5277859434050591,1.6131568387262938,0.0005002812339048,3.066600565135401
B0036,13,03544.csv,1.7813775963259668,1.8044229856020628,98.72283885430518,0,24,0.1013931483466459,0.1263893482577175,3.470195201959518,2.668361985066912,4.185452668161143,0.2102223739735957,-1.986822691116423,-2.0085875375423945,-0.0047199890552655,0.1583992730226713,24.951154809529974,23.89737560676488,25.488141454729305,0.3362195694633119,3222.188,1.517090683094231,1.5907658479644269,0.0004936911961575,3.06679493843476
B0036,14,03546.csv,1.7785359545932946,1.8044229856020628,98.5653568362115,0,24,0.1013931483466459,0.1263893482577175,3.471307979909313,2.6856316852084854,4.185644073979811,0.2092174483075782,-1.9870379004309504,-2.007649933368399,-0.0047794471827175,0.1587966601687379,24.904434158959223,23.79897282368755,25.39250622395775,0.3494508527667651,3216.546000000002,1.5000123887713253,1.5935334002702,0.0004954175691161,3.0726541986920117
B0036,15,03548.csv,1.7759043090943398,1.8044229856020628,98.41951267882972,0,24,0.1013931483466459,0.1263893482577175,3.4716713367418284,2.683085255855837,4.1855690457286165,0.2096538638331053,-1.9869312681166185,-2.008607853673341,-0.005399955268143,0.1592298429743305,24.88717044444944,23.80605296345269,25.45190297763985,0.3488141145308174,3211.859,1.5024837898727794,1.645850014187161,0.0005124290992186,3.0731160681973924
B0036,16,03550.csv,1.7780426649905914,1.8044229856020628,98.53801903312214,0,24,0.1013931483466459,0.1263893482577175,3.474226898019182,2.682117615527785,4.185513751822039,0.2093534464057981,-1.986804032971213,-2.0086196509255365,-0.001618876386249,0.1596785709700142,25.527212929862493,24.386810794306925,26.00580839279124,0.3695708854470379,3215.859,1.5033190722786314,1.6189975984843166,0.0005034417238082,3.0771753207382053
B0036,17,03554.csv,1.7830029333591657,1.8044229856020628,98.81291402216593,0,24,0.1025167815502021,0.1254868623452591,3.4759464645675298,2.659668132739057,4.18175155698921,0.2104716653488872,-1.9866252110882103,-2.0076953086780285,-0.0041009719323332,0.1599731649430149,26.409994049975936,25.365330747425137,26.845307972510515,0.3317865876328553,3225.125,1.5220834242501526,1.4799772250853778,0.0004588898802636,3.0759302127215298
B0036,18,03556.csv,1.7883000424613875,1.8044229856020628,99.1064765152448,0,24,0.1025167815502021,0.1254868623452591,3.4817927176696424,2.6726649868851067,4.18601707914653,0.2103062246751308,-1.9868092429179045,-2.008081368217133,-0.0035166108245872,0.1599025765020581,27.24956363748299,26.03181712440799,27.81505202908745,0.3791612994669633,3234.343,1.5133520922614232,1.7832349046794604,0.0005513437828577,3.0847323855371216
B0036,19,03558.csv,1.779294712578026,1.8044229856020628,98.60740673198347,0,24,0.1025167815502021,0.1254868623452591,3.4752876993515778,2.650694350880205,4.185429868468947,0.2125419446347227,-1.9866026335678093,-2.008162082198497,-0.0058559600044479,0.1605729749372515,25.79213906476866,24.900330198963143,26.20275128566912,0.2856669028124098,3218.25,1.5347355175887416,1.3024210867059764,0.0004046985432163,3.066047124851971
B0036,20,03560.csv,1.7709235500451854,1.8044229856020628,98.14348210900783,0,24,0.1025167815502021,0.1254868623452591,3.47360641557491,2.6668651734647586,4.183946382168659,0.2109270072045938,-1.986324437708088,-2.0075377155882173,-0.0060972582175709,0.1613442604887194,25.237865068781456,24.317997749356834,25.704404765618435,0.2984724465570957,3203.5,1.5170812087039005,1.3864070162616002,0.0004327788407247,3.070443639694525
B0036,21,03562.csv,1.7659050180801104,1.8044229856020628,97.86535818767014,0,24,0.1025167815502021,0.1254868623452591,3.474225056890293,2.699376305602087,4.184483195811819,0.2085732825468019,-1.9862809909576005,-2.00834385013558,-0.005047995363321,0.1619884176145735,24.99097283085835,23.95825314852513,25.46083879423276,0.3286276412773817,3194.39,1.4851068902097322,1.5025856457076294,0.0004703826538737,3.080236636885545
B0036,22,03566.csv,1.7826929241469245,1.8044229856020628,98.79573350436524,0,24,0.1022622571762007,0.1253183569242175,3.476093760887936,2.627373237504619,4.166505229896513,0.2062404992046783,-1.9858147027956172,-2.0057770721024144,-0.0056781123344003,0.1620801384916292,32.80125252337081,25.98116570641668,37.62543555779899,2.930327691920989,3225.219,1.5391319923918942,11.644269851382308,0.003610381140438,3.079697854451475
B0036,23,03570.csv,1.7964662072920203,1.8044229856020628,99.55904029301712,0,24,0.1025951411216539,0.1237198229831826,3.478693083596387,2.6486517814110364,4.181691190398081,0.2080610702475147,-1.9840774818957672,-2.004156260870839,-0.0067396375453893,0.161512510716322,31.56958368042232,24.91553718736853,36.14360152332376,2.778130383586324,3252.985,1.5330394089870447,11.228064335955231,0.003451618847291,3.0843757870411586
B0036,24,03572.csv,1.7909083533422898,1.8044229856020628,99.25102748260194,0,24,0.1025951411216539,0.1237198229831826,3.475053597106604,2.6240374089622858,4.184954917937507,0.2105812101537567,-1.9825278870850225,-2.0004115908491005,-0.000910117273234,0.1624473013448752,30.90999308530252,24.10403521801464,35.625609247013934,2.847586036094389,3245.25,1.560917508975221,11.521574028999291,0.0035502885845464,3.0745689158904463
B0036,25,03574.csv,1.78518002808874,1.8044229856020628,98.93356725851604,0,24,0.1025951411216539,0.1237198229831826,3.473958373265381,2.626618792448541,4.186460975475055,0.2109094596342587,-1.982424743717115,-2.0072075263014764,-0.0008404572387634,0.1631371418432422,30.76520980990786,23.899334199769086,35.57170100720283,2.8682991120402552,3235.031,1.5598421830265137,11.672366807433749,0.0036081159059785,3.0741674112403663
B0036,26,03576.csv,1.7811343176546524,1.8044229856020628,98.70935650159434,0,24,0.1025951411216539,0.1237198229831826,3.473907031933396,2.6336670386490053,4.186163586614144,0.2106634484774577,-1.9820980837755804,-2.0011835530290827,-0.0027244276470207,0.1634380111888261,30.82787135623777,23.939509531112268,35.70160875626844,2.889091716372913,3228.141,1.5524965479651385,11.762099225156174,0.0036436138400262,3.076252136544556
B0036,27,03578.csv,1.7755577789223569,1.8044229856020628,98.40030819214628,0,24,0.1025951411216539,0.1237198229831826,3.4760652075601257,2.663548100827095,4.186271381082588,0.2086714992836403,-1.9821566894712763,-1.9997810779112133,0.000197081420739,0.1640975633678076,31.04477819361822,24.135279436191613,35.94641088579465,2.912359636716284,3217.875,1.522723280255493,11.811131449603035,0.003670475531089,3.0803643987434377
B0036,28,03582.csv,1.776885870616115,1.8044229856020628,98.47391020810124,0,24,0.1020481146391911,0.1239919497346756,3.476269658668885,2.645759955186599,4.182325498451744,0.209618493064366,-1.982140773642328,-2.001353888897329,-0.0018657644893758,0.1643013147606006,31.495558048290054,24.66851129856288,36.334410213773005,2.8682613322489043,3220.219,1.5365212310105294,11.665898915210123,0.0036227035848214,3.0778251041636047
B0036,29,03584.csv,1.7713083410378214,1.8044229856020628,98.164806986584,0,24,0.1020481146391911,0.1239919497346756,3.4773296157781552,2.682232775431839,4.185344353963488,0.2077529323852414,-1.9819851541329787,-2.002938928489475,0.0003035352857562,0.1648855360119119,31.22858520243483,24.48086368805618,35.97981353599547,2.8352190354676945,3210.234,1.5029661489007613,11.49894984793929,0.0035819662516624,3.087419299791594
B0036,30,03586.csv,1.7713348840874137,1.8044229856020628,98.16627798588982,0,24,0.1020481146391911,0.1239919497346756,3.474183420151812,2.636976729427503,4.186613141003604,0.2113115826303964,-1.981820086973132,-2.0014781325623847,-0.0010680230127308,0.1652139395749544,30.77808307184711,23.99013246453752,35.59540889841283,2.854187306515847,3210.546,1.5496364115761008,11.60527643387531,0.0036147360710219,3.073457645630461
B0036,31,03588.csv,1.766084286640505,1.8044229856020628,97.87529313983076,0,24,0.1020481146391911,0.1239919497346756,3.4723504122251145,2.625473231549502,4.185053437368516,0.212007481233706,-1.9817861525113651,-2.0000787195640046,-0.0043481610713857,0.1656103840691045,30.558421734854203,23.68833522844092,35.45428075393079,2.902276339861185,3200.969,1.5594863525416345,11.765945525489869,0.0036757449152084,3.0702573874315147
B0036,32,03590.csv,1.7592793663412327,1.8044229856020628,97.49816868766126,0,24,0.1020481146391911,0.1239919497346756,3.4751627339527484,2.6876812013759497,4.184793481944206,0.2077481105896281,-1.981725294195708,-1.9998831268277344,-0.0020521382665166,0.1663550210629027,30.72558468538039,23.84698767974936,35.64366066127881,2.917922671415458,3188.625,1.4971122805682566,11.796672981529449,0.0036996112686595,3.0882789909690302
B0036,33,03594.csv,1.7610368813762425,1.8044229856020628,97.59556907820344,0,24,0.1021270310722576,0.1232897893999445,3.476326267904414,2.68500337747393,4.182513698980909,0.2074556610578286,-1.9817660120442024,-2.000169457336012,-0.0014919923607548,0.1666692159772651,31.23295964013785,24.35424355585658,36.101132129359335,2.900550724694762,3191.735,1.497510321506979,11.746888573502757,0.0036804084842578,3.090852428424545
B0036,34,03596.csv,1.760242767365706,1.8044229856020628,97.55155977346324,0,24,0.1021270310722576,0.1232897893999445,3.475057563311369,2.6519664988321767,4.185287638546102,0.2105088325603277,-1.9816902385826145,-2.00085802240166,-0.0007792749665022,0.1670255140188284,31.072817634800376,24.284029986491724,35.918627450147724,2.867207560490864,3190.313,1.5333211397139253,11.634597463656,0.0036468514103964,3.0749492094264146
B0036,35,03598.csv,1.7555899416034395,1.8044229856020628,97.29370306251504,0,24,0.1021270310722576,0.1232897893999445,3.472743253213143,2.6336440877825646,4.1849685069062055,0.2119051559325597,-1.981485223109768,-2.001185036651928,-0.0024844181487435,0.1675335761587382,30.6408857593701,23.8251596372819,35.53291026153138,2.878774039105327,3182.156,1.5513244191236408,11.707750624249478,0.0036791881429601,3.069491650126046
B0036,36,03600.csv,1.7545602176655593,1.8044229856020628,97.23663640208692,0,24,0.1021270310722576,0.1232897893999445,3.4724597721649664,2.627746605322606,4.186322425483099,0.2125898744599631,-1.98155009393224,-2.0031177298192384,0.0008784309957855,0.1678428900088954,30.615000516436165,23.73510248476304,35.58661163053266,2.911295252418793,3180.156,1.5585758201604931,11.851509145769622,0.0037267068488997,3.068051744258036
B0036,37,03602.csv,1.7499108336094895,1.8044229856020628,96.97897042835636,0,24,0.1021270310722576,0.1232897893999445,3.4727100432360887,2.635679662070204,4.184832493551693,0.2118729299661346,-1.9813008900975515,-2.00104997373674,-0.0026708746645632,0.1683917254119677,30.62198587167864,23.74110080497865,35.60387176093939,2.9141987876325954,3171.953,1.5490492795076842,11.86277095596074,0.0037398949341181,3.0720724600489366
B0036,38,03606.csv,1.7610225525303758,1.8044229856020628,97.5947749824742,0,24,0.102312808475618,0.1227784604308282,3.4792060334218475,2.6450931525551966,4.182846104868844,0.2106588301306325,-1.9813367014782528,-1.9993340625649576,-0.0002240802861137,0.168122910762082,32.233363947568954,25.41189377127626,37.150900989394586,2.9082532802346392,3192.172,1.5374904951102732,11.739007218118324,0.0036774356827007,3.082367850393925
B0036,39,03608.csv,1.7624094574337117,1.8044229856020628,97.67163638993809,0,24,0.102312808475618,0.1227784604308282,3.483370799287766,2.6704116794436663,4.185109686462477,0.2095866194885565,-1.9812253431229576,-2.000008736535748,-0.0029864506743152,0.1683969969689376,32.95844838713035,26.16261893951937,37.80882382148786,2.888138309443455,3194.735,1.514624267993442,11.646204881968494,0.0036454369085287,3.091558415211234
B0036,40,03610.csv,1.7536170397120676,1.8044229856020628,97.1843660663055,0,24,0.102312808475618,0.1227784604308282,3.481411230676488,2.6837393111584085,4.184971879756314,0.2096095193768832,-1.9811725960467892,-1.999145364864924,-0.0002557494380831,0.1688876869315938,32.33796562819801,25.993641606583484,36.91705917872692,2.674885939337432,3178.75,1.5007003490330968,10.92341757214344,0.0034363877537218,3.0920294521442395
B0036,41,03612.csv,1.746204477519168,1.8044229856020628,96.77356647817976,0,24,0.102312808475618,0.1227784604308282,3.4750001030504976,2.654784886935533,4.184935582810448,0.2113716557056753,-1.981126497626356,-2.0009460733693505,-0.0005059656371537,0.1696087740505407,31.201004004004968,24.46990910977973,36.08766208839117,2.8497413364158857,3165.359,1.5300727727789245,11.617752978611438,0.0036702797308651,3.07963944685632
B0036,42,03614.csv,1.7406176172769725,1.8044229856020628,96.4639461570702,0,24,0.102312808475618,0.1227784604308282,3.4729861560107773,2.650821200008131,4.184405459993748,0.2115608551713758,-1.981010008821274,-2.000441618004775,0.001119287087026,0.1704733476918939,30.844212128034435,24.017669040862195,35.833124475553674,2.9015563205732104,3155.25,1.5335698426089484,11.81545543469148,0.0037446970714496,3.071173226153196
B0036,43,03618.csv,1.750690404425682,1.8044229856020628,97.02217375830796,0,24,0.1018814962807889,0.1240098116051723,3.4793522768122997,2.676194561155316,4.173893175797129,0.2062691548338763,-1.9808915610510245,-1.9997650450659448,-0.0001276888620584,0.1700554966093675,32.19294879984907,25.40809541953553,37.01706025174733,2.9029190284604462,3173.766,1.4976024425497625,11.608964832211797,0.0036577885175566,3.088903089678402
B0036,44,03622.csv,1.765112055153915,1.8044229856020628,97.82141267530842,0,24,0.1027164415837004,0.121698467010417,3.486359894946784,2.679442027657799,4.18216296627966,0.2077380043179815,-1.9811169585618569,-2.00201926010616,-0.0012834905345373,0.1697228425712477,33.061467350604964,26.397551344426933,37.72356956982813,2.8017427034101074,3199.485,1.5027209386218607,11.326018225401196,0.0035399504062063,3.1026970932107427
B0036,45,03624.csv,1.763188826756488,1.8044229856020628,97.71482855324986,0,24,0.1027164415837004,0.121698467010417,3.483386467433144,2.656640378340114,4.185045339068736,0.21024714645586,-1.9811266494742923,-2.001610275127748,-0.0027788900754442,0.1699158124340852,32.35366819628823,25.848956125552924,36.98324646085538,2.739798552287432,3196.015,1.5284049607286223,11.13429033530246,0.0034838041546433,3.08716004034645
B0036,46,03626.csv,1.985492952897096,1.8044229856020628,100.0,0,24,0.1027164415837004,0.121698467010417,3.521360251690921,2.697143455219266,4.290021871695731,0.2314998466462356,-1.9836817212075872,-2.002785284914044,-0.00454230353492,0.1602630008567261,34.70040609904863,27.55943104455396,39.35953919640877,2.879176221887872,3595.281,1.592878416476465,11.800108151854811,0.0032821101193077,3.112382857912001
B0036,47,03630.csv,1.765355730813324,1.8044229856020628,97.83491702885266,0,24,0.1040227495138019,0.1243788336879979,3.481761447167762,2.661271238713629,4.182247008545814,0.2085051838079029,-1.9822350506501856,-2.002300585252637,-0.0038952925483865,0.1701532365392796,32.421923396380706,25.88469734380239,37.02707505372143,2.71621058621271,3198.0,1.520950340333878,11.142377709919042,0.0034841706410003,3.0846202287936952
B0036,48,03632.csv,1.7571880383127276,1.8044229856020628,97.38226858856076,0,24,0.1040227495138019,0.1243788336879979,3.4797578588851743,2.6908838763824483,4.184685800633224,0.2063398026253113,-1.9820268271645949,-2.001465969186636,-0.0025851565313182,0.1708055023342828,31.609192155405943,24.90505136004141,36.34456840908186,2.795930524521451,3183.516,1.4938019242507754,11.43951704904045,0.0035933593702813,3.0919463861415983
B0036,49,03634.csv,1.7573770661844437,1.8044229856020628,97.39274439568716,0,24,0.1040227495138019,0.1243788336879979,3.4759650916373124,2.6365640724626367,4.184560765856749,0.2105711346821979,-1.9820222805220724,-2.001496102641748,-0.0031563091467514,0.1710249429975593,31.31596403602263,24.558403453621903,36.1535770040422,2.8230895089624,3183.797,1.5479966933941125,11.595173550420297,0.0036419324317537,3.0754786025726126
B0036,50,03636.csv,1.7617376127979814,1.8044229856020628,97.6344031779312,0,24,0.1040227495138019,0.1243788336879979,3.4781154314639453,2.6235919177171154,4.186186804679722,0.2114540504366796,-1.9821008022150317,-2.0024012820224604,-0.0001064424632339,0.1713681546424565,31.998588265349397,25.078566873029445,37.00649086775502,2.9339547623766213,3191.516,1.5625948869626067,11.927923994725576,0.0037373849903072,3.076061203788808
B0036,51,03638.csv,1.7606892547636663,1.8044229856020628,97.57630382746405,0,24,0.1040227495138019,0.1243788336879979,3.483051428470332,2.66145718134933,4.184681735978706,0.2085847913138497,-1.981813383736276,-2.002520901659237,-0.0024367835461289,0.1715362879675705,32.98892411466723,26.22323533635798,37.85686718856992,2.8693892832586667,3189.985,1.5229991415722002,11.63363185221194,0.0036469236852875,3.091806152173381
B0036,52,03642.csv,1.760669562156983,1.8044229856020628,97.5752124754451,0,24,0.1032775943747973,0.1229352636573638,3.480917325023753,2.640601067759597,4.182356069295079,0.2104216482377297,-1.9819214923373465,-2.001235039662058,-0.0033660552902839,0.1717345852978273,32.83558656237567,26.454390087547,37.45005504798,2.6699447473543843,3189.734,1.5417550015354826,10.995664960433004,0.0034472043626311,3.084989739303615
B0036,53,03644.csv,1.752963802649152,1.8044229856020628,97.14816407441512,0,24,0.1032775943747973,0.1229352636573638,3.478940078791892,2.6732282064652693,4.1845961576838935,0.2078920102912764,-1.9816763209778732,-2.0006531469147206,-0.0037185791689478,0.1724584054924783,31.97863874379167,25.272284146546227,36.77795934417618,2.8192520567530672,3176.016,1.5113679512186242,11.505675197629955,0.0036226754517703,3.09213287235354
B0036,54,03646.csv,1.750535708024147,1.8044229856020628,97.01360057991415,0,24,0.1032775943747973,0.1229352636573638,3.4777534118948465,2.668754575341305,4.184643118766144,0.2082805262719687,-1.9818237973110904,-2.0032893275629737,-0.0015116373381807,0.1729929488990837,31.7958885352369,25.01160769069484,36.644215074090106,2.8474723087237583,3171.36,1.5156459316773576,11.632607383395264,0.0036680185735442,3.0905323460232386
B0036,55,03648.csv,1.7500761995337284,1.8044229856020628,96.9881349050649,0,24,0.1032775943747973,0.1229352636573638,3.476664780837021,2.658195971284472,4.184427133733743,0.2087790739553603,-1.9816263251080133,-2.002146271467598,-0.0057477979859649,0.1729088071110082,31.80464939918448,24.8990725500416,37.138598100953445,2.995956059276513,3170.843,1.5262311624492706,12.239525550911846,0.0038600225715722,3.0820337154619386
B0036,56,03650.csv,1.7465957802278385,1.8044229856020628,96.79525223101002,0,24,0.1032775943747973,0.1229352636573638,3.4791247798630294,2.684649370373972,4.184330747490862,0.2071152004226516,-1.98151142532868,-2.002911547065684,-0.0018781312203425,0.173526962215956,32.18425444090601,25.306975358284788,37.11821986816654,2.9134564665324696,3164.672,1.49950166893692,11.811244509881751,0.0037322175915487,3.09067994039417
B0036,57,03654.csv,1.753614286788707,1.8044229856020628,97.18421350100442,0,24,0.1042910923115587,0.1229516511727095,3.48183929896558,2.668665957651981,4.182320523596824,0.2081757740632489,-1.9814622792671597,-2.000461299971232,-0.0011481531699829,0.1734447604580872,33.27019350164624,26.479829417070007,38.21028860245779,2.8872504563912416,3177.453,1.5136545659448433,11.73045918538778,0.0036917805504559,3.0902563020008604
B0036,58,03656.csv,1.750725029920349,1.8044229856020628,97.02409268169475,0,24,0.1042910923115587,0.1229516511727095,3.4813626313858914,2.6672344803975685,4.1847408536372885,0.2094085109132049,-1.9813436819375347,-2.0031635045230707,-0.0016813145481529,0.1736612231120935,32.91813190932092,26.534409792431426,37.5096400873081,2.66658428637454,3172.375,1.51750637323972,10.975230294876674,0.0034596257677218,3.088397183675448
B0036,59,03658.csv,1.743305349081011,1.8044229856020628,96.61289858260926,0,24,0.1042910923115587,0.1229516511727095,3.473301690187071,2.627654590987336,4.184091920673459,0.2119307993784879,-1.981529747622425,-2.0017017371036148,8.695280144856796e-05,0.1745755497411771,31.48100878915281,24.761400322269875,36.38797733722857,2.8276848171391618,3158.406,1.5563295896309637,11.626577014958697,0.0036811534093332,3.0721870238052538
B0036,60,03660.csv,1.733662505277619,1.8044229856020628,96.07849817426072,0,24,0.1042910923115587,0.1229516511727095,3.47367585218267,2.6888969070187216,4.184211671090554,0.2075024522936392,-1.9810876831465265,-2.0016383842160304,-0.0033018660291645,0.1750714974971108,31.12710039879232,24.30343547298514,36.0550831310012,2.8747785274215967,3141.578,1.4952028938440187,11.751647658016058,0.0037406830764717,3.0883326035936776
B0036,61,03662.csv,1.7319207051538927,1.8044229856020628,95.98196869433144,0,24,0.1042910923115587,0.1229516511727095,3.4715154587275445,2.6648936078550007,4.184175746614407,0.2093397305831697,-1.9812349777399687,-2.001704970232084,-0.0033073689308803,0.175484001503733,30.925481627228724,24.06443080280952,35.91912656959304,2.891675141400249,3138.187,1.5190970318825037,11.854695766783518,0.0037775619384005,3.080826044199516
B0036,62,03666.csv,1.7428604522751463,1.8044229856020628,96.58824267823348,0,24,0.1035779067064479,0.1234676083250016,3.476844269698795,2.652977190328466,4.181891771142459,0.2092794875090646,-1.981257059180996,-2.001207887684657,-0.0048742914368897,0.1750027575791654,32.53816915596416,25.5007081189472,37.598391918046985,2.9875668360556698,3157.969,1.5289145808139928,12.097683799099787,0.0038308431143876,3.0853296306254423
B0036,63,03668.csv,1.743306971099712,1.8044229856020628,96.6129884738772,0,24,0.1035779067064479,0.1234676083250016,3.4828021334350594,2.69728379874788,4.184541597131144,0.207010964837989,-1.9809166553606607,-2.0007340815697723,-0.0045212762054846,0.1752694199322448,33.5082870689835,26.63398425317728,38.473409883226125,2.932638904265027,3159.281,1.487257798383264,11.839425630048844,0.0037475063566833,3.101515765547129
B0036,64,03670.csv,1.738524506272696,1.8044229856020628,96.34794724656098,0,24,0.1035779067064479,0.1234676083250016,3.478717992363499,2.666438804228148,4.1846109764992505,0.2102242905187759,-1.981005969530254,-2.001098234478312,-0.0026297144536298,0.1757162136208265,32.72223824057796,26.302146120200465,37.37835847467748,2.6907999643243383,3150.375,1.517862183320117,11.076212354477018,0.003515839338008,3.088630101153846
B0036,65,03672.csv,1.7295622663746972,1.8044229856020628,95.85126548349815,0,24,0.1035779067064479,0.1234676083250016,3.47116141622232,2.644225504233063,4.184012676032451,0.2114859264861034,-1.9809786114709511,-2.002809251194904,-0.0022415066029294,0.1764658633587654,31.339643544788583,24.5519901037265,36.32515383321495,2.8673542914474157,3134.078,1.5396517082289156,11.773163729488449,0.0037564999114535,3.0768849242883003
B0036,66,03674.csv,1.7273036765742085,1.8044229856020628,95.72609584098582,0,24,0.1035779067064479,0.1234676083250016,3.469009856426531,2.6270672485920983,4.184121216441852,0.2127070929705656,-1.981059447271351,-2.002674380722973,-0.004911278653584,0.1767564740773521,31.09122546658414,24.243039011774524,36.17136327433497,2.9067404583591,3129.797,1.5567540643961788,11.928324262560448,0.0038112133990033,3.064101839626234
B0036,67,03678.csv,1.7449370491071912,1.8044229856020628,96.70332638358497,0,24,0.1015257349852554,0.125723168422026,3.475700880273514,2.681073460503821,4.17154857381778,0.2031819694218907,-1.98101776318219,-2.0008253955001223,-0.0010534684502271,0.1760790228624693,32.074525923461515,24.99063146218997,36.94271187003511,3.003467908704988,3161.89,1.4904751133139595,11.95208040784514,0.0037800430779834,3.0975493071147064
B0036,68,03682.csv,1.7642432071133691,1.8044229856020628,97.77326165708938,0,24,0.1032940105887217,0.1229881545844585,3.4820950413929173,2.6173518629094725,4.182622974222649,0.2111837584193731,-1.9810749842802888,-2.00150652363236,-0.0034921534069396,0.1752889454085631,33.167208512161885,26.334527256392604,37.96104323229247,2.888475093550318,3196.859,1.564906441766912,11.626515975899864,0.0036368560439793,3.085878512728811
B0036,69,03684.csv,1.7504882032049596,1.8044229856020628,97.0109678923699,0,24,0.1032940105887217,0.1229881545844585,3.480244357608362,2.6882522902609858,4.184454856344911,0.2074805883465415,-1.9809975649315257,-2.002256958212359,-0.0024508433424748,0.1764164027611386,32.14047774193924,25.62527092014997,36.73214755581345,2.726974265568949,3171.906,1.496202566083925,11.10687663566348,0.003501641169588,3.099304464960684
B0036,70,03686.csv,1.7442710815479925,1.8044229856020628,96.66641887550551,0,24,0.1032940105887217,0.1229881545844585,3.473582906957752,2.639398647353621,4.184476537283623,0.2109706558424224,-1.9807582643680768,-2.001756985222924,-0.0023801341397132,0.1771833057100897,31.245399132402053,24.49741942756075,36.08238955313576,2.8413444187134616,3160.842999999993,1.5446599666650322,11.584970125575012,0.0036651520260813,3.0748983984580427
B0036,71,03688.csv,1.7365413923373951,1.8044229856020628,96.238044305226,0,24,0.1032940105887217,0.1229881545844585,3.4722242034096427,2.6623791019309224,4.184024889589791,0.2096092983406916,-1.980528240608172,-2.0013369678430784,-0.0025909202303662,0.1774522093794595,30.941808328244683,24.10678905352516,35.84834420893077,2.8823828889681087,3147.141,1.5214621792345642,11.74155515540561,0.0037308640303709,3.07875333949478
B0036,72,03690.csv,1.733223093105756,1.8044229856020628,96.05414622489135,0,24,0.1032940105887217,0.1229881545844585,3.470077493790648,2.6561014633579925,4.184261427009467,0.2103099466880764,-1.9804746484714413,-2.0049715818869926,-0.0040213618256525,0.1778406456028569,30.729579296950984,23.84585647748256,35.70394071930231,2.9102268859409044,3141.203,1.5278738369315823,11.858084241819752,0.0037750136625425,3.074978926654515
B0036,73,03694.csv,1.73860622908762,1.8044229856020628,96.35247627415464,0,24,0.1032207839837861,0.124259090332115,3.4765508294649767,2.6878503046332485,4.182041097453936,0.2073079049781909,-1.98039190119071,-2.0012836292683827,-0.0028814269596924,0.1778787173952584,32.241219078736684,25.23465822627832,37.23120350609712,2.970988498646752,3151.047,1.4941116375472625,11.996545279818797,0.0038071616449449,3.0913676388935896
B0036,74,03696.csv,1.7432134953746192,1.8044229856020628,96.60780810730914,0,24,0.1032207839837861,0.124259090332115,3.478023823464381,2.606635521236163,4.183342596486669,0.2133859594972402,-1.980509113557296,-2.0018795801112828,-0.0002493425725089,0.1781740192518028,33.273484981762124,26.407899480785915,38.21827936701842,2.920480998001876,3159.172,1.5767070752505057,11.810379886232504,0.0037384415556457,3.0743325617074877
B0036,75,03698.csv,1.7332698214832971,1.8044229856020628,96.05673588252232,0,24,0.1032207839837861,0.124259090332115,3.474897805691004,2.684954312438798,4.184140679167282,0.2088302800373998,-1.980502519343172,-2.0029462861761083,-0.0004622856587363,0.1787842292508011,31.82186022608825,25.18414995184089,36.626274908995,2.806709240554791,3141.047,1.499019004948693,11.44212495715411,0.0036427741950865,3.088206191288472
B0036,76,03700.csv,1.7298906291663272,1.8044229856020628,95.86946314525764,0,24,0.1032207839837861,0.124259090332115,3.468132135397358,2.62963250026716,4.184248094436303,0.2127756454487008,-1.9804477654001489,-2.000410764991185,-0.0019607522641065,0.1789755728692962,30.95348529915088,24.067371525766912,36.01597323994527,2.931605429611777,3135.0310000000027,1.5544184154914635,11.948601714178356,0.0038113185209901,3.0684823114772035
B0036,77,03702.csv,1.7204403348841348,1.8044229856020628,95.3457337116604,0,24,0.1032207839837861,0.124259090332115,3.4677152773874327,2.676552998785705,4.183757537025025,0.2098753060296345,-1.9802957447258616,-2.0017891626777025,-0.0006791444227451,0.1799050851433332,30.594113322213,23.719534460860785,35.64214686208444,2.9302001961527178,3117.984,1.5072045382393204,11.922612401223653,0.0038238209051822,3.0791749568957134
B0036,78,03706.csv,1.724420729012913,1.8044229856020628,95.56632467955087,0,24,0.1028892540502402,0.1256748253839231,3.464870080840597,2.62514939238803,4.18290280302208,0.2133195284739802,-1.980207910561322,-2.002006842786516,0.0007794104654733,0.1797464408221682,30.621050708667628,23.55001276848148,35.82141559167005,3.01570095463756,3125.328,1.557679642050143,12.271402823188572,0.0039264367846154,3.06494439352008
B0036,79,03708.csv,1.7214872814061166,1.8044229856020628,95.40375483699162,0,24,0.1028892540502402,0.1256748253839231,3.465854361802758,2.628502877540015,4.183818903348512,0.2134341980017983,-1.9800833052331597,-2.002435123952101,-0.0018689242947708,0.180023822710397,30.73760557478901,23.802368517349294,35.84687241575459,2.9543902510724527,3120.172,1.555316025808497,12.044503898405296,0.0038602051099764,3.0669745834701017
B0036,80,03710.csv,1.7197448773569262,1.8044229856020628,95.30719188788858,0,24,0.1028892540502402,0.1256748253839231,3.463489697714707,2.619866867748,4.183839437859511,0.2142485967342935,-1.980268967910438,-2.000876302512133,-0.0034961969893167,0.1803650890245894,30.475687104433288,23.415512262900588,35.6948403215532,3.0236652314384123,3116.641,1.563972570111511,12.279328058652611,0.0039399238021487,3.0547348433191046
B0036,81,03712.csv,1.7164304142145894,1.8044229856020628,95.12350640123807,0,24,0.1028892540502402,0.1256748253839231,3.4657104202129614,2.6612878285284127,4.183940441185628,0.211366221708882,-1.980057929657538,-2.001371004807907,-0.0020282970988756,0.180894023124235,30.665478038053948,23.64601820888219,35.819676472043525,2.989695407907675,3110.844,1.5224767689114698,12.173658263161336,0.003913297569136,3.0676931064681874
B0036,82,03714.csv,1.711202925329962,1.8044229856020628,94.83380221733336,0,24,0.1028892540502402,0.1256748253839231,3.4645909946616267,2.6699917743429817,4.184066892064025,0.2112395681355043,-1.9800230190313004,-2.0017748549858165,-0.0034411191506008,0.1810702803088205,30.48169086494209,23.507407936426883,35.629734084261784,2.982213403016527,3101.406,1.513773437979728,12.1223261478349,0.0039086550254416,3.068326487597292
B0036,83,03718.csv,1.7102343231599222,1.8044229856020628,94.7801228872778,0,24,0.1023155434535772,0.1251981335588939,3.4629772764216105,2.6688661295694205,4.181908017913433,0.2110324309164556,-1.9800140007357077,-2.0016093124428225,-0.0028923461324505,0.1815716702016937,30.501790386236014,23.4688262073781,35.66196676336087,3.003300524081435,3099.563,1.5130418883440129,12.193140555982772,0.0039338256896158,3.067082203818753
B0036,84,03720.csv,1.713096882151029,1.8044229856020628,94.93876412682906,0,24,0.1023155434535772,0.1251981335588939,3.4616288821771044,2.6222751020303923,4.1838810012271175,0.2150211803459029,-1.980072672691808,-2.000651458121082,-0.0040076930978587,0.1814554884755451,30.48295279202987,23.435517106060782,35.75183992747387,3.021250131726225,3104.64,1.5616058991967252,12.316322821413085,0.0039670695544131,3.0534241481504103
B0036,85,03722.csv,1.7103708617208135,1.8044229856020628,94.78768976943242,0,24,0.1023155434535772,0.1251981335588939,3.4628964155593924,2.643376209522438,4.183938680731157,0.2136644335518548,-1.9799210298032588,-2.001660451447316,-0.003629720342359,0.1818190914344645,30.592002581671935,23.660746588520688,35.77783462667514,2.9742187293050306,3099.875,1.5404835725491597,12.11708803815445,0.0039088956935858,3.060587809450231
B0036,86,03724.csv,1.7064617296121434,1.8044229856020628,94.57104809839063,0,24,0.1023155434535772,0.1251981335588939,3.4611295820153054,2.6362266436030413,4.183997413375148,0.2141699004470871,-1.9796449702564975,-2.0021616961773727,-0.0006243787020377,0.1825464287142277,30.42456904927656,23.341986399299063,35.713721223369035,3.048137036179897,3093.25,1.547536697136,12.371734824069971,0.0039995909881419,3.0577352344282294
B0036,87,03726.csv,1.7029429979110946,1.8044229856020628,94.376042175216,0,24,0.1023155434535772,0.1251981335588939,3.4632231738970973,2.6753943315026825,4.183680554471844,0.2114706624920287,-1.9797208473969017,-2.003300958949492,-0.0023388287273444,0.1826722237212233,30.570652220376168,23.54622898059731,35.725860691702124,2.9963233658756927,3086.688,1.5082862229691618,12.179631711104816,0.0039458577320107,3.069919231898897
B0036,88,03730.csv,1.7072612643840062,1.8044229856020628,94.61535781835336,0,24,0.1029340973647276,0.1264013238476249,3.4594353969848526,2.626280067476453,4.182869408506432,0.2152376889675531,-1.9798193556242385,-2.000588867008761,-0.0021733468925487,0.1827124398229115,30.460459721443804,23.334482034397343,35.768527567848494,3.0583790646715183,3094.281,1.5565632534829912,12.434045533451153,0.0040183957221245,3.0536828475670617
B0036,89,03732.csv,1.7038637196766078,1.8044229856020628,94.42706800302136,0,24,0.1029340973647276,0.1264013238476249,3.461932376251164,2.6699754309728454,4.18373987583806,0.2119378571383587,-1.979670824336116,-2.0009417894069323,-0.0009222301194144,0.1831033481365382,30.547691944309644,23.46007919041173,35.84926876193408,3.0604330775339084,3088.328,1.5136495413856648,12.389189571522348,0.0040116171506142,3.067904899230412
B0036,90,03734.csv,1.7079617948422274,1.8044229856020628,94.65418078080788,0,24,0.1029340973647276,0.1264013238476249,3.4640211108291785,2.6485692977117936,4.183750461912779,0.2130571487646167,-1.979698634175692,-2.0016782403661075,-0.0047761334836207,0.1828884661462312,31.189572257243857,24.024871409762568,36.56783936040424,3.103073890979718,3095.687,1.5351811642009854,12.542967950641676,0.0040517558624763,3.0663650018282618
B0036,91,03736.csv,1.711302283362779,1.8044229856020628,94.83930857773832,0,24,0.1029340973647276,0.1264013238476249,3.467408289915032,2.652784779103966,4.183786894340978,0.2130176528000253,-1.9795447080949824,-2.000349526256562,-0.0024605619526676,0.1830630707381106,31.8980817857202,24.80543230121374,37.22026804863562,3.080420625794906,3102.062,1.531002115237012,12.414835747421876,0.0040021236672322,3.0708008086631984
B0036,92,03738.csv,1.714122057472244,1.8044229856020628,94.99557870574958,0,24,0.1029340973647276,0.1264013238476249,3.467669094088933,2.61112320884266,4.183945554245884,0.2171382211770517,-1.979462057529197,-2.000050219919945,-0.0030759705658622,0.1828217721880406,32.32306890954346,25.65915220022702,37.24354714231705,2.8068122871180723,3107.141,1.5727498375272364,11.584394942090029,0.0037283132442621,3.0592586648475515
B0036,93,03742.csv,1.7053324925701605,1.8044229856020628,94.50846648360334,0,24,0.1016677917003621,0.12679382347294,3.4590063160949422,2.6171931724123265,4.182910559206333,0.2168487054116079,-1.979668515306621,-2.002235017468337,-0.0007540310103105,0.1840517429288935,30.83436798904695,23.84060461795071,36.101954503621805,2.9993214176936616,3090.719,1.5657173867940068,12.261349885671097,0.0039671512957571,3.0516911161733566
B0036,94,03744.csv,1.6934609472531408,1.8044229856020628,93.8505528230179,0,24,0.1016677917003621,0.12679382347294,3.4580229191527696,2.6630699292303373,4.183616020558508,0.2137802529724068,-1.979255271856155,-2.0029223930258224,-0.0032963368283269,0.1846603107526306,30.287043848864634,23.221692679840743,35.590895284221084,3.046252085483074,3069.812,1.5205460913281703,12.36920260438034,0.0040293029685141,3.054192011010351
B0036,95,03746.csv,1.6905244127230223,1.8044229856020628,93.68781190508736,0,24,0.1016677917003621,0.12679382347294,3.4563349020618155,2.659720848238619,4.1835063699815285,0.2144180680845757,-1.9792443099751136,-2.001361539543119,-0.0027089901018091,0.1849238224113929,30.07200041452377,22.97359506516038,35.41708929698686,3.058413869818993,3064.437,1.5237855217429097,12.443494231826476,0.0040606134933844,3.0513895326389497
B0036,96,03748.csv,1.7007774858498304,1.8044229856020628,94.25603084314234,0,24,0.1016677917003621,0.12679382347294,3.460450149170936,2.6273527452578365,4.1862295732164165,0.216224165414497,-1.9791194191351384,-2.0008765508581288,-0.005557317484979,0.1843422626526478,31.093661069729663,23.74244827227352,36.54228598490352,3.171156480923722,3083.25,1.55887682795858,12.79983771263,0.0041514109179048,3.0491650874765037
B0036,97,03750.csv,1.6971104467944576,1.8044229856020628,94.05280581859805,0,24,0.1016677917003621,0.12679382347294,3.463960681885895,2.679397409659904,4.183727110735532,0.2116616688193201,-1.9791613878366447,-2.00062745119498,-0.0045419022944025,0.1848954675383172,31.60762351123511,24.28894167306704,37.06815080209899,3.1921821863286897,3076.484,1.504329701075628,12.779209129031951,0.0041538357192925,3.067873241683293
B0036,98,03754.csv,1.6997924522951835,1.8044229856020628,94.20144089596772,0,24,0.1042778928730599,0.1244332888046054,3.463067414256741,2.6638409912727004,4.182211079560967,0.2137470009819146,-1.979091763193608,-2.002252540622426,-0.0030068529543121,0.1854454266554596,31.68782676208534,24.805322638103345,36.82684422999281,2.9580664022206644,3081.297,1.5181603510686617,12.021521591889464,0.0039014485107698,3.062065122369344
B0036,99,03756.csv,1.691270477395412,1.8044229856020628,93.72915834538117,0,24,0.1042778928730599,0.1244332888046054,3.456673276206162,2.638750759665419,4.183505107711148,0.2167153877999977,-1.9790766827277797,-2.002183949867592,-0.0042730279709984,0.1857360218445204,30.64130472367544,23.657995953412048,35.92988720620677,3.0128304780565194,3065.953,1.5447543480457289,12.271891252794724,0.0040026351522005,3.046823389587396
B0036,100,03758.csv,1.6857127009469863,1.8044229856020628,93.42114983004012,0,24,0.1042778928730599,0.1244332888046054,3.455027058159508,2.6521564133104056,4.183301376056718,0.215663599923907,-1.979038060944376,-2.001526634621741,-0.001943993446773,0.1862574229088104,30.35775664232519,23.208814738328577,35.781290058222865,3.101177655588649,3055.828,1.5311449627463127,12.572475319894288,0.0041142614439995,3.048923948754028
B0036,101,03760.csv,1.6832093771286156,1.8044229856020628,93.28241718041498,0,24,0.1042778928730599,0.1244332888046054,3.456388317029321,2.6736629264226712,4.183248853903273,0.2140179691736678,-1.9788327303856927,-2.0011249665699338,-0.00199887680676,0.1866638745712392,30.46760275047683,23.311978085092868,35.83938701624516,3.0949990216937318,3051.468,1.5095775185321827,12.527408931152294,0.0041053712282587,3.056713255808657
B0036,102,03762.csv,1.692886364169521,1.8044229856020628,93.81870978575866,0,24,0.1042778928730599,0.1244332888046054,3.462072409842235,2.665966871855665,4.183494017304386,0.2138329323413431,-1.9788745442826563,-2.0009993271431443,-0.0004738434346515,0.1862591869199998,31.690335464880064,24.450687551804663,37.17156479403066,3.1617803366119244,3069.0,1.517527145448721,12.720877242225995,0.0041449583715301,3.0624907887017287
B0036,103,03766.csv,1.6984668174144633,1.8044229856020628,94.12797503506384,0,24,0.1044429856737314,0.1246608031757409,3.466006130026554,2.6818321771597287,4.181646831165721,0.2122702600488475,-1.978798117850308,-2.0019187157474807,-0.0019848066777768,0.1862153058079388,32.58002111430288,25.50907751971739,37.84191340591018,3.060473797474553,3079.235,1.4998146540059922,12.332835886192786,0.0040051622842013,3.071342009667632
B0036,104,03768.csv,1.6935813413828429,1.8044229856020628,93.85722499083349,0,24,0.1044429856737314,0.1246608031757409,3.4601239314707923,2.6354438765341697,4.183467994187793,0.2174244389353835,-1.9788051627908363,-2.0007727144601377,-0.0043213062592026,0.1864090590266205,31.69291039725797,24.7925097645142,36.94021929474592,2.9773783325778576,3070.344,1.5480241176536231,12.147709530231722,0.0039564653114542,3.050546054000195
B0036,105,03770.csv,1.6830951253781283,1.8044229856020628,93.2760854194366,0,24,0.1044429856737314,0.1246608031757409,3.453593464720813,2.633581331346773,4.1834014802387,0.2185679573133412,-1.978575532876541,-2.000751773750977,-0.0033340496688171,0.1873803323404687,30.60840039029274,23.5892157742052,35.979852438003704,3.0459539743052257,3051.4839999999967,1.5498201488919272,12.390636663798505,0.0040605281442729,3.04184314713425
B0036,106,03772.csv,1.6850462226942986,1.8044229856020628,93.384214019645,0,24,0.1044429856737314,0.1246608031757409,3.451979519474444,2.6164895194312585,4.18648088216282,0.2202723824929365,-1.9787606413982344,-2.001600027914263,-0.0027260749270207,0.1874990726886043,30.39965202271101,23.19246986040044,35.91143435448471,3.1300489914010283,3054.812,1.5699913627315611,12.718964494084272,0.0041635833871558,3.0353329580626944
B0036,107,03774.csv,1.6803098840017598,1.8044229856020628,93.12172907402356,0,24,0.1044429856737314,0.1246608031757409,3.454434064432584,2.662037646915503,4.18650094380192,0.2167134218414852,-1.978525529830046,-2.002715175952081,-0.004967540283571,0.1877263172649556,30.54731557479617,23.35262786120078,36.0224357923641,3.12498859324298,3046.532,1.524463296886417,12.66980793116332,0.0041587641065852,3.050377255913081
B0036,108,03778.csv,1.6944038437227715,1.8044229856020628,93.90280755913878,0,24,0.1045320687634572,0.1256188614613827,3.4638257834252806,2.670589438884728,4.182814594549196,0.2148366398301946,-1.978665881852144,-2.0021347290579303,-0.0032333175700642,0.1874061429115787,32.47851626978816,25.55119070794383,37.65075812929836,2.980431865096081,3071.782,1.512225155664468,12.099567421354529,0.0039389407911611,3.0651233161371607
B0036,109,03780.csv,1.6955686127180103,1.8044229856020628,93.96735833268428,0,24,0.1045320687634572,0.1256188614613827,3.466921993505528,2.668638829617292,4.183640043729965,0.2148455066674869,-1.978303548943712,-1.9999099102761289,-0.0019410976716811,0.1873966299265784,33.085111849545555,26.190517564703,38.27191158762031,2.9844058126185677,3074.532,1.514829972290407,12.081394022917312,0.0039295066770868,3.068363852518736
B0036,110,03782.csv,1.6841854728350405,1.8044229856020628,93.33651179759804,0,24,0.1045320687634572,0.1256188614613827,3.4626538753824714,2.6931351824491827,4.1835457131046185,0.2140198415089324,-1.9783071872539104,-2.002549456337823,-0.0009657742279999,0.1882816784756643,32.12056072268224,25.29793925465708,37.26845925037034,2.962274471841724,3053.656,1.4903714868769775,11.970519995713264,0.0039200617213311,3.0607158465658437
B0036,111,03784.csv,1.6722180144870118,1.8044229856020628,92.673282696466,0,24,0.1045320687634572,0.1256188614613827,3.4554390863736857,2.6913462011853904,4.183400261585032,0.2148229418682675,-1.978252788411394,-2.001711879687912,-0.0031204605903022,0.1890533815222012,30.90915966232928,23.88766002302783,36.23919416621716,3.056641331940561,3031.953,1.4920540603996413,12.35153414318933,0.0040737881303533,3.051907836677086
B0036,112,03786.csv,1.6675976965747183,1.8044229856020628,92.41722755035224,0,24,0.1045320687634572,0.1256188614613827,3.453636642746737,2.6988025346836504,4.183219724741507,0.2145519340171262,-1.9782840417249772,-2.001654493324268,-0.0038189754391683,0.1893325900916032,30.58649949351644,23.46091272019914,35.989930424393194,3.111869890745269,3023.5,1.4841812404483643,12.529017704194054,0.0041438788504031,3.0517873479084017
B0036,113,03790.csv,1.6781873787039017,1.8044229856020628,93.0041011500393,0,24,0.1035342687005086,0.1263883086584116,3.453072475453234,2.6523436778902467,4.182242945113323,0.2172920693511393,-1.978213800283229,-2.0002866611264074,-0.0017572444489996,0.1893898331269071,31.078305845971443,23.65385210161776,36.752805224654765,3.2661897972584906,3042.703,1.5298992672230765,13.098953123037006,0.0043050383566969,3.040731918526721
B0036,114,03792.csv,2.444062432078656,1.8044229856020628,100.0,0,24,0.1035342687005086,0.1263883086584116,3.626510481777051,2.691307184686052,4.519252349646744,0.3239464219610577,-1.9837057741381123,-2.0022312748692235,-0.0029581275082323,0.157180159582618,33.98757612493629,26.964036538169903,38.49714613607372,2.620514780343846,4424.203,1.8279451649606924,11.533109597903811,0.0026068219740151,3.113871668420084
B0036,115,03796.csv,1.6913403148932205,1.8044229856020628,93.73302869608972,0,24,0.1044183648622564,0.1238369096822156,3.466145279289297,2.6565288043863395,4.181498148571605,0.2171711273440223,-1.978144058461348,-2.0014196256892336,-0.0001811796778301,0.1887423284625496,32.26010764297862,25.485015028975592,37.31224141481378,2.909079252305357,3066.766,1.5249693441852656,11.827226385838191,0.0038565793366165,3.0513517873506912
B0036,116,03798.csv,1.6802787096613283,1.8044229856020628,93.12000141145882,0,24,0.1044183648622564,0.1238369096822156,3.4640146950069006,2.680162151919943,4.183547797387942,0.216330566727925,-1.978460059457357,-2.001357263558416,-0.0010211685513373,0.1895561383599329,31.42619925446257,24.536217553074003,36.59740421257035,2.975488082233129,3046.125,1.5030740304383392,12.06118665949635,0.0039595179644618,3.054736805264589
B0036,117,03800.csv,1.673147301023026,1.8044229856020628,92.72478317852752,0,24,0.1044183648622564,0.1238369096822156,3.462625925831448,2.686423419926791,4.183620162153654,0.2161368083085229,-1.9781834973907693,-2.0017591814515625,-0.0024966397016684,0.1899936569313733,31.20956154006514,24.30375532630907,36.44126696853565,2.999393102031942,3033.625,1.4970362754527469,12.13751164222658,0.0040009927536286,3.0550255720860786
B0036,118,03802.csv,1.6704292090032429,1.8044229856020628,92.57414820870775,0,24,0.1044183648622564,0.1238369096822156,3.4609363258654184,2.672431142055385,4.183446864929328,0.2173591587967091,-1.97816336280146,-2.001103261123144,-0.0005521842606962,0.190536915748523,31.0781102211744,24.149625651831865,36.32670051789851,3.021507209263572,3028.562,1.5110157228739434,12.177074866066643,0.0040207447845104,3.050091593885615
B0036,119,03804.csv,1.6659903350115992,1.8044229856020628,92.32814857186746,0,24,0.1044183648622564,0.1238369096822156,3.461644951143493,2.690675565426353,4.183128389159035,0.2160781854906236,-1.9778390299632156,-2.0028682109184794,-0.0018083512991288,0.1908854143669602,31.053614094154145,24.11047746783248,36.29811998606583,3.019466564281214,3020.984,1.4923464392700514,12.187642518233346,0.0040343287214474,3.0562821690194983
B0036,120,03808.csv,1.664241575272447,1.8044229856020628,92.23123339437826,0,24,0.1022936021423731,0.1256250116503699,3.46014320685645,2.697829479340451,4.180942847373935,0.2152258016369879,-1.9780641124929104,-2.000358859987671,-0.0039979272394485,0.1912346752533678,31.060532833540663,24.03644264099394,36.31566540517328,3.0534483419853733,3017.391,1.4831133680334845,12.279222764179336,0.0040694834591139,3.05741492288457
B0036,121,03810.csv,1.6668450767774965,1.8044229856020628,92.37551782911576,0,24,0.1022936021423731,0.1256250116503699,3.4580980197093147,2.6506127411002423,4.182939031295494,0.2198340790824726,-1.9780348126637537,-2.0016029724530995,-0.0025025601664729,0.1913568926868259,30.97728291917627,23.98215698310198,36.31712206468977,3.042462034854576,3022.14,1.532326290195252,12.33496508158779,0.0040815333113581,3.0410344655295947
B0036,122,03812.csv,1.6594501560667536,1.8044229856020628,91.96569592096292,0,24,0.1022936021423731,0.1256250116503699,3.459389982444422,2.690672074169337,4.183242834674278,0.2164682688747247,-1.977793145466696,-2.001572594962202,-0.0006119110035916,0.1916790264172861,30.93918723715448,23.93192130983737,36.228571111440864,3.0649877794654974,3009.016,1.492570760504941,12.296649801603492,0.0040866016669912,3.054675313683617
B0036,123,03814.csv,1.662412523067319,1.8044229856020628,92.12986845834484,0,24,0.1022936021423731,0.1256250116503699,3.455631406481116,2.62722492525996,4.183686841202558,0.2223117924339396,-1.9775654046883249,-2.0029223519412267,-0.0015244830444558,0.192074197961044,30.926289651305336,23.916275195556413,36.35810336081934,3.059469417068561,3014.672,1.556461915942598,12.44182816526293,0.0041270918246704,3.0329300566212534
B0036,124,03816.csv,1.66035260832257,1.8044229856020628,92.01570926389954,0,24,0.1022936021423731,0.1256250116503699,3.4549175745634897,2.6243035932050947,4.183358354217051,0.2227603593230543,-1.9777096278151205,-2.0012842672903166,-0.0029032140060993,0.1921201616203387,30.86305492747556,23.85422362012047,36.29901438256062,3.064594225860096,3010.703,1.5590547610119567,12.44479076244015,0.004133516578168,3.030922918138575
B0036,125,03820.csv,1.6610231379633236,1.8044229856020628,92.0528695997024,0,24,0.1029038380520534,0.1259509151830685,3.4567232383364708,2.6669662761212,4.182728484057378,0.2191182110626776,-1.977833418220376,-2.001199210852871,-0.0014710310351002,0.192233657780957,31.038017243387284,23.96717086274464,36.42868217427085,3.081328053975714,3011.75,1.515762207936178,12.461511311526206,0.0041376313809334,3.0443854442373195
B0036,126,03822.csv,1.6575187557321611,1.8044229856020628,91.85865891522737,0,24,0.1029038380520534,0.1259509151830685,3.4566056806279244,2.657342749492438,4.183421219857983,0.22015856010979,-1.977513435934886,-2.002800542011826,-0.0030488089250544,0.1925048091314841,31.04050751190746,24.03491351977783,36.39664144336581,3.0613595474366964,3005.734,1.5259191590742476,12.361727923587978,0.0041127152048677,3.0332033897738326
B0036,127,03824.csv,1.6507877959674548,1.8044229856020628,91.48563330990012,0,24,0.1029038380520534,0.1259509151830685,3.457263997632369,2.6914302974482167,4.183196106021016,0.2173136432007079,-1.9773123626836613,-2.000941324904744,-0.0008001800237581,0.1932810985818311,30.957302786226403,23.933794489972804,36.31743524658528,3.0771740522786843,2993.75,1.4916821329167531,12.38364075661248,0.0041364979562797,3.0446089833751544
B0036,128,03826.csv,1.653257006211014,1.8044229856020628,91.62247540641856,0,24,0.1029038380520534,0.1259509151830685,3.4540018182289085,2.641029666264374,4.183209699462281,0.2219355616405435,-1.9773999985000368,-2.000552819210372,-0.003019727840678,0.1929629011917517,30.945276932009087,23.88250032193216,36.40596657880105,3.088847496983114,2998.125,1.542041167474582,12.52346625686889,0.0041770994394392,3.025636828217352
B0036,129,03828.csv,1.6494214846772686,1.8044229856020628,91.40991318767333,0,24,0.1029038380520534,0.1259509151830685,3.454729708764956,2.6663067674348446,4.183138406019062,0.2200218306749499,-1.9775454272489617,-2.0053749047084093,-0.0018854037312985,0.1936825537703362,30.888914324823496,23.848900090304696,36.28093983069052,3.0829074711596567,2990.859,1.5168316385842178,12.432039740385823,0.0041566786466315,3.034159148329671
B0036,130,03832.csv,1.6678591915666705,1.8044229856020628,92.43171944022724,0,24,0.1040856806622729,0.1250605555562223,3.4602322781016106,2.652024511951085,4.182486390609512,0.2198150778622886,-1.977556174123632,-2.001066605318924,-0.0020680080163753,0.1925532620160582,32.321489418619095,25.077183710470603,37.95295717388789,3.2159449612549067,3024.453,1.5304314678115762,12.875773463417286,0.0042572238561542,3.046277792767701
B0036,131,03834.csv,1.670862764324967,1.8044229856020628,92.5981755750838,0,24,0.1040856806622729,0.1250605555562223,3.4653467037084007,2.650846498933422,4.183464386226038,0.2201671874101054,-1.9769835735935624,-2.002186569861677,-0.0023996198522401,0.1925480474790984,33.23510488083581,26.42733491449977,38.41829396059596,2.977955316069468,3030.765,1.5326178872926155,11.99095904609619,0.0039564133299995,3.042597020832281
B0036,132,03836.csv,1.6658118164053368,1.8044229856020628,92.3182551816986,0,24,0.1040856806622729,0.1250605555562223,3.461296122749012,2.636443131108017,4.1834582213062665,0.2220611488332178,-1.9774113966642075,-2.0017749202505266,-0.0043835369334266,0.1929702915669321,32.67238408946712,25.91192188569918,37.82488704281872,2.946099796719285,3020.813,1.5470150901982491,11.912965157119544,0.00394362880361,3.033523950939935
B0036,133,03838.csv,1.6532998517617,1.8044229856020628,91.62484988019928,0,24,0.1040856806622729,0.1250605555562223,3.4568319834213184,2.6573768263158466,4.183218486473692,0.2210780029375748,-1.97731996096966,-2.000716988237041,-0.002298803142105,0.1939545989541202,31.627875999689845,24.73120133685052,36.92206046060923,3.0314833004591257,2998.156,1.525841660157845,12.190859123758711,0.0040661190157412,3.034038094517336
B0036,134,03840.csv,1.6468787023528522,1.8044229856020628,91.26899377217562,0,24,0.1040856806622729,0.1250605555562223,3.454274871932744,2.661750337550587,4.183226539078387,0.220921313044055,-1.977107322001012,-2.001325557175692,-0.0013303278426566,0.1944301622509509,31.23409274500793,24.18334864460208,36.61884081007243,3.088980811773324,2986.766,1.5214762015277996,12.43549216547035,0.0041635307772588,3.0325645904372074
B0036,135,03844.csv,1.6718953249703756,1.8044229856020628,92.65539944407944,0,24,0.1037414869532509,0.1274068576635496,3.459039144301172,2.676647507144037,4.174285560234163,0.216113631285776,-1.9761775564887945,-2.001284732598154,-0.0019620289252411,0.1992288033544423,31.95070753872921,24.797361685163395,37.26760229905419,3.1180465686941687,3032.328,1.4975411899158253,12.470240613890796,0.0041124313114843,3.0483167839486023
B0036,136,03848.csv,1.6807743463585727,1.8044229856020628,93.1474692890684,0,24,0.1046730875946324,0.1242465770677705,3.466556169993412,2.683234032060573,4.181276067644604,0.2160813626525146,-1.9775382652377456,-2.008795403935178,-0.0015259772825198,0.1930298220006757,32.94223311807837,25.87778521308508,38.25722659181597,3.080434972969133,3047.703,1.4980420355840312,12.379441378730892,0.0040618923099563,3.056162545211615
B0036,137,03850.csv,1.6737717086703074,1.8044229856020628,92.75938746212756,0,24,0.1046730875946324,0.1242465770677705,3.4591810827626084,2.622356052772389,4.18302191595724,0.2231617890220076,-1.977527154273711,-2.0031957722825595,-0.0028642591518349,0.1935806543960671,31.941852555671357,25.11699860570447,37.22999793294153,2.9633910679646807,3034.968,1.560665863184851,12.11299932723706,0.0039911456487307,3.0278818601682493
B0036,138,03852.csv,1.6605773762487392,1.8044229856020628,92.0281657626231,0,24,0.1046730875946324,0.1242465770677705,3.4577876655294557,2.6656468752025866,4.183316981130492,0.2198430664202987,-1.976966455996094,-2.002178261848821,-0.0015053323805725,0.1944234245220965,31.44720711271493,24.51381023129178,36.750095375605376,3.0206866710478297,3011.7339999999967,1.5176701059279054,12.236285144313594,0.004062870474057,3.0396211940957736
B0036,139,03854.csv,1.655987781146086,1.8044229856020628,91.77381325551836,0,24,0.1046730875946324,0.1242465770677705,3.454417180570097,2.6416903037262225,4.183031434193402,0.2228051246144006,-1.9771854714072985,-2.0011693562380435,-0.0038429179715728,0.1948577869789368,31.12482497372082,24.24149688736979,36.46133969406453,2.9784133487438877,3002.922,1.5411800436764675,12.219842806694736,0.0040693174203974,3.0281691433490865
B0036,140,03856.csv,1.646862318389844,1.8044229856020628,91.26808578313212,0,24,0.1046730875946324,0.1242465770677705,3.4527482715790674,2.6595878021770023,4.182347238057592,0.2223904638589107,-1.9768884059107223,-2.000533909313961,-0.0030488079854527,0.1956041990377119,30.75545169222773,24.09094831485414,36.121581178683655,2.8930716154897564,2986.718,1.522699693071054,12.030632863829515,0.0040280444500717,3.031248356371393
B0036,141,03860.csv,1.6574621175432849,1.8044229856020628,91.85552006201344,0,24,0.1046814165790936,0.1249707755636301,3.460599249296477,2.687257575540443,4.181133837276345,0.218861424263345,-1.976796011008892,-2.0017889891565974,-0.0011704315649406,0.1952512744183172,32.32491302674166,25.751254773128128,37.62901534109348,2.866366130970192,3006.203,1.4938262475039168,11.87776056796535,0.0039510839979753,3.0495131446697363
B0036,142,03862.csv,1.6603991175216894,1.8044229856020628,92.01828677479864,0,24,0.1046814165790936,0.1249707755636301,3.463474146193779,2.6749338603361448,4.18258237874211,0.2199751046109842,-1.9766590715947008,-2.002031476486703,-0.0010409585022826,0.1955978518325153,32.9527098749988,26.42231250462465,38.17206500603514,2.8377489612878515,3011.609,1.507648518405965,11.74975250141049,0.003901486714049,3.04921472039446
B0036,143,03864.csv,1.6460789092837111,1.8044229856020628,91.22466973753836,0,24,0.1046814165790936,0.1249707755636301,3.458931693641407,2.6883490982654625,4.182469644453435,0.2200530353488434,-1.976344103596115,-2.00172153934365,-0.0041704094001706,0.196149788713316,31.963338156822644,25.54974799891278,37.0744174656725,2.764268506134021,2985.953,1.4941205461879723,11.524669466759718,0.0038596285563636,3.047077467896255
B0036,144,03866.csv,1.6408366462659327,1.8044229856020628,90.93414678035992,0,24,0.1046814165790936,0.1249707755636301,3.4515443093644445,2.6341133806914536,4.182289875103196,0.2254575581318633,-1.976398819741924,-2.000574694144919,-0.0023119550613622,0.196787561796337,31.19256089394869,24.61584576794527,36.55596040748888,2.8582627982454096,2976.312999999994,1.5481764944117424,11.940114639543612,0.0040117133646708,3.022451407964198
B0036,145,03868.csv,1.63444089202816,1.8044229856020628,90.57969805692834,0,24,0.1046814165790936,0.1249707755636301,3.451340191696518,2.6535520046660226,4.182381246517502,0.2237589010583791,-1.976356012908432,-2.001491940619484,-0.0035314589379686,0.1972533333533194,31.011896164180595,24.26140709640571,36.35822055804636,2.917839189982532,2964.75,1.5288292418514793,12.096813461640654,0.0040802136644373,3.0284247202486583
B0036,146,03872.csv,1.6374039186504212,1.8044229856020628,90.74390715013452,0,24,0.1043656977117543,0.1259321049999877,3.4541105051819967,2.682065697865543,4.18080325573756,0.2203109724433531,-1.9764726236625385,-2.001201969879881,-0.0015601440410522,0.1972290388402865,31.59342641124915,24.684444542047743,37.04815005782166,3.003987471379532,2969.953,1.4987375578720172,12.363705515773916,0.0041629296880367,3.0411990972645446
B0036,147,03874.csv,1.64738207540524,1.8044229856020628,91.29689039377736,0,24,0.1043656977117543,0.1259321049999877,3.456542656900933,2.623022825320866,4.18244856617256,0.2257400437682366,-1.976197129950984,-2.000826197482675,-0.002970810119388,0.1967850076371092,32.451352345308976,25.81686632541692,37.78142773101782,2.878151993626464,2988.453,1.559091120165362,11.964561405600904,0.0040035969799762,3.026226447293747
B0036,148,03876.csv,1.6545646441622357,1.8044229856020628,91.69494388867888,0,24,0.1043656977117543,0.1259321049999877,3.462836576734922,2.638877668106794,4.182854046942437,0.2223670426370147,-1.9764358998879012,-2.001980663837512,-0.0020907788648273,0.1961708093415694,33.70907658061942,26.755245728305425,38.98412239569435,3.0480720627754265,3001.235,1.5436182543257786,12.228876667388924,0.0040746148393541,3.040584651916473
B0036,149,03878.csv,1.640896560729935,1.8044229856020628,90.93746720270438,0,24,0.1043656977117543,0.1259321049999877,3.455642847223531,2.6345026369215763,4.182728439067422,0.2243759711295696,-1.9764723723079625,-2.001594188579669,-0.0031137480951454,0.1972462085761278,32.3628652503866,25.580751385885005,37.65911041193654,2.9759373987314564,2976.234,1.5481891235380445,12.078359026051531,0.0040582692846232,3.029728806828254
B0036,150,03880.csv,1.6265229979339637,1.8044229856020628,90.1408932890122,0,24,0.1043656977117543,0.1259321049999877,3.453765407751183,2.6856425973144904,4.182876278594965,0.2203823395333906,-1.9762622330108464,-2.0004095548319234,-0.0030006636295462,0.1980352755181519,31.558941182174717,24.616276565969724,36.92167189475025,3.0576942742667303,2950.39,1.4972336812804747,12.305395328780524,0.004170769060626,3.033659905122067
B0036,151,03884.csv,1.6217349144630455,1.8044229856020628,89.8755406799442,0,24,0.1029259409333536,0.1267294347433985,3.4500406564088526,2.68786797873656,4.180649883777921,0.2204822665104526,-1.9761878164815236,-2.000900382690503,-0.0029080857736414,0.1987107536629874,31.135887556686384,24.0965294768098,36.59954969750561,3.104185393097925,2941.719,1.4927819050413609,12.50302022069581,0.0042502428752358,3.029662242832269
B0036,152,03886.csv,1.6248200059639546,1.8044229856020628,90.04651453283378,0,24,0.1029259409333536,0.1267294347433985,3.447400483446299,2.6302060684262494,4.182879997125387,0.2258201120015601,-1.976390548245151,-2.0016097915484665,-0.0031118252397211,0.1988033315674729,31.04112225235265,23.94058877670859,36.62217023847058,3.1402598967112114,2946.969,1.5524740965687145,12.68158146176199,0.0043032625934517,3.0097841024291254
B0036,153,03888.csv,1.61880119736137,1.8044229856020628,89.71295590214629,0,24,0.1029259409333536,0.1267294347433985,3.449026045033965,2.6641914790243417,4.182616597040702,0.2230592263803892,-1.9763256382870515,-2.0020912722122786,-0.0025608664380762,0.1992109316276674,31.054879323980543,23.999137351199927,36.59089881260896,3.1301327929733778,2936.171,1.51842511801636,12.591761461409035,0.0042884973189262,3.021948205085221
B0036,154,03890.csv,1.6137350490334217,1.8044229856020628,89.43219311158263,0,24,0.1029259409333536,0.1267294347433985,3.450376630404453,2.689303373660729,4.182506766966863,0.2209366176473483,-1.975971961224962,-2.001445817763721,0.0007789786857402,0.200074024610906,31.10833607101402,24.08150574103411,36.59234456560626,3.111887133791562,2927.281,1.4929935085386887,12.51083882457215,0.0042738769611021,3.0318497025478264
B0036,155,03892.csv,1.612012823654141,1.8044229856020628,89.33674845182033,0,24,0.1029259409333536,0.1267294347433985,3.447000121773302,2.65147651386545,4.182535478785295,0.2247179002365658,-1.975805020364728,-2.000167970309902,0.0004392437380041,0.2002558800139005,30.944663670795183,23.8987484084228,36.48018480302178,3.1176981356735296,2924.422,1.5310589649198447,12.58143639459898,0.0043021959192616,3.016812488864968
B0036,156,03896.csv,1.6671032556887178,1.8044229856020628,92.38982594385833,0,24,0.103615310969762,0.1280595563839769,3.4669760884346075,2.6896892125914618,4.1690491680104165,0.2107123814077916,-1.9763325577592548,-2.003950808278935,-0.0008371923327228,0.1973258940200016,32.6791979812127,25.52595713846892,38.23567263982747,3.2008537799447057,3023.859,1.4792371337456305,12.709715501358549,0.0042031442277429,3.063662780436218
B0036,157,03900.csv,1.6850133383886254,1.8044229856020628,93.38239159186972,0,24,0.1042563220427105,0.1246626993645387,3.4736386683731344,2.6628469651561684,4.181271830692525,0.2168989161359203,-1.9764828677632524,-2.0015010947067746,-0.0014894364732493,0.1963357765479872,33.03296653786076,26.480844385435898,37.930952706812825,2.8302566115931924,3056.172,1.5184142789808233,11.450108321376929,0.0037465523280027,3.068171125934476
B0036,158,03902.csv,1.6786654987614698,1.8044229856020628,93.03059826636864,0,24,0.1042563220427105,0.1246626993645387,3.467958204671299,2.626900680068646,4.1830606408887965,0.2201892908004804,-1.9762113672371755,-1.9999016673464969,-0.0040983584981171,0.196550778646257,32.14080730031082,25.44849328171353,37.19257582780181,2.8939898848037453,3045.078,1.5558895444130103,11.74408254608828,0.0038567427652389,3.05373739636186
B0036,159,03904.csv,1.6729763502191373,1.8044229856020628,92.7153091912611,0,24,0.1042563220427105,0.1246626993645387,3.463276070075,2.6081515730092875,4.182456210343196,0.221696664084082,-1.976450670496227,-2.000618099416812,-0.0016991841945674,0.1973950770797782,31.54659714469647,24.73353722031328,36.76201438343683,2.9677773792776927,3034.25,1.574304637333909,12.028477163123547,0.0039642340489819,3.0449599002888226
B0036,160,03906.csv,1.666489034299654,1.8044229856020628,92.35578617635564,0,24,0.1042563220427105,0.1246626993645387,3.462827633531536,2.635733198142088,4.182764774519028,0.219643489222679,-1.976336702286546,-2.003239061725877,-0.0009205007233992,0.1977468726021732,31.32211217550974,24.45996796354211,36.54833629882202,2.9908961393820257,3022.609,1.54703157637694,12.088368335279911,0.0039993159337777,3.0432088058251017
B0036,161,03908.csv,1.6698420840710908,1.8044229856020628,92.54161011000046,0,24,0.1042563220427105,0.1246626993645387,3.4646012546935614,2.629018498984386,4.183320176415955,0.2195468583790686,-1.9761771069613197,-2.002639753916218,5.250120440164863e-05,0.197922966623516,31.94447620925181,24.83899714715284,37.37954300419149,3.125476639690195,3028.828,1.5540083998643035,12.540545857038651,0.004140395511742,3.0451644462742324
B0036,162,03912.csv,1.6746744228027035,1.8044229856020628,92.8094153181014,0,24,0.1051440682725413,0.1239624732439577,3.467937221948995,2.6266603184816235,4.180963257164536,0.2197618206405604,-1.9760041905736137,-2.003823480038933,-0.001012742397909,0.1978313944148678,32.95970790517297,26.090290835837656,38.17965570439169,3.002641150561637,3037.875,1.5543029386829126,12.089364868554036,0.003979546514769,3.0477497653337293
B0036,163,03914.csv,1.6665045335145643,1.8044229856020628,92.35664513320968,0,24,0.1051440682725413,0.1239624732439577,3.462497796397771,2.602450788874241,4.182710427278442,0.2234399598393205,-1.975873938296025,-2.0015896507781563,-0.0007372799377547,0.198809353880441,31.94954978552722,25.36250476506597,37.06880928199277,2.874447005002769,3023.187,1.5802397080291637,11.7063045169268,0.0038721734768397,3.0341207841908338
B0036,164,03916.csv,1.652222084834727,1.8044229856020628,91.56512070718536,0,24,0.1051440682725413,0.1239624732439577,3.459755583566824,2.662872873818505,4.182466447324255,0.2184179643256903,-1.976044015388604,-2.0013924851522065,-0.0019442928063618,0.1991063889684515,31.016509562928245,24.102557617438656,36.3207199175235,3.039963576982201,2996.922,1.51959357350575,12.218162300084842,0.0040769036698602,3.0478735413320983
B0036,165,03918.csv,1.6462718275099526,1.8044229856020628,91.2353611456938,0,24,0.1051440682725413,0.1239624732439577,3.4575027462160053,2.6641259048235493,4.182351343336321,0.2185782191045963,-1.975755170606888,-2.00099190176043,-0.0030023031428759,0.1997843425461449,30.717850318637232,23.71117850596633,36.10688426616758,3.088333931195502,2986.469,1.5182254385127716,12.395705760201253,0.0041506226115862,3.046058241921576
B0036,166,03920.csv,1.642399234692521,1.8044229856020628,91.02074445945492,0,24,0.1051440682725413,0.1239624732439577,3.4593887120996203,2.6980994427054057,4.182757605057146,0.2156974318290815,-1.9758263113357128,-2.000855609900936,-0.0002785761550558,0.2003240343249216,30.879779806825745,23.74485238540804,36.31248307899438,3.147453877233741,2979.219,1.484655302708477,12.567630693586342,0.0042184313048441,3.058823672795161
B0036,167,03924.csv,1.651178607099992,1.8044229856020628,91.50729181988672,0,24,0.1036160578605324,0.1263508501388481,3.459697403340653,2.649240292513478,4.180861110367055,0.219355376404776,-1.9759776263748128,-2.0021284907747647,-0.0005096135001277,0.1996629585597792,31.650221324336044,24.590294260015632,37.07549861586275,3.109693775651704,2995.047,1.531620817853577,12.485204355847117,0.0041686171722337,3.045247622608005
B0036,168,03926.csv,1.6481683120281931,1.8044229856020628,91.34046313859533,0,24,0.1036160578605324,0.1263508501388481,3.464129590458387,2.691344905562854,4.182794520703595,0.2164303247179339,-1.9757190023217348,-2.000822145661288,-0.0032974206774092,0.2000884566034667,32.06625589927076,25.086817061257825,37.414877687125575,3.081408869098042,2989.828,1.4914496151407413,12.32806062586775,0.0041233343944426,3.061896682483126
B0036,169,03928.csv,1.6478887725428395,1.8044229856020628,91.3249712341148,0,24,0.1036160578605324,0.1263508501388481,3.460169463632063,2.6312837349184783,4.182556061512275,0.2223161172394162,-1.975704650691821,-2.0017549416670004,0.0001796546715131,0.2004934787830013,31.8959520624968,25.19916169623783,37.09639528593206,2.930265913592871,2989.391,1.5512723265937969,11.897233589694231,0.0039798184947015,3.0392992354647745
B0036,170,03930.csv,1.635843650915682,1.8044229856020628,90.65743808233894,0,24,0.1036160578605324,0.1263508501388481,3.456175671622812,2.6584363442335084,4.182810830291452,0.2204041956821357,-1.97576290545864,-2.000542886554803,-0.0022731191807438,0.2012249453306708,30.985495506316067,24.061942151606782,36.36605166703309,3.057775016480341,2967.2810000000027,1.524374486057944,12.304109515426308,0.0041465939745599,3.0432643731923106
B0036,171,03932.csv,1.6332362811945516,1.8044229856020628,90.51293927347125,0,24,0.1036160578605324,0.1263508501388481,3.452053305545746,2.623199819387988,4.182635286848819,0.2235305098847627,-1.9757208321303017,-2.001933129636368,-0.0045015903300775,0.2011466107769147,30.72140290899611,23.6917775909498,36.234238027710575,3.11156150184751,2962.609,1.5594354674608306,12.542460436760775,0.0042335861521924,3.0284786514943933
B0036,172,03936.csv,1.629926467682987,1.8044229856020628,90.32951146646732,0,24,0.1032709787470331,0.1271079763657862,3.4498706612134638,2.633671931011382,4.180865480888278,0.2227940794857058,-1.9753838232885892,-2.000836252082105,-0.0036397116383007,0.2015802192610736,30.525764579406868,23.39948513363078,36.13330283566238,3.163768579521596,2957.016,1.5471935498768965,12.733817702031596,0.004306306662538,3.029241322555445
B0036,173,03938.csv,1.6387862629287224,1.8044229856020628,90.82051581059449,0,24,0.1032709787470331,0.1271079763657862,3.4562888987795763,2.613160298710749,4.182371604193263,0.2240191225314323,-1.9753747226034408,-2.0005565957229483,-0.0010630342319161,0.2012286154967237,31.861104818689885,24.79128852238989,37.40631592104371,3.133267068048028,2973.281,1.5691178227164668,12.61502739865382,0.0042427968963087,3.031123442759695
B0036,174,03940.csv,1.6359654863840771,1.8044229856020628,90.66419012824876,0,24,0.1032709787470331,0.1271079763657862,3.460624066431264,2.664776371262019,4.182870580087216,0.219823207018988,-1.9753588071492805,-2.001606404211715,-0.0007685296487351,0.2017668111536406,32.31201872670814,25.34874315954792,37.77076533558071,3.095476657922172,2968.016,1.5180942088251967,12.422022176032794,0.0041852948825184,3.05091319710824
B0036,175,03942.csv,1.631137043967566,1.8044229856020628,90.39660085150832,0,24,0.1032709787470331,0.1271079763657862,3.456019242182233,2.632939371611515,4.1827611176443975,0.2238039584463121,-1.975257971644178,-1.999731674892746,-0.0028543974289036,0.2022296611414765,31.79301024802491,25.01914314738702,37.14813436098321,2.9952408557142927,2959.281,1.5498217460328827,12.128991213596189,0.0040986277455896,3.035285188287653
B0036,176,03944.csv,1.6220189720888465,1.8044229856020628,89.89128297695922,0,24,0.1032709787470331,0.1271079763657862,3.450712115143618,2.628283415842944,4.182395237195288,0.2245629158467303,-1.9752191259041323,-2.0012097377908966,-0.0015357841271437,0.2029175284274215,31.01748043918613,24.04607328305981,36.53239990681521,3.091231440223446,2942.797000000006,1.5541118213523442,12.4863266237554,0.0042430132366437,3.017609401119964
B0036,177,03948.csv,1.6416044978422155,1.8044229856020628,90.97670063732194,0,24,0.1039364275415278,0.1275792356995124,3.457628617948717,2.638269533539896,4.174632559195338,0.2207920544161702,-1.974872083562542,-1.999992294356964,-0.0033089380262914,0.2017284573641746,32.52627247756125,25.605066892024084,37.81511547301817,3.0411690253826693,2978.89,1.536363025655442,12.210048580994084,0.004098858494605,3.039961128964729
B0036,178,03952.csv,1.6253090231457803,1.8044229856020628,90.0736155610144,0,24,0.104962660264592,0.1270114071122995,3.453055943057908,2.666855394758346,4.180584396863127,0.2205510436771199,-1.9750892690302664,-2.00062580916902,-0.0014955979453696,0.2027526472075513,30.971239918679984,23.948538947503835,36.404593910301536,3.098597070814633,2948.891,1.513729002104781,12.4560549627977,0.0042239794427117,3.031931466457104
B0036,179,03954.csv,1.6196134522239485,1.8044229856020628,89.757970561628,0,24,0.104962660264592,0.1270114071122995,3.450668341610227,2.645771603606621,4.182361662503121,0.2229114070928581,-1.975042993393988,-2.001497955462088,-0.003690534190557,0.2032624116648169,30.76463270446893,23.695424055229687,36.31178502135717,3.1352768435627363,2938.547,1.5364862764359724,12.61636096612748,0.0042934011149481,3.023347501409931
B0036,180,03956.csv,1.6124236174774371,1.8044229856020628,89.35951439010498,0,24,0.104962660264592,0.1270114071122995,3.450902810317066,2.6749192828697232,4.1825612222864805,0.2208731954949112,-1.9749799926549043,-2.0001940144005674,-0.003230829878985,0.2038663515540825,30.660177115279623,23.590840566457,36.180551238597374,3.140156385713712,2925.484,1.5076419394167573,12.589710672140374,0.0043034624944591,3.0322686778011168
B0036,181,03958.csv,1.6077701029913394,1.8044229856020628,89.10161951051026,0,24,0.104962660264592,0.1270114071122995,3.4500594839606094,2.6772635289500464,4.18253016588314,0.2210658565764945,-1.9747546184485705,-2.001710053938121,0.0022762121368579,0.204655647347415,30.586674094126863,23.53886307350785,36.10348020899565,3.1328019446453474,2917.297,1.5052666369330936,12.564617135487795,0.0043069379413504,3.032185431177548
B0036,182,03960.csv,1.6088077531981582,1.8044229856020628,89.15912543983495,0,24,0.104962660264592,0.1270114071122995,3.449110812692783,2.651409246777448,4.1821683496152,0.2233862479303938,-1.974928052566551,-2.001450125981973,9.414651952537692e-05,0.2045926688085325,30.83253477381729,23.77839028946409,36.39815845242428,3.1411618567258888,2918.938,1.530759102837752,12.619768162960192,0.0043234108305692,3.0232895887450746
B0036,183,03964.csv,1.6083556258734268,1.8044229856020628,89.134068824599,0,24,0.1033269608287819,0.1280562076841714,3.4458169090139847,2.6359845840555653,4.180085195716553,0.2248164394018963,-1.9747449903353,-2.0003216371109183,-0.0031374798441234,0.2047782381140559,30.68860522383244,23.5423470621367,36.34867749615663,3.189187075306813,2918.25,1.544057994086896,12.806330434019934,0.0043883596107324,3.0153163671501497
B0036,184,03966.csv,1.606820251901154,1.8044229856020628,89.04897935364214,0,24,0.1033269608287819,0.1280562076841714,3.4453799620249117,2.6203632515294,4.18247008024948,0.2269120062227637,-1.974727042918428,-2.000496172241536,-0.0014564852965377,0.2048104284230087,30.620490468656016,23.51878651291176,36.30340414585353,3.1797393368471245,2915.4839999999967,1.56210682872008,12.784617632941773,0.0043850755596469,3.009157416707364
B0036,185,03968.csv,1.601770977206713,1.8044229856020628,88.76915168935665,0,24,0.1033269608287819,0.1280562076841714,3.445133112798374,2.6353503124760125,4.182402126830995,0.225987748739532,-1.9748519715505968,-2.000440096213439,-0.002270068460296,0.2054854102815853,30.598226708173872,23.47888485326248,36.26566178605087,3.1818594112836203,2906.015,1.5469657073079932,12.786776932788392,0.0044001069962778,3.013320915814888
B0036,186,03970.csv,1.594911734692208,1.8044229856020628,88.38901673379263,0,24,0.1033269608287819,0.1280562076841714,3.4458558996634645,2.665160202735034,4.182271283338991,0.2235621930966918,-1.9743987343803495,-2.002385208107432,-0.0037513954755897,0.2059350007806618,30.52240497522136,23.39662363977643,36.17313667131571,3.182880214619704,2894.14,1.5171110806039567,12.77651303153928,0.004414614715093,3.0235008339222413
B0036,187,03972.csv,1.5938139125387372,1.8044229856020628,88.32817611259513,0,24,0.1033269608287819,0.1280562076841714,3.4444897117952333,2.6439462094074133,4.182247103438741,0.225738797171623,-1.9743953769070437,-2.000686110880547,-0.0006192413144748,0.2066017449978267,30.572012594415884,23.49715874641186,36.20038317528244,3.1598979349170118,2892.031,1.538300894031328,12.70322442887058,0.0043924924832654,3.0161156148743857
B0036,188,03976.csv,1.5920273129504596,1.8044229856020628,88.22916387419355,0,24,0.1038631855399398,0.1292125368644082,3.4452529094036595,2.680823910703161,4.182668785784587,0.222916387957131,-1.9745565504466331,-2.001943170893987,-0.0018800532779207,0.2065228461140504,30.525594309542488,23.384507843620888,36.12974352283867,3.188188149530077,2888.719,1.5018448750814262,12.745235679217783,0.0044120718142601,3.0268401131602367
B0036,189,03978.csv,1.5847361549778751,1.8044229856020628,87.82509243247712,0,24,0.1038631855399398,0.1292125368644082,3.443368297762313,2.6584332895177942,4.182325389472558,0.2250671844005684,-1.9743485288471665,-2.000646231962556,-0.0023929488624675,0.2072065569001825,30.460152624234137,23.33389160673618,36.15128962766672,3.197429532289462,2875.641,1.5238920999547636,12.81739802093054,0.0044572316297237,3.018653628896828
B0036,190,03980.csv,1.5763429363936798,1.8044229856020628,87.35994547684828,0,24,0.1038631855399398,0.1292125368644082,3.444044633354945,2.68581364438656,4.181890851070748,0.2227649420177643,-1.9740794817151763,-2.0006735329251524,-0.0014623570581874,0.2076616863688885,30.42634729502671,23.310385140399045,36.06503580876304,3.194660752373892,2860.7810000000027,1.49590596868484,12.754650668363997,0.0044584505658993,3.0282234738141462
B0036,191,03982.csv,1.5720229174642286,1.8044229856020628,87.12053271365906,0,24,0.1038631855399398,0.1292125368644082,3.443665704277284,2.686590802386354,4.1819812339971225,0.2228884456834938,-1.9739791964844613,-2.000079772723629,-0.000861565175127,0.2083755442729489,30.4779328809806,23.35165903463095,36.12802521407918,3.2089854687055266,2852.844,1.4953904316107685,12.776366179448232,0.0044784664634477,3.018605425371421
B0036,192,03984.csv,1.5729874285512353,1.8044229856020628,87.17398531843648,0,24,0.1038631855399398,0.1292125368644082,3.4414697554582165,2.656968060548768,4.182031710997783,0.225745156530507,-1.9739892815959976,-2.00109190486848,-0.0018305771025404,0.2082039714576916,30.473709628947084,23.28005395267094,36.26774799217623,3.2541570247671374,2854.64,1.5250636504490145,12.987694039505293,0.0045496784321334,3.0064258308874283
B0036,193,03988.csv,1.596985400389019,1.8044229856020628,88.50393799745183,0,24,0.1065741956779839,0.1252361437262971,3.4563046908197936,2.676038889381632,4.1803143719336,0.2227275765061571,-1.9743635806531243,-2.0025068680909213,-0.0037600574303138,0.2069485777085455,33.14386747805384,26.389386766495186,38.43630283495838,3.0055994105145176,2897.844,1.5042754825519675,12.046916068463196,0.0041571996520389,3.0390909184370263
B0036,194,03990.csv,1.595726023703856,1.8044229856020628,88.43414412455108,0,24,0.1065741956779839,0.1252361437262971,3.452089547010762,2.6188084347235887,4.182098322143219,0.2282094096382682,-1.9739686530082488,-2.0019322952392344,-0.0029516203780227,0.2071020010484755,32.934539010545976,26.030348585874783,38.52063845392343,3.1054765460213427,2896.063,1.563213258111436,12.490289868048649,0.0043128515740329,3.017209429757923
B0036,195,03992.csv,1.579500338340559,1.8044229856020628,87.53492672969601,0,24,0.1065741956779839,0.1252361437262971,3.4477573593842226,2.645949573946669,4.182097383940862,0.2269688955493514,-1.9740791048008224,-1.999949850664628,-0.0021436476173649,0.20831896293044,31.95402446844253,25.061429711988,37.489412293667954,3.0937799959412478,2866.234,1.5361478099941928,12.427982581679952,0.004335997194116,3.0091110302553337
B0036,196,03994.csv,1.5629469877520186,1.8044229856020628,86.61755033177691,0,24,0.1065741956779839,0.1252361437262971,3.4451953986146564,2.6883439532038187,4.181667072254369,0.2234982956707496,-1.973680146390149,-2.000910525563825,-0.0044825735905738,0.2092928810435343,31.19189073934152,24.1698569125778,36.78751789975617,3.165434150129004,2836.609,1.4932916372902725,12.617660987178368,0.0044481495289545,3.020700206036052
B0036,197,03996.csv,1.5591129431541175,1.8044229856020628,86.40506996389789,0,24,0.1065741956779839,0.1252361437262971,3.4432584336378484,2.67894320816739,4.182118777318184,0.2248368179287513,-1.9737323749924904,-2.0009899510970475,-0.0024811523923965,0.2100188779932843,30.99297651094941,23.93189858203684,36.62637340717898,3.179532381427077,2829.516,1.5031755691507942,12.694474825142144,0.0044864474437119,3.015734270158298
B0038,1,02291.csv,0.8980573709676724,1.1026236331914077,81.44731746483217,0,24,,,2.883239659655731,2.1981645845929387,4.053116638334503,0.2714681375079094,-3.952127452371893,-4.035077323306341,-0.0030103888131135,0.5555387706574638,38.8265055747093,25.045828878659496,51.693778100061,7.209524180513632,982.938,1.854952053741564,26.647949221401507,0.0271105087212026,2.3571864467437456
B0038,2,02295.csv,1.1026236331914077,1.1026236331914077,100.0,0,24,0.1354086646263523,0.165173115662009,3.171331675099785,2.173538006790758,4.1851064801192095,0.3914655513867712,-2.99722690705762,-4.032209213478597,-0.0002537687218058,1.763153005343104,40.496516738152486,26.196493190799377,51.136880141242045,6.424579491179333,1489.953,2.011507735965515,24.94038695044267,0.0167390427419137,3.73188478373494
B0038,3,02297.csv,1.0885801879473431,1.1026236331914077,98.72636094299762,0,24,0.1354086646263523,0.165173115662009,3.180373261287265,2.191128315273502,4.18694152805074,0.3929149788544345,-2.957884019744667,-4.0325975109048535,-0.0022272240870321,1.7847327131649926,40.3082686076966,25.227701500387003,51.3517572303697,6.593501844566956,1479.703,1.995813212777238,26.124055729982697,0.0176549319221375,3.739641427713543
B0038,4,02299.csv,1.0613249847591086,1.1026236331914077,96.254510860359,0,24,0.1354086646263523,0.165173115662009,3.2014600077361552,2.174928379064222,4.187310082648276,0.3945157941745048,-2.890891500138237,-4.032449948762388,-0.0004141252425239,1.8186318442967144,39.93347404849829,25.640112774955472,49.541551118224994,6.131571691781878,1468.172,2.0123817035840537,23.90143834326952,0.0162797263149477,3.749085686721808
B0038,5,02301.csv,1.0347062057983545,1.1026236331914077,93.84037985867629,0,24,0.1354086646263523,0.165173115662009,3.2011146598082543,2.162304775163232,4.185977695675653,0.4018660352599156,-2.875691989787786,-4.032706809614358,-0.0019194298017491,1.826000429824908,39.949996492029705,25.752349228851504,49.94400434434952,6.157694889656321,1457.0,2.0236729205124213,24.19165511549802,0.0166037440737803,3.751335089212303
B0038,6,02303.csv,1.0269978594353013,1.1026236331914077,93.1412885158994,0,24,0.1354086646263523,0.165173115662009,3.192805696957516,2.1523889970129018,4.187105297284753,0.4075631617738768,-2.899456239004,-4.0346441626746445,0.0017620786390275,1.8153665219019093,40.03056196708513,25.941735119508724,50.47284162905345,6.263190036485061,1437.047,2.034716300271852,24.531106509544724,0.0170704970050003,3.75117732065803
B0038,7,02307.csv,1.078501971098942,1.1026236331914077,97.8123394632266,0,24,0.1409589153170984,0.1633585736118174,3.056138016052641,2.1947161370182617,4.18045914385637,0.3182473291299142,-3.65723892716497,-4.031721347243717,-0.0005388688051485,1.1703474902694635,39.44913263410249,25.583477326453725,49.83589725328242,6.684482107682934,1170.531,1.9854108129069457,24.252419926828694,0.0207191607286169,3.312538729144635
B0038,8,02311.csv,1.0638897478802845,1.1026236331914077,96.4871163518405,0,24,0.1390604486837707,0.1644415450645243,3.181450544509047,2.1463956973341785,4.183492564102866,0.395312738854416,-2.9674515029911404,-4.032751905126723,0.0012198322246428,1.7802468524990138,40.0585677462874,25.519767465182188,50.058224679961086,6.3481553273274285,1436.141,2.0368913871616665,24.538457214778894,0.0170863844251914,3.742715010674256
B0038,9,02313.csv,1.0366551223324425,1.1026236331914077,94.01713251256665,0,24,0.1390604486837707,0.1644415450645243,3.1927410490834576,2.1983669967426582,4.186120317256443,0.3944328608526779,-2.9319888511060146,-4.0320532789938826,-0.0009508024211317,1.7987300203627612,39.9160708614622,25.592470904914823,49.70254627455938,6.278031171272876,1420.172,1.987753320513785,24.11007536964456,0.0169768699633879,3.7495984030927074
B0038,10,02315.csv,1.030941327482094,1.1026236331914077,93.498932586649,0,24,0.1390604486837707,0.1644415450645243,3.167665290347624,2.1858064268526136,4.185843165124554,0.4022001339191302,-2.994495446145827,-4.032203977721678,-0.0014249040431507,1.7657670551808573,40.27645391572808,25.91369561512289,51.35429552288885,6.9965491867735325,1397.0,2.0000367382719406,25.44059990776596,0.0182108803921016,3.744524951505373
B0038,11,02317.csv,1.0140084541034655,1.1026236331914077,91.9632432662942,0,24,0.1390604486837707,0.1644415450645243,3.1781927267469925,2.151862863027953,4.185966509890458,0.4053551503893067,-2.9580193436340854,-4.031826212038417,-0.000414012222447,1.7853447679375918,40.1754669430076,25.84377597561884,50.44246795838984,6.422455097063027,1393.25,2.033913568479577,24.598691982771,0.0176556195821073,3.748383223560392
B0038,12,02319.csv,1.008516095994519,1.1026236331914077,91.4651260535287,0,24,0.1390604486837707,0.1644415450645243,3.1613474600189155,2.164578187429903,4.186351056855524,0.4080928150873495,-3.001260117107958,-4.031995207198451,-0.0012602313332138,1.7618279238863486,40.41336717515726,26.26427337557343,51.33205933952721,6.985765094938615,1380.938,2.021772869425621,25.06778596395378,0.0181527237022616,3.744504722945841
B0038,13,02323.csv,1.7419245088095905,1.1026236331914077,100.0,0,44,0.1417566616272736,0.1655805616844977,3.608926624109929,2.180206803089782,4.177730241404494,0.2664204161005442,-1.0022813853258807,-1.012296953255635,-0.000806453185672,0.0689227599880716,44.29688064198706,29.07978656830067,49.52801806570102,4.239857347323482,6375.828,1.997523438314712,20.44823149740035,0.0032071491730015,3.024820069842832
B0038,14,02327.csv,1.779741859708433,1.1026236331914077,100.0,0,44,0.1442799845227066,0.1557451124738889,3.6118191487524745,2.1921466685430167,4.186620638463225,0.2727680045502496,-0.985523491989515,-1.013910723004294,-3.3240669506730966e-05,0.145542069384039,47.195451017988766,45.44827006920707,49.28701938671706,0.8062647559070881,6574.671,1.9939012836910412,3.838749317509994,0.0005838694160529,3.003547210350896
B0038,15,02329.csv,1.7815666306452766,1.1026236331914077,100.0,0,44,0.1442799845227066,0.1557451124738889,3.614149636005495,2.16658130125341,4.188933311711306,0.2710677748063214,-0.9870171236405828,-1.0102287651459148,-0.0005600544899219,0.1407580989208312,47.146072926598166,45.41243979878821,49.17905905171433,0.801866115055873,6571.156000000003,2.0222884772322423,3.76661925292612,0.0005732049662077,3.0180053137696543
B0038,16,02331.csv,1.7834859577156017,1.1026236331914077,100.0,0,44,0.1442799845227066,0.1557451124738889,3.6144683724527336,2.1366453580856253,4.189402399305119,0.2706385584470085,-0.9884125593394552,-1.010971995271496,-0.0011494683518749,0.1356859293392422,47.127641701987,45.37067300223374,49.1809104842522,0.8049840248304172,6569.11,2.0527570412194938,3.810237482018465,0.0005800233946483,3.0200531102884107
B0038,17,02333.csv,1.7864411650415677,1.1026236331914077,100.0,0,44,0.1442799845227066,0.1557451124738889,3.616588343572285,2.1909799678189845,4.189825570933335,0.263254905758123,-0.9883512949484964,-1.0107718854484014,0.0003421780312953,0.1360629380348572,47.09918641441624,45.33488321338891,49.05688408240341,0.8018061047541308,6558.75,1.9987009414749,3.7220008690144937,0.0005674863150774,3.044728636075625
B0038,18,02335.csv,1.7859997608067948,1.1026236331914077,100.0,0,44,0.1442799845227066,0.1557451124738889,3.6160610851845383,2.166402675362294,4.191065310739852,0.2653801190050024,-0.9884509077751612,-1.010981301037933,-0.0008776861119403,0.1364257153988108,47.133209565495285,45.3666883339061,49.13032050804125,0.8086579079557953,6567.516,2.024486194342974,3.7636321741351537,0.0005730678348001,3.040766027041463
B0038,19,02339.csv,1.7769523773001608,1.1026236331914077,100.0,0,44,0.1464874217828299,0.1580545419252342,3.6257089708628913,2.145739105715045,4.18123625379194,0.242449480692392,-1.003966417823918,-1.011456158958353,-0.0022401737059374,0.056840693623248,47.15436113022586,45.349153657647605,49.23198595690627,0.8045542600690545,6430.172,2.0352631781119883,3.8828322992586655,0.000603845791257,3.133235545450622
B0038,20,02343.csv,1.781428917321899,1.1026236331914077,100.0,0,44,0.1455291574783139,0.1573004337390157,3.613285312724596,2.139096537674337,4.185716420658905,0.2665086230063102,-0.9879674131883376,-1.0106507915352578,-0.0005589055147479,0.1372033949720222,47.16342394557887,45.3907377329746,49.16417337699806,0.8001566041842718,6554.327999999994,2.0466198829845683,3.7734356440234578,0.0005757166324333,3.031440669343524
B0038,21,02345.csv,1.7859452772697195,1.1026236331914077,100.0,0,44,0.1455291574783139,0.1573004337390157,3.615119723068455,2.1550256706410824,4.189329902417763,0.2644581993999677,-0.9878892583593684,-1.0102198577009358,0.0003825127180461,0.1373705876457983,47.14213994735864,45.42249530680692,49.04035070342245,0.7853125075619631,6560.922,2.034279434197804,3.617855396615525,0.0005514248449555,3.041394006729177
B0038,22,02347.csv,1.785208429691551,1.1026236331914077,100.0,0,44,0.1455291574783139,0.1573004337390157,3.615836568872989,2.1776344857025127,4.189967846272303,0.2622689797009199,-0.9878187430421664,-1.011735169153586,-0.0003419484616123,0.1376935757009299,47.07812277465954,45.33971152172204,48.97912041843542,0.7878471262059568,6559.047,2.0122304483212177,3.639408896713384,0.0005548685497623,3.0440765547299704
B0038,23,02349.csv,1.783596609584544,1.1026236331914077,100.0,0,44,0.1455291574783139,0.1573004337390157,3.615503145763947,2.1804158381574807,4.18974503175606,0.2618878639256431,-0.9877368963424068,-1.010295900186465,-0.0005054169823109,0.1380751019100644,47.07326100880017,45.319344488667305,48.978872169562095,0.7887250927396547,6553.781,2.009274352839629,3.65952768089479,0.0005583841878291,3.0462581024757083
B0038,24,02351.csv,1.7796783152744713,1.1026236331914077,100.0,0,44,0.1455291574783139,0.1573004337390157,3.6139392243174577,2.1075006723313274,4.188353739927258,0.2663090638476672,-0.989295381650384,-1.0110939875613183,-0.0007226677466988,0.1327837908401979,47.08146790123274,45.31900735151199,49.04045996790738,0.7999355106422165,6540.187,2.080853067595931,3.721452616395389,0.0005690131820994,3.0382437826360964
B0038,25,02355.csv,1.7841102592788645,1.1026236331914077,100.0,0,44,0.1450098652315949,0.1581136878860872,3.61791112455575,2.193151747067992,4.1880636486598535,0.2557858078978426,-0.9906537351245918,-1.0105864257560286,-0.0006897029922488,0.1269470965566838,47.087615537529175,45.31876546218911,48.95885334502884,0.7882130269296925,6535.922,1.9949119015918615,3.6400878828397296,0.0005569356370592,3.075148820625896
B0038,26,02357.csv,1.7833032331592191,1.1026236331914077,100.0,0,44,0.1450098652315949,0.1581136878860872,3.615792342161085,2.1577326042974923,4.18971330698209,0.2612087400255614,-0.989093271752985,-1.010810008103469,-0.0008946981733087,0.1331195525344509,47.09422579980021,45.35489550495648,49.01777260309724,0.7880666513026575,6544.078,2.031980702684597,3.662877098140761,0.0005597239363804,3.0509079855103023
B0038,27,02359.csv,1.7796186141356956,1.1026236331914077,100.0,0,44,0.1450098652315949,0.1581136878860872,3.615154082059872,2.162189918911785,4.188131880621521,0.2606059423999586,-0.9890153352338132,-1.011662328995332,-0.000922028239492,0.133690025729158,47.08318511534191,45.341699750585455,48.99249018111872,0.7803495312635237,6531.187,2.025941961709736,3.650790430533263,0.0005589780893631,3.0533628004360587
B0038,28,02361.csv,1.7816592334352586,1.1026236331914077,100.0,0,44,0.1450098652315949,0.1581136878860872,3.616195897791123,2.199945094089768,4.188924695577913,0.2575754642363599,-0.988880336257258,-1.0098072976535653,-0.0010699216590885,0.1340022215198931,47.06402084308688,45.32783985141095,48.94618497316047,0.788073244908058,6528.562,1.988687900939784,3.61834512174952,0.000554233094784,3.064198861883579
B0038,29,02363.csv,1.7775911304124037,1.1026236331914077,100.0,0,44,0.1450098652315949,0.1581136878860872,3.613550650827938,2.1302151249881103,4.187542870745614,0.2634637410063976,-0.9888372175373163,-1.0104773124547506,0.0009597423739816,0.1342964681523785,47.07142767555465,45.31544167688482,49.0209427982368,0.7953698546643814,6525.187,2.057100442181216,3.705501121351986,0.000567876617383,3.0414293640181915
B0038,30,02367.csv,1.777701881971679,1.1026236331914077,100.0,0,44,0.1458467317489905,0.1571041662792431,3.615401963428833,2.164304791761506,4.1857951584704445,0.2576471606229655,-0.990311695204241,-1.0109802413886324,-0.0014884668911372,0.1283319059749386,47.094941474493815,45.332649875333296,49.014180829264426,0.7911789213523752,6515.938,2.0213092696695463,3.68153095393113,0.0005650039877499,3.063139328960266
B0038,31,02369.csv,1.7789547618270618,1.1026236331914077,100.0,0,44,0.1458467317489905,0.1571041662792431,3.612528735484352,2.103101288221301,4.187443417451479,0.2655523324795045,-0.9886847879265132,-1.0098115227107507,-7.184433314482893e-05,0.1346928534717365,47.099513351069206,45.32159821729143,49.08755174393166,0.7974036933203187,6532.015,2.084322154871128,3.765953526640232,0.00057653779525,3.0372754278411924
B0038,32,02371.csv,1.7807753731135043,1.1026236331914077,100.0,0,44,0.1458467317489905,0.1571041662792431,3.6160020417093457,2.1449886066523933,4.1900372622396045,0.2597580240634279,-0.9902725483840612,-1.0118882343579725,-0.0018832819877408,0.1287556340669794,47.07452189489319,45.32533979160533,49.000307836809725,0.7916417301273799,6527.922,2.0449679499559825,3.6749680452043942,0.0005629613903481,3.061858859056686
B0038,33,02373.csv,1.778415319026661,1.1026236331914077,100.0,0,44,0.1458467317489905,0.1571041662792431,3.614593015604058,2.1205293855533207,4.188861157517333,0.2618570479596698,-0.99028074692211,-1.0109780766463656,-0.0012851043492373,0.128995216768698,47.12153419194554,45.36512164731064,49.05042538685695,0.7992762090703065,6519.328,2.068109258295354,3.685303739546313,0.0005652888978045,3.050193763618298
B0038,34,02375.csv,1.7789773899108463,1.1026236331914077,100.0,0,44,0.1458467317489905,0.1571041662792431,3.616664144234104,2.1339834463152427,4.190060028748116,0.2585332615912422,-0.9919115001416684,-1.0107722282787006,-0.0005079937987579,0.1229749341589872,47.15829653400459,45.41868911230955,49.08198729235301,0.7815953054273127,6510.063,2.055870621242108,3.663298180043462,0.0005627131688346,3.0664143029765127
B0038,35,02379.csv,1.7792479347236043,1.1026236331914077,100.0,0,44,0.1456213343445297,0.1578165945934228,3.616763225911199,2.1093887147366805,4.187583021759709,0.2574341236399855,-0.9933993302020114,-1.0108021856673532,-0.0010152302017764,0.116343465936361,47.161612217353984,45.40774909091807,49.13279687311376,0.7914437406870376,6501.718,2.0780378951984737,3.725047782195695,0.0005729328436262,3.074139112269944
B0038,36,02381.csv,1.777920457368508,1.1026236331914077,100.0,0,44,0.1456213343445297,0.1578165945934228,3.6149940792944446,2.098244904990502,4.1891099360693005,0.26120700431715,-0.9915864068538184,-1.010302645629404,-0.0001092968414661,0.1235125236597496,47.155567707969865,45.41557788830881,49.13552693190528,0.7937471553358822,6509.047,2.0908650310787986,3.719949043596472,0.0005715044066506,3.0605296563749227
B0038,37,02383.csv,1.779227040224144,1.1026236331914077,100.0,0,44,0.1456213343445297,0.1578165945934228,3.6159145027179576,2.1367946107881166,4.18915400521565,0.2579609710712902,-0.9915566919647096,-1.0140415606547912,-0.0002991584401245,0.1238402683262109,47.13225621283967,45.37303438235529,49.04172173314357,0.795824533316566,6502.438,2.0520880253960008,3.668687350788275,0.0005642018195003,3.0653208614158167
B0038,38,02385.csv,1.7760634320079352,1.1026236331914077,100.0,0,44,0.1456213343445297,0.1578165945934228,3.614661054786224,2.103206542363035,4.188887533318818,0.260909626913657,-0.9916693008676862,-1.0115553715036771,-0.0001433288490751,0.1239758747434409,47.13346886842004,45.39506516049286,49.09468753497383,0.8015152530295043,6502.047,2.085513379750662,3.699622374480967,0.0005689934838183,3.05760620501656
B0038,39,02387.csv,1.775103937963957,1.1026236331914077,100.0,0,44,0.1456213343445297,0.1578165945934228,3.615082794707677,2.1895312972615004,4.187944942179681,0.256354239393856,-0.9899169847459928,-1.012686564574278,0.0012032850265985,0.1309652026055808,47.17638554289952,45.39781385019533,49.057064718364046,0.7953205374358192,6498.86,1.9983878064241445,3.6592508681687193,0.0005630604241618,3.067501584501235
B0038,40,02391.csv,1.733064100138742,1.1026236331914077,100.0,0,44,0.1452836701674513,0.1571691009282757,3.438902336521698,2.1594623220347016,4.182064571336064,0.2432686712350412,-1.998396970742944,-2.0155210780038173,-0.0015044782014178,0.1693196896815686,50.154407994251926,45.33453649038701,54.42193934195762,1.9824535430747832,3162.047,2.0226022493013627,9.087402851570609,0.0028738987281247,2.9530994001607787
B0038,41,02395.csv,1.7394892806215223,1.1026236331914077,100.0,0,44,0.1461825969283644,0.158944262526129,3.437169559941295,2.023065783993831,4.186725946685351,0.2535131328346398,-1.9984033983725649,-2.017960233668404,0.0009989389996633,0.16937805856057,50.1979427615177,45.36495505272962,54.61602412701822,1.989375495770212,3173.141,2.163427681183902,9.2510690742886,0.0029154295615255,2.926172272837745
B0038,42,02397.csv,1.7378064360392924,1.1026236331914077,100.0,0,44,0.1461825969283644,0.158944262526129,3.4370308930893247,2.0028176202456365,4.189706586585002,0.2555056933722975,-1.99868797664225,-2.016707594147861,0.0015932062780928,0.1697616822479329,50.18895736512512,45.39942528400046,54.621843575697525,1.9815242066891603,3169.844,2.1868889663393656,9.222418291697068,0.0029094233948727,2.9227211656422254
B0038,43,02399.csv,1.730028145799833,1.1026236331914077,100.0,0,44,0.1461825969283644,0.158944262526129,3.437230626486004,2.061244397117138,4.188139594837195,0.2513685673717057,-1.9982781324264292,-2.017081976460273,-0.0026688295855706,0.170170404601127,50.178407502665095,45.35268592716676,54.57283441287881,1.9834491023740464,3156.563,2.126895197720057,9.220148485712052,0.0029209454985413,2.9347787656472497
B0038,44,02401.csv,1.7290404566542985,1.1026236331914077,100.0,0,44,0.1461825969283644,0.158944262526129,3.4363115548278413,2.030738155835073,4.189030830558383,0.2538293585779216,-1.998355971599052,-2.015865822308184,-0.0008139552240412,0.1705548443161716,50.182509844874,45.359535861802165,54.65884815489962,1.9908701343757704,3155.047,2.158292674723309,9.299312293097458,0.0029474401785765,2.9290641993298605
B0038,45,02403.csv,1.7286072907068817,1.1026236331914077,100.0,0,44,0.1461825969283644,0.158944262526129,3.439407570423965,2.1901431826977382,4.189306425000166,0.243819420865186,-1.998333813768599,-2.016758163836068,-0.0022924199527469,0.1710367826482005,50.173666427799,45.3694541622979,54.51993729622157,1.979329738632181,3142.312,1.9988258355314417,9.150483133923672,0.0029120224643267,2.9595208944827003
B0038,46,02407.csv,1.52573884649634,1.1026236331914077,100.0,0,44,0.1467937683516624,0.15906437833902,3.0455602167949416,2.11587711023423,4.17467236177005,0.276868792608173,-3.967012008013358,-4.032121081634592,-0.0010768430588176,0.4995907205261105,58.41948951650429,45.3789326962188,69.28796559754325,6.2939505602907175,1485.047,2.05879525153582,23.90903290132445,0.0160998492985908,2.5364897143217537
B0038,47,02411.csv,1.5301475534434217,1.1026236331914077,100.0,0,44,0.1564431165662892,0.1688866280738168,3.0241360171924403,2.052769819032336,4.186501078488458,0.2792511767316262,-3.9673854309358174,-4.032714355951809,-0.0020020085571102,0.4995473605030099,58.954810986890266,45.41210422504674,69.86974573152932,6.501279213863254,1489.313,2.1337312594561224,24.45764150648258,0.0164220962997587,2.5147598330761483
B0039,1,01109.csv,0.1190383185934176,1.7715725869786123,6.719358804057557,0,24,,,3.3780267772090253,2.4897962179516666,4.078325990995359,0.5407773400015593,-1.7216522308231414,-3.9816536301725503,0.0045844489462088,1.9789410010354245,34.70141183965182,24.62407997958134,41.68577610887712,4.443369071354431,982.938,1.5883387801806288,17.061696129295782,0.0173578558660828,3.8578199062598815
B0039,2,01113.csv,0.4729861500927512,1.7715725869786123,26.69866047653296,0,24,0.1185198874494795,0.1479765884714088,3.538833973977793,2.475664628588948,4.201433690744269,0.5074733563346526,-1.3777686088249814,-3.9797908406119102,0.00149724352516,1.896938818887833,34.602296282226774,25.90310797459441,42.96184230643531,4.606272289964907,1489.953,1.7256912879047812,17.0587343318409,0.0114491761363216,3.917333013825536
B0039,3,01115.csv,0.1628079382920206,1.7715725869786123,9.190023569380628,0,24,0.1185198874494795,0.1479765884714088,3.5283987355327224,2.497942856856816,4.202601079177913,0.5149257221894764,-1.3955410359909974,-3.979067055149875,0.0053671719560798,1.9027184940397264,34.706915531211784,24.924715387115683,43.606076550083,5.210435441836431,1479.703,1.704362458999226,18.68136116296732,0.0126250748717596,3.915587886169629
B0039,4,01117.csv,0.4787632853388766,1.7715725869786123,27.024762567330047,0,24,0.1185198874494795,0.1479765884714088,3.523734020299432,2.480114715641411,4.20285727861485,0.5162968310971816,-1.414099580611061,-3.9790518292907846,0.0020694124552397,1.908604602711483,34.771517765327,25.40086734630603,43.90627471664096,5.192068486053886,1468.172,1.7226785739633024,18.50540737033493,0.0126043865230606,3.914594678026064
B0039,5,01119.csv,0.4711383364607152,1.7715725869786123,26.59435689644723,0,24,0.1185198874494795,0.1479765884714088,3.529021025001404,2.4872303300157066,4.203125866428561,0.5151874316102146,-1.406242060472347,-3.9782527352191823,0.0023722115018107,1.9062491810204545,34.709560141583104,25.491662424245995,44.013774813837145,5.114096455498821,1457.0,1.7158955364128543,18.52211238959115,0.0127124999242217,3.91708888946887
B0039,6,01121.csv,0.4668172561120673,1.7715725869786123,26.3504447711181,0,24,0.1185198874494795,0.1479765884714088,3.528853302126734,2.489183697067473,4.203130606417118,0.5140949777695465,-1.417553449529416,-3.9809499540372766,0.0018462175602695,1.9099434998159188,34.65890294500357,25.669962904687367,42.92203104864584,4.755866321232556,1437.047,1.713946909349645,17.252068143958475,0.0120052219196438,3.9177861109318983
B0039,7,01125.csv,0.4699932676625547,1.7715725869786123,26.52972117073229,0,24,0.102144213673012,0.1277720421504528,3.4540436783572668,2.498492440398465,4.199225453541231,0.5248802482397517,-1.705386422586468,-3.978769669734932,0.0024750454687803,1.9753416533686745,35.44499437757343,25.35868882034337,43.24542727979999,4.950207967048559,1170.531,1.7007330131427656,17.88673845945662,0.015280875482543,3.915952118115368
B0039,8,01129.csv,0.4627052684317185,1.7715725869786123,26.11833530461513,0,24,0.1014537466753826,0.1311091085380788,3.53257704827921,2.4971812527928607,4.201734819728371,0.5132883949364054,-1.409614813413039,-3.9789079743390094,0.0023925587395744,1.907475357571867,34.6176662375867,25.333653457918995,43.86578283702087,5.1216084832547,1436.141,1.70455356693551,18.53212937910188,0.0129041155284208,3.919011601297684
B0039,9,01131.csv,0.4604944782656097,1.7715725869786123,25.99354277946778,0,24,0.1014537466753826,0.1311091085380788,3.5299976922060075,2.4988010332333745,4.202672121596153,0.5157902130772893,-1.419395397180348,-3.9785204745154576,0.0012351535100332,1.9106251544856412,34.65017232704175,25.3964073122666,43.67270130471354,5.072192334594316,1420.172,1.7038710883627788,18.276293992446945,0.0128690707832902,3.919756119244814
B0039,10,01133.csv,0.4412227248835694,1.7715725869786123,24.90570965743309,0,24,0.1014537466753826,0.1311091085380788,3.5156652919077627,2.487295552712161,4.202779797627703,0.5274415176283864,-1.4499971979709174,-3.979713822284996,0.004243769610934,1.9198022390467024,34.822277873738145,25.348035206167683,43.79137016976176,5.217382847410479,1397.0,1.715484244915542,18.44333496359408,0.0132021009045054,3.918663411485927
B0039,11,01135.csv,0.4435442194396584,1.7715725869786123,25.03675111591762,0,24,0.1014537466753826,0.1311091085380788,3.529529424804537,2.4958019219001284,4.202689684084776,0.5162590354244766,-1.4318958455799566,-3.982043712047701,0.0029703382466616,1.9143824060074148,34.67233382014022,25.613816463376164,43.92654641714406,4.873872012792603,1393.25,1.7068877621846474,18.312729953767896,0.0131438937403681,3.921077710441596
B0039,12,01137.csv,0.4126655541164234,1.7715725869786123,23.29374235916676,0,24,0.1014537466753826,0.1311091085380788,3.52826089394077,2.498934011647546,4.202868370613372,0.5263834317058762,-1.423723158193558,-3.979711977994799,0.004713112417416,1.9119252146021597,34.74469432520436,25.970671252551384,43.36143647499468,4.92131326421036,1380.938,1.7039343589658258,17.3907652224433,0.0125934438928056,3.9240156069102095
B0039,13,01141.csv,1.7461791006389626,1.7715725869786123,98.56661327194288,0,44,0.0965011379673775,0.125814495398153,3.6461406726770127,2.4987062304520014,4.197294023274615,0.2319543290140354,-0.993177146982576,-1.0009808343171922,-0.0011695682960674,0.0556837128247559,44.00752434501855,29.83967185844212,48.10057733769074,3.831530802859562,6375.828,1.698587792822614,18.26090547924862,0.002864083767512,3.166209142266256
B0039,14,01145.csv,1.7695250734505363,1.7715725869786123,99.88442395512746,0,44,0.10575691934226,0.1166590648817664,3.64392186740937,2.473002904156423,4.204972433209606,0.2565060422313166,-0.9751829593896584,-1.0025756987118928,0.0005016857859861,0.1439951733780446,46.67611297517316,45.22052156277777,48.36094927051516,0.6839325525859546,6574.671,1.7319695290531825,3.140427707737388,0.0004776554914667,3.0859743632470304
B0039,15,01147.csv,1.7715391419501945,1.7715725869786123,99.99811212768454,0,44,0.10575691934226,0.1166590648817664,3.646350059209468,2.489434465017692,4.208448210539393,0.2529905556190479,-0.9751939760319924,-1.0031061081836674,0.0010422942506089,0.1444755833846275,46.6383045331837,45.172746251072255,48.20507797013392,0.6779723926468865,6571.156000000003,1.7190137455217007,3.0323317190616663,0.000461460923932,3.1024962813013985
B0039,16,01149.csv,1.770625483958279,1.7715725869786123,99.94653885325982,0,44,0.10575691934226,0.1166590648817664,3.645585479395615,2.473981445559395,4.206898230242775,0.2537624727483,-0.9750119009804336,-1.0000100485815209,-0.0004797660937087,0.1448522215685827,46.624310116631904,45.15084488167503,48.18149876688975,0.6789361786268328,6569.11,1.7328818694021288,3.0306538852147256,0.0004613492368394,3.0960881927017767
B0039,17,01151.csv,1.7704040639447296,1.7715725869786123,99.93404035248278,0,44,0.10575691934226,0.1166590648817664,3.6468115454863126,2.4673788761032256,4.207946244454896,0.2523345147922633,-0.9763225329640914,-1.0011404247002111,-6.075481354176288e-05,0.1401026317059827,46.60181681852236,45.1191966855263,48.22285805925047,0.6887919230590738,6558.75,1.7405673683516705,3.1036613737241723,0.0004732092812996,3.1062222234673755
B0039,18,01153.csv,1.769508178880176,1.7715725869786123,99.88347030691206,0,44,0.10575691934226,0.1166590648817664,3.6451349051966417,2.458737817987512,4.207227267233697,0.254535546924118,-0.9746122484452724,-0.9997689271977604,-0.000962449630036,0.1455917379269405,46.64079559317347,45.1673095285089,48.3111327307896,0.6917008549566175,6567.516,1.7484866766188083,3.1438232022807,0.000478692888191,3.097194559810688
B0039,19,01157.csv,1.7638356274269416,1.7715725869786123,99.56327165996252,0,44,0.1043106805566972,0.1150229358356421,3.656102607057432,2.4562277920171924,4.197666044398925,0.230543491398516,-0.991639778772074,-1.0007520082133683,0.0002923840287762,0.0688890159498084,46.65269866016946,45.15832762738876,48.31988246057892,0.6803216588572634,6430.172,1.7414382523817329,3.1615548331901597,0.0004916750023467,3.19570892441589
B0039,20,01161.csv,1.7715725869786123,1.7715725869786123,100.0,0,44,0.1037226007504304,0.1158034441415268,3.6458870173477007,2.437931364664341,4.2045074487347165,0.2522630472260093,-0.9776620652375614,-1.0001244493615749,-0.0005688615748229,0.1357124280956754,46.637301691869546,45.17501487963026,48.19161251147565,0.6741847630110794,6554.327999999994,1.7665517862751805,3.0165976318453858,0.0004602451436433,3.106690592915816
B0039,21,01163.csv,1.7701196454489685,1.7715725869786123,99.91798577488028,0,44,0.1037226007504304,0.1158034441415268,3.645766068703999,2.4476008226100348,4.208084129481043,0.2531637614231051,-0.97593374546125,-1.0009890843051303,-0.0003949523212586,0.1413814025154582,46.62385161772923,45.15954092267382,48.22746339794149,0.6754145822066177,6560.922,1.7604833068710084,3.067922475267672,0.0004676053876677,3.1038406377215217
B0039,22,01165.csv,1.766756975286052,1.7715725869786123,99.72817305212578,0,44,0.1037226007504304,0.1158034441415268,3.644697144460997,2.467377500135635,4.207142953751636,0.2528528608886301,-0.9744225907364068,-0.999878987544532,-0.0005866536966315,0.1469671283417357,46.59535143073503,45.131813326335774,48.171946839870586,0.6756629676122488,6559.047,1.739765453616001,3.040133513534812,0.0004635023218365,3.097257891295268
B0039,23,01167.csv,1.7648743629092642,1.7715725869786123,99.62190518646646,0,44,0.1037226007504304,0.1158034441415268,3.643834980413121,2.457416820096295,4.207099547920701,0.253686291990705,-0.974188913140975,-0.9998571461225196,-0.0006151380058416,0.1473014307266775,46.59281927437506,45.13197762708079,48.20204512091098,0.6761078749014152,6553.781,1.749682727824406,3.0700674938301877,0.0004684421853324,3.095159897446416
B0039,24,01169.csv,1.763838685943225,1.7715725869786123,99.56344430410398,0,44,0.1037226007504304,0.1158034441415268,3.645521171370088,2.470228395185217,4.2078293027865055,0.2507823798865531,-0.975611434926553,-1.0000003263864057,0.0003303976924341,0.1426326660855841,46.595538716376765,45.11313471306944,48.20808548312476,0.6826353547641303,6540.187,1.7376009076012884,3.09495077005532,0.0004732205317761,3.110050078710328
B0039,25,01173.csv,1.7657225752056789,1.7715725869786123,99.66978424615893,0,44,0.1021636716592339,0.1157783767436508,3.644286750227157,2.47756542534469,4.20415549392574,0.2497129824006195,-0.9755764719558602,-1.0004178749173285,0.0011008007880939,0.1430343569915282,46.61592285314661,45.12955206478469,48.216947901934525,0.6819187815065031,6535.922,1.7265348136748249,3.0873958371498347,0.0004723734214009,3.112514131265084
B0039,26,01175.csv,1.7645632809383045,1.7715725869786123,99.60434553504452,0,44,0.1021636716592339,0.1157783767436508,3.6438395995465793,2.480137502417058,4.2074857099225,0.2515759584624443,-0.9738254896234412,-0.999529179518921,0.0003694782278517,0.1484239788399605,46.61306744285817,45.16875516476576,48.23861432117145,0.6780400723165096,6544.078,1.7273482075054414,3.069859156405684,0.0004691049153762,3.1006611399390214
B0039,27,01177.csv,1.7608991948479125,1.7715725869786123,99.39751878025484,0,44,0.1021636716592339,0.1157783767436508,3.6432430775983096,2.4411463439008707,4.207192516257174,0.2533910534261016,-0.9753455155568392,-1.0024734646700488,-3.1553697800508864e-05,0.143554242581758,46.60739102749507,45.18295040299445,48.2409468668017,0.6770392994705275,6531.187,1.7660186464616603,3.0579964638072497,0.0004682145012548,3.0988630153724706
B0039,28,01179.csv,1.7598362095817717,1.7715725869786123,99.33751642562628,0,44,0.1021636716592339,0.1157783767436508,3.6429596917730014,2.4393843779206725,4.207616345532635,0.2534190957072739,-0.9751784320040704,-1.0005732751031589,0.0022691672645365,0.1439168594897151,46.59731896053421,45.108504377146026,48.28638353591076,0.6885682159872939,6528.562,1.7682319676119629,3.177879158764732,0.0004867655631921,3.100256412542319
B0039,29,01181.csv,1.7590955400143164,1.7715725869786123,99.29570783291612,0,44,0.1021636716592339,0.1157783767436508,3.6431420009845095,2.49689484054888,4.207147287931799,0.2501744338107458,-0.973600435800719,-1.0008157279135228,-7.198941599677714e-05,0.1495952562571246,46.60563234024716,45.16546978995064,48.23633627651948,0.683570452884569,6525.187,1.7101716312467483,3.070866486568839,0.000470617391742,3.1035981380466007
B0039,30,01185.csv,1.7560495443976525,1.7715725869786123,99.12377044581424,0,44,0.1047400112572983,0.1174857532001665,3.6420393576004138,2.465533668800099,4.204165409407158,0.2506633369879674,-0.974958053723422,-1.000236431675222,0.0033658045043937,0.144658944433307,46.62474216211915,45.13479828788775,48.2681944116944,0.6835779053375629,6515.938,1.7386317406070586,3.133396123806655,0.0004808818199017,3.103700259647481
B0039,31,01187.csv,1.7571677199949287,1.7715725869786123,99.18688813037852,0,44,0.1047400112572983,0.1174857532001665,3.640582218662237,2.487866062972102,4.206316214831835,0.2524392393921728,-0.9716546701373576,-1.0006688784958595,0.0022141183427778,0.1552036772728277,46.6386326424737,45.10814217138539,48.25892855404056,0.6912106643286613,6532.015,1.718450151859733,3.15078638265517,0.0004823605553041,3.093588649954566
B0039,32,01189.csv,1.7558911269459976,1.7715725869786123,99.1148282521486,0,44,0.1047400112572983,0.1174857532001665,3.640101281169697,2.480376897645346,4.20729233602744,0.2532973125446844,-0.9715222945577332,-1.000189600537282,0.0013320318981198,0.1555336043324956,46.62408082494751,45.20463502495329,48.27406092264485,0.68049946289654,6527.922,1.726759843082916,3.069425897691559,0.0004701995363442,3.0924609827932623
B0039,33,01191.csv,1.7533419072229914,1.7715725869786123,98.97093238574476,0,44,0.1047400112572983,0.1174857532001665,3.6389138404319183,2.423512955443349,4.207400407989978,0.2567840360120313,-0.9730192985244436,-1.002543132516972,0.0012971817137517,0.1509093284002471,46.6573959514452,45.1700879241391,48.37743085469793,0.6970125232010937,6519.328,1.7838874525466286,3.2073429305588306,0.0004919744689266,3.0790933270971115
B0039,34,01193.csv,1.7506673845335168,1.7715725869786123,98.81996353980904,0,44,0.1047400112572983,0.1174857532001665,3.63909638863756,2.4421166575524973,4.207172779835573,0.2549572277611863,-0.9728763615065116,-1.0002377370623996,0.0007773495445484,0.1512413007713083,46.69850634609825,45.24998047297183,48.34229218799801,0.6873300520857825,6510.063,1.7647877219796575,3.0923117150261845,0.0004750048832132,3.086264188072756
B0039,35,01197.csv,1.7510006664162403,1.7715725869786123,98.83877631017891,0,44,0.1038891605166846,0.1159864988348776,3.639310178523211,2.48916723023537,4.203796739473216,0.2504503385255945,-0.972717486490948,-1.000266726704825,-0.0011187376859917,0.1514797356452232,46.70366699259687,45.20331722543048,48.35205523072366,0.6916863412207077,6501.718,1.7146295092378456,3.1487380052931755,0.0004842932291577,3.100303975732191
B0039,36,01199.csv,1.7496058853847871,1.7715725869786123,98.76004507208542,0,44,0.1038891605166846,0.1159864988348776,3.63829664652786,2.486277943958813,4.207405098710311,0.2528751408505309,-0.9708770463110532,-1.0005563283787111,-0.0009319974467701,0.1568823843929533,46.69858207228199,45.18954217479895,48.36227474052515,0.694420814833893,6509.047,1.7211271547514977,3.1727325657262,0.0004874342689069,3.0919108815806644
B0039,37,01201.csv,1.7477359172183355,1.7715725869786123,98.654490934468,0,44,0.1038891605166846,0.1159864988348776,3.6368192187368806,2.4621592876012923,4.206949746343375,0.2550308125969398,-0.9707953984260252,-1.0033647356784487,0.0010895719436704,0.1574520729083205,46.68478011498361,45.19191150961026,48.39407566049798,0.6965108721722237,6502.438,1.744790458742083,3.202164150887725,0.0004924559297432,3.0797726847600497
B0039,38,01203.csv,1.7444225468099093,1.7715725869786123,98.4674610361291,0,44,0.1038891605166846,0.1159864988348776,3.634846725471178,2.419307605326947,4.20717367641765,0.2586975689756346,-0.9707512160925148,-1.001627835766793,0.0013117121933103,0.1576221444691259,46.69163118215516,45.220409788288535,48.40712816602448,0.7061114845117519,6502.047,1.7878660710907028,3.186718377735943,0.0004901100188503,3.0680021027764712
B0039,39,01205.csv,1.743308366083936,1.7715725869786123,98.40456885016036,0,44,0.1038891605166846,0.1159864988348776,3.635905813888798,2.498091152649448,4.206902271296153,0.2534489347117167,-0.9689523533406328,-1.0019022091888887,-0.0003821110311148,0.163115454840155,46.75241395535343,45.36177950492806,48.476824345274245,0.6864351956901089,6498.86,1.7088111186467052,3.1150448403461866,0.0004793217334034,3.0841900723904225
B0039,40,01209.csv,1.6556691733888471,1.7715725869786123,93.45759725332866,0,44,0.1036796428951875,0.1158299310131187,3.4708414429615604,2.4729033909981424,4.196674813894532,0.2398363013507315,-1.897442497029331,-1.99287097541368,7.902741237672961e-05,0.4181588486932752,49.300859599002976,45.15281912576537,52.90221489344579,1.7977947373295555,3162.047,1.7237714228963896,7.749395767680419,0.0024507528723261,2.998737467228875
B0039,41,01213.csv,1.64297669457593,1.7715725869786123,92.741144599556,0,44,0.1026017419107234,0.1152245944059326,3.4717307267626065,2.482404434239833,4.204257320385259,0.2395890082799193,-1.8762389619942328,-1.9925221850874488,0.0003057882594655,0.4613744686586946,49.34643167372232,45.17576479400661,53.04880173105535,1.8077672244129457,3173.141,1.721852886145426,7.873036937048738,0.0024811494153738,3.024075256802191
B0039,42,01215.csv,1.6343822729361266,1.7715725869786123,92.25601507661273,0,44,0.1026017419107234,0.1152245944059326,3.470065952813119,2.4529055944220666,4.206474730273981,0.242287546642914,-1.8688554169399536,-1.9931619036045067,0.0027498022915199,0.475389991004773,49.35236153077406,45.20062768854706,53.017440171542674,1.8077020078145736,3169.844,1.7535691358519143,7.816812482995616,0.0024659928005906,3.0252614696714444
B0039,43,01217.csv,1.62650670621656,1.7715725869786123,91.81146277446864,0,44,0.1026017419107234,0.1152245944059326,3.468937839466871,2.442965370421763,4.206865048530781,0.2430497244338119,-1.867958006398749,-1.993232599772215,-0.0012061721648373,0.476773749358181,49.34646841409122,45.16518433014672,53.07430485716129,1.8241572720834551,3156.563,1.7638996781090177,7.909120527014565,0.0025056114916808,3.0266040580194167
B0039,44,01219.csv,1.618865991735961,1.7715725869786123,91.38016718224964,0,44,0.1026017419107234,0.1152245944059326,3.468115577491925,2.450251182214539,4.206889463177472,0.2422693326645297,-1.8602935835155208,-1.9927135137255616,0.0011741617808049,0.490638102899344,49.35565140520816,45.16598961095791,53.15177003577248,1.8243095448965208,3155.047,1.7565194944353006,7.985780424814571,0.0025311129833611,3.0416842267470394
B0039,45,01221.csv,1.6114968339209264,1.7715725869786123,90.96420015559778,0,44,0.1026017419107234,0.1152245944059326,3.467077155738093,2.447037438010891,4.206575007421019,0.2426529858605301,-1.8593916153072556,-1.993347127383864,0.0001810123644782,0.4923758597064833,49.36828427378848,45.25749466770681,53.01718592680281,1.8133550141233783,3142.312,1.7595375694101285,7.759691259096002,0.0024694210056467,3.0441521975637
B0039,46,01225.csv,1.3240805773461226,1.7715725869786123,74.74040787706701,0,44,0.104595721931662,0.1170178272898286,3.2199500199575746,2.4740907394153795,4.189178895374635,0.2980833441333733,-3.2987153931778748,-3.979768153681504,0.0017821461933156,1.5005971818862889,55.97390404609549,45.18802524583172,63.94078057196598,5.260669144917665,1485.047,1.7150407100065448,18.752755326134263,0.0126277183995754,3.657440347827236
B0039,47,01229.csv,1.3153386221697692,1.7715725869786123,74.24695052507317,0,44,0.1065281068779178,0.1181904738199603,3.22661988786129,2.442276380666166,4.204083091786472,0.301571122910671,-3.2988222829259044,-3.979638522408062,-0.0002871382535949,1.5006289213281414,55.95647115817562,45.21433150575771,64.14381595669508,5.280287325147396,1489.313,1.7618067111203066,18.92948445093737,0.0127102123267153,3.6584003216354906
B0040,1,01231.csv,0.6734628137095633,1.7341296392350067,38.83578242781517,0,24,,,3.2570770872838057,2.689034363728547,4.068028641979544,0.4174030288200671,-2.496194310605518,-3.998404971746896,0.0036077535780029,1.9414341435047784,34.520854008155766,24.62082872256712,40.67740211970284,4.226515260442278,982.938,1.378994278250997,16.056573397135722,0.0163352860476812,3.788680147738738
B0040,2,01235.csv,0.7913062105760345,1.7341296392350067,45.63131802101664,0,24,0.1219059975893953,0.1476116036789185,3.435168668765134,2.69442244998024,4.181329419378459,0.411497706074207,-1.9461397110184735,-3.996235657636858,0.0024089033291458,2.001007633148104,34.02922924081149,25.99419899782565,41.121867004450536,4.10560840043901,1489.953,1.4869069693982189,15.127668006624887,0.0101531175860076,3.8328385985267737
B0040,3,01237.csv,0.7865824034601745,1.7341296392350067,45.35891583095063,0,24,0.1219059975893953,0.1476116036789185,3.430975803350849,2.6769978869674524,4.182169713231169,0.4171314423116886,-1.9452201291903763,-3.995936989432765,0.0048604022792831,2.0011227285863704,34.01209072363896,24.88728837893684,41.63283156392668,4.712198887404475,1479.703,1.5051718262637168,16.74554318498984,0.0113168272180226,3.834418808748954
B0040,4,01239.csv,0.7795871426061582,1.7341296392350067,44.9555284084796,0,24,0.1219059975893953,0.1476116036789185,3.4348636528845424,2.675172001926867,4.1821186375364,0.4156645549365765,-1.944743573667828,-3.9961379781309794,0.0027428245834986,2.001182953810652,33.978388906178346,25.42046748387045,41.715752737182754,4.54247412520363,1468.172,1.50686490102879,16.295285253312304,0.0110990301227051,3.8356763944897674
B0040,5,01241.csv,0.7628241523125163,1.7341296392350067,43.98887690132718,0,24,0.1219059975893953,0.1476116036789185,3.445308801417867,2.69268420954805,4.181769825430115,0.4139545108172866,-1.9174672773069692,-3.99493304951291,0.0035880866169174,2.0002165680843107,33.83721613724266,25.576799073105835,41.61695629052659,4.355511721224683,1457.0,1.4888626748364937,16.040157217420752,0.011009030348264,3.839538772981983
B0040,6,01243.csv,0.7405021514606399,1.7341296392350067,42.70166051641357,0,24,0.1219059975893953,0.1476116036789185,3.458759767508341,2.695919341909784,4.181957861733809,0.4110410457058839,-1.88809363687247,-3.9985251055256814,0.0033590979024455,1.9990818516253293,33.67935609685469,25.76953787956401,40.41568117134027,4.040328596776783,1437.047,1.4858810110178684,14.64614329177626,0.0101918331771864,3.8453471221016335
B0040,7,01247.csv,0.7783970881100656,1.7341296392350067,44.88690294535576,0,24,0.1173595250393376,0.141946277814117,3.344897364124835,2.6973035934049494,4.177687640263026,0.4011230446747892,-2.416067705479376,-3.995894881418469,0.0038215675734787,1.9593364073953232,34.856675647434145,25.41159586254524,41.6427020562054,4.264579581501938,1170.531,1.4803517632513716,16.231106193660164,0.0138664471027765,3.826606771842469
B0040,8,01251.csv,0.7733165409025605,1.7341296392350067,44.59392904694836,0,24,0.116436023638212,0.1430713061031339,3.435394313904374,2.680482862570943,4.181217465945281,0.4126017213316854,-1.9695300241186464,-3.9948545437295775,0.0025829022233452,2.001967317429247,33.93437846177736,25.317526212535544,41.666127528934624,4.465256054649067,1436.141,1.5006156190370836,16.34860131639908,0.0113837020991665,3.8368681145886634
B0040,9,01253.csv,0.7589575236409498,1.7341296392350067,43.7659046053648,0,24,0.116436023638212,0.1430713061031339,3.440732886251633,2.686758150797836,4.182275640250018,0.4132604456693385,-1.9553056005388323,-3.99613146519462,0.0023557305933629,2.001781856796465,33.87341008861747,25.42650888158869,41.55823578501682,4.376617166016614,1420.172,1.495517489452182,16.131726903428127,0.0113589951804627,3.840495943105409
B0040,10,01255.csv,0.7407399462256391,1.7341296392350067,42.715373145482296,0,24,0.116436023638212,0.1430713061031339,3.4424940628831777,2.674688015022009,4.181827468882669,0.4195143414586435,-1.940116864690524,-3.996235079267833,0.0039967216695236,2.0015929624099758,33.801632457231946,25.416232096852188,41.25451200429936,4.529835777679506,1397.0,1.5071394538606595,15.83827990744717,0.011337351401179,3.845133812187637
B0040,11,01257.csv,0.7446218752617147,1.7341296392350067,42.939227749443056,0,24,0.116436023638212,0.1430713061031339,3.444187585576417,2.686289969564933,4.181567286734688,0.4127732128450246,-1.954173143017623,-3.995317141166538,0.0043031154407747,2.0020886221868968,33.841214598826475,25.68729592812578,40.05463707446548,4.086207548661335,1393.25,1.4952773171697546,14.3673411463397,0.0103121056137374,3.843108464637536
B0040,12,01259.csv,0.7149875629820736,1.7341296392350067,41.23034096213723,0,24,0.116436023638212,0.1430713061031339,3.458256040593686,2.6945279873006065,4.181983804533861,0.4185196311756819,-1.8954416195145705,-3.995361067358871,0.0025259929997769,1.9998560338310143,33.68915739169769,26.07991442635004,40.76452850374992,4.15796588488351,1380.938,1.487159080270528,14.684614077399882,0.0106337967942079,3.851884563243989
B0040,13,01263.csv,1.7075144448533202,1.7341296392350067,98.46521310866773,0,44,0.116667291895821,0.1408031763916089,3.624872673514505,2.682915069119874,4.175387518911088,0.2354928412276352,-0.9641877110703866,-1.0054061310164104,-0.0006022647688212,0.1821481241259904,44.27504698193625,30.40793876001898,47.45925542600303,3.3956686136125067,6375.828,1.4922420094007198,17.051316665984054,0.0026743689864256,3.09717478322953
B0040,14,01267.csv,1.730880859428193,1.7341296392350067,99.8126564627402,0,44,0.1243501349471261,0.1344066738421317,3.6219123150772736,2.689363384223108,4.183371957728605,0.2499633162923799,-0.9482972559679383,-1.0045560878148372,0.0014828910539338,0.2183755370665877,46.49678002084372,45.24547633823752,47.733284854985534,0.567326751084338,6574.671,1.4939895727291832,2.487808516748011,0.0003783928529272,3.0490439652706103
B0040,15,01269.csv,1.7328212845233328,1.7341296392350067,99.9245526584592,0,44,0.1243501349471261,0.1344066738421317,3.621615017492515,2.663011590614207,4.185403574589526,0.2523876558111147,-0.949781513793672,-1.0039916444953547,0.0026229121250043,0.215810292336031,46.4678468881245,45.20853223341701,47.68533526444168,0.5667522604610077,6571.156000000003,1.5223919839753193,2.476803031024673,0.0003769204430734,3.0432577600268584
B0040,16,01271.csv,1.7317734323431513,1.7341296392350067,99.86412740786238,0,44,0.1243501349471261,0.1344066738421317,3.622864388629409,2.6936866986118786,4.185139783184118,0.2488331391182517,-0.9494868615948264,-1.0035412359730254,0.0018042054143051,0.2163287813128492,46.45190241544343,45.19187664376986,47.67231335727975,0.5660521405577136,6569.11,1.4914530845722394,2.4804367135098886,0.0003775909847011,3.0533759703576813
B0040,17,01273.csv,1.7341296392350067,1.7341296392350067,100.0,0,44,0.1243501349471261,0.1344066738421317,3.62204941999102,2.644136217828117,4.185518450705473,0.2524948894066732,-0.9521447667439508,-1.0033495846328242,0.0008606575749141,0.2103712797266773,46.440231939332925,45.15940070800291,47.70025798751115,0.5750090166472519,6558.75,1.5412897479391532,2.540857279508238,0.0003873996233288,3.043819870522036
B0040,18,01275.csv,1.7334756929990074,1.7341296392350067,99.96228965694354,0,44,0.1243501349471261,0.1344066738421317,3.622162963654601,2.674388924129352,4.185427919430507,0.2505161032055828,-0.9505422244648803,-1.0030055331887324,0.0007631387427286,0.214252960160443,46.46522207706391,45.19743736166483,47.70250785089967,0.5724849250287846,6567.516,1.511038995301155,2.505070489234839,0.0003814334809743,3.0510173645167957
B0040,19,01279.csv,1.7243057179457877,1.7341296392350067,99.43349556648182,0,44,0.1233564920742878,0.1331525400570718,3.629361907913309,2.6812131139529,4.176190564871368,0.2369468173261255,-0.9652916551188272,-1.0027747249074537,-0.0001414437506866,0.1797450328701664,46.49072067213048,45.18169844616087,47.77567590438216,0.5915331580594808,6430.172,1.4949774509184683,2.593977458221289,0.0004034071651926,3.105648442192527
B0040,20,01283.csv,1.7318975861687205,1.7341296392350067,99.8712868394735,0,44,0.1225040186823496,0.1331619275624537,3.6234871903936696,2.6999262584848243,4.182711714289401,0.2463755178565571,-0.9515172757333832,-1.0034382664884212,0.003000111482582,0.2120972400339242,46.47888431603475,45.20988132812326,47.68448077336878,0.5618081810851908,6554.327999999994,1.482785455804577,2.474599445245524,0.0003775519695147,3.0638483590265304
B0040,21,01285.csv,1.7333691208377455,1.7341296392350067,99.95614408634428,0,44,0.1225040186823496,0.1331619275624537,3.622293288379937,2.67095044814488,4.185107481198763,0.2500341100613356,-0.9513915692974558,-1.00341328437475,0.0040058894381698,0.2123784518146217,46.45480276183313,45.19343516358526,47.66868390973605,0.5593434974582607,6560.922,1.5141491398214075,2.475248746150797,0.0003772714789401,3.052576993037829
B0040,22,01287.csv,1.732175650153278,1.7341296392350067,99.88732162593156,0,44,0.1225040186823496,0.1331619275624537,3.622128684193048,2.677767553221005,4.185322736341408,0.2494818834270245,-0.9510427335186784,-1.004224655039593,0.0018124880766567,0.2127411382952885,46.423098338329766,45.15545804699397,47.63553822379171,0.5617973185609042,6559.047,1.5075551831204028,2.480080176797742,0.0003781159331222,3.0508856997764973
B0040,23,01289.csv,1.7334832776102866,1.7341296392350067,99.96272702973896,0,44,0.1225040186823496,0.1331619275624537,3.621278400117821,2.6464594317551624,4.185286474015191,0.251897851221156,-0.9524743606309494,-1.0021217239246465,0.0007810721939,0.2098878332626105,46.417883981463206,45.14764232961771,47.64097688926351,0.5649156033343834,6553.781,1.5385726766010466,2.4933345596458025,0.000380442153872,3.0444191595718024
B0040,24,01291.csv,1.732372495746513,1.7341296392350067,99.89867288761243,0,44,0.1225040186823496,0.1331619275624537,3.622221485198725,2.654408689336339,4.185544800435261,0.2499624921562824,-0.95386146065853,-1.0037473971660458,0.0015347884549426,0.2071033348755007,46.41962937983975,45.14860423174442,47.67660695857828,0.5690151762479443,6540.187,1.5311361110989226,2.5280027268338614,0.0003865337071912,3.0545580375853043
B0040,25,01295.csv,1.7338175297202416,1.7341296392350067,99.98200195027502,0,44,0.1222009388184009,0.1326713927654389,3.621600293236707,2.6386466599890395,4.182805883908282,0.2501906623881699,-0.9551274962002,-1.0028648893332504,-0.000704159031792,0.2039962896191117,46.437216774742105,45.16610812882766,47.670062907549664,0.5671351835142514,6535.922,1.5441556752023111,2.5039547787220044,0.0003831065882857,3.0553161847780266
B0040,26,01297.csv,1.7329630786357868,1.7341296392350067,99.93272933160092,0,44,0.1222009388184009,0.1326713927654389,3.621303558836112,2.650918288963567,4.184959782592119,0.2504525519995962,-0.9535557918067024,-1.0029366943014713,0.0021767645170841,0.2079092760861896,46.44051551612336,45.177374606616574,47.67504818462313,0.5663325325456687,6544.078,1.5339930926116208,2.4976735780065558,0.0003816692860333,3.049323817056799
B0040,27,01299.csv,1.731883908457334,1.7341296392350067,99.87049810309088,0,44,0.1222009388184009,0.1326713927654389,3.621731433466836,2.6471595195723987,4.184990348881109,0.2498804108794922,-0.9547864424869568,-1.0055702938792732,0.001907260217935,0.20490953461565,46.4382460934528,45.18566175572965,47.66226480407664,0.5620541080205174,6531.187,1.5376216886139673,2.4766030483469947,0.0003791964689339,3.054553129253215
B0040,28,01301.csv,1.7306960059812662,1.7341296392350067,99.80199673795696,0,44,0.1222009388184009,0.1326713927654389,3.6224802575418096,2.669669356026842,4.1849433685502655,0.2476344620705737,-0.9544935502891164,-1.0035201801507372,0.0019278382707148,0.2054986427605927,46.41979996894506,45.14987742963427,47.65776484346084,0.567938605028723,6528.562,1.5152067329655483,2.507887413826566,0.0003841408588639,3.064292695409392
B0040,29,01303.csv,1.7296011601947467,1.7341296392350067,99.73886156272276,0,44,0.1222009388184009,0.1326713927654389,3.622791333634808,2.6833023579431665,4.184970988659253,0.2462773174111009,-0.95437046004151,-1.0023712414422137,0.0022952094998644,0.2058564714135522,46.41925960985013,45.14126548416964,47.65588226485245,0.56743790005636,6525.187,1.5016686307160865,2.5146167806828146,0.0003853708377526,3.065531161893113
B0040,30,01307.csv,1.7296187381064656,1.7341296392350067,99.73987520733854,0,44,0.1219858711115269,0.1333987629956205,3.621903998865623,2.664835318499988,4.182014111969684,0.2466946149091764,-0.9556526843949636,-1.0031895155635666,0.0026929044163282,0.2028046446289728,46.442880190211326,45.210947731053686,47.68924379895171,0.560308450499908,6515.938,1.517178793469696,2.4782960678980217,0.0003803437153481,3.064564109322364
B0040,31,01309.csv,1.7307198617163877,1.7341296392350067,99.80337239837944,0,44,0.1219858711115269,0.1333987629956205,3.6231487093601,2.695190974478952,4.185325352263018,0.2452114591783966,-0.9540072055241992,-1.0022727458635838,0.0033121149468496,0.2066514313627822,46.45501075115101,45.29230424711769,47.68013294716548,0.5492302827641913,6532.015,1.489954973926876,2.387828700047791,0.0003655577490326,3.071670990544888
B0040,32,01311.csv,1.729274556175907,1.7341296392350067,99.72002767559862,0,44,0.1219858711115269,0.1333987629956205,3.620727454558004,2.659441128426158,4.18476201200528,0.2490493585401968,-0.953764383801166,-1.004096237718038,0.0016503654453088,0.2070435293243695,46.42899601057107,45.14346566445202,47.69683888709109,0.5701779440787187,6527.922,1.5253208835791223,2.553373222639067,0.0003911464050334,3.057640244496309
B0040,33,01313.csv,1.7297962212599596,1.7341296392350067,99.75010991813976,0,44,0.1219858711115269,0.1333987629956205,3.620851281939705,2.645724055946119,4.184831315830137,0.2495321369492057,-0.9552956614335978,-1.0023111389899824,0.0006494295255993,0.2037243190143058,46.4460831551733,45.16684104417798,47.68346890250753,0.5707422506001141,6519.328,1.539015591487528,2.5166278583295494,0.0003860256545351,3.05359710854272
B0040,34,01315.csv,1.7268942069037494,1.7341296392350067,99.58276289341038,0,44,0.1219858711115269,0.1333987629956205,3.6223530356435982,2.686333486141192,4.184646274630554,0.2453078588259233,-0.9549687460528704,-1.0020932273329095,0.0028312707466933,0.2041899260599097,46.477279245422224,45.19247918799889,47.72656082449746,0.5668146384092118,6510.063,1.4983127884893617,2.53408163649857,0.0003892560850023,3.070560454715824
B0040,35,01319.csv,1.7272191689306016,1.7341296392350067,99.60150209372732,0,44,0.1212139471823516,0.1336918157710993,3.621799074855713,2.67226557137279,4.182435522794885,0.2452226422016951,-0.9564508369268612,-1.0026245473984143,0.0021612198677544,0.2009179413860572,46.50566493668475,45.23103470317428,47.7336433887077,0.5698788163021092,6501.718,1.5101699514220948,2.502608685533417,0.0003849149848599,3.0717647790831166
B0040,36,01321.csv,1.7285674981160106,1.7341296392350067,99.6792545958992,0,44,0.1212139471823516,0.1336918157710993,3.620827200366945,2.6426430588133014,4.184925895802646,0.2489199474838852,-0.9560639609053612,-1.0031176329618126,0.0025490018406792,0.2013419962941831,46.489529302216496,45.21392325686796,47.73354479118836,0.5723455227997913,6509.047,1.5422589469590733,2.5196215343204003,0.0003870953050915,3.060866624722715
B0040,37,01323.csv,1.726636381605547,1.7341296392350067,99.5678951873076,0,44,0.1212139471823516,0.1336918157710993,3.6206286090197306,2.6490836320353925,4.184718733685154,0.248306675591971,-0.9559267781293634,-1.007180550602924,0.0001232110301356,0.2018016603002576,46.47422502580763,45.17367040602925,47.74132595782936,0.5720232891873333,6502.438,1.5353153030245426,2.567655551800108,0.0003948758222377,3.0587249606428166
B0040,38,01325.csv,1.7262424141835069,1.7341296392350067,99.54517673459642,0,44,0.1212139471823516,0.1336918157710993,3.620461858040284,2.65252579490315,4.184688819147048,0.2480270467549785,-0.955732355842102,-1.0057632619161987,0.0002453278658436,0.2022734512239518,46.467598009037445,45.19280387716116,47.73740327080965,0.5770203623882795,6502.047,1.53191837838283,2.5445993936484896,0.0003913535835173,3.0605679383426625
B0040,39,01327.csv,1.72527259276029,1.7341296392350067,99.48925119124176,0,44,0.1212139471823516,0.1336918157710993,3.620785095741869,2.6675427612038987,4.184286661063821,0.2465533739833756,-0.9557348422192878,-1.0036710316885369,0.0040074697295788,0.2026408153543402,46.50711933936233,45.20413606865606,47.780084445812335,0.574034431118982,6498.86,1.5165405548766082,2.575948377156273,0.0003963692674032,3.067080300116173
B0040,40,01331.csv,1.666802687745505,1.7341296392350067,96.117536430598,0,44,0.1226026050513524,0.133347275961549,3.4599911073457075,2.6781395492001447,4.176406009176324,0.2163886767584247,-1.8959184882594955,-1.9993456181076448,0.00144630049205,0.4345173202698544,48.82111604731087,45.1751358194724,51.74025766413764,1.4573170363540953,3162.047,1.4982145528764876,6.565121844665235,0.0020762252568242,3.070907230808307
B0040,41,01335.csv,1.666754853762041,1.7341296392350067,96.1147780449282,0,44,0.1232360911234898,0.1340413122109681,3.459413541721385,2.637555628457468,4.182388453906596,0.220618527580399,-1.888918960223662,-1.999341108890042,0.0008960653767449,0.4488464143753836,48.86273917281783,45.18740322087872,51.80596353207629,1.4670126664314254,3173.141,1.5447465369524442,6.6185603111975695,0.0020858071895316,3.0656379329197625
B0040,42,01337.csv,1.6583274448761054,1.7341296392350067,95.62880463813876,0,44,0.1232360911234898,0.1340413122109681,3.4606411813742883,2.654677503869026,4.184674961031428,0.2189379251690863,-1.8816448898300144,-1.9995292630247647,0.0017468007386395,0.4635071510734496,48.859668212563015,45.212555741247925,51.79140734732303,1.4574296659114891,3169.844,1.529997457162402,6.578851606075105,0.0020754496454952,3.085578410747829
B0040,43,01339.csv,1.65032263550715,1.7341296392350067,95.16720077716757,0,44,0.1232360911234898,0.1340413122109681,3.4619795504624093,2.6785586854358763,4.184986819959415,0.2164345985172787,-1.8804793058771856,-2.000878662224101,0.0008982892019353,0.4652845575129536,48.84759659003841,45.18333405509115,51.7543308845732,1.456832098241007,3156.563,1.5061960121666886,6.570996829482048,0.0020816935475332,3.101899944679371
B0040,44,01341.csv,1.6493406341242296,1.7341296392350067,95.1105728665026,0,44,0.1232360911234898,0.1340413122109681,3.4582381856512225,2.619691419158041,4.184706989313181,0.2216032586723296,-1.8804459095886616,-2.0047864831033904,0.0001074086444772,0.46580172335579,48.86015453747502,45.16768712846928,51.86320043661648,1.4766289751589716,3155.047,1.5650155701551398,6.695513308147199,0.0021221596090794,3.0795394301605308
B0040,45,01343.csv,1.641919055037739,1.7341296392350067,94.68260145545142,0,44,0.1232360911234898,0.1340413122109681,3.460434749861773,2.6631019561941023,4.184343189730703,0.217371637609195,-1.8794616528353505,-1.999637685107115,0.0004340977551532,0.4675176229074665,48.85593683732135,45.18411272626061,51.81917888349145,1.465970030314875,3142.312,1.521241233536601,6.635066157230845,0.0021115236670422,3.101675751279447
B0040,46,01347.csv,0.425812451177779,1.7341296392350067,24.554822289158366,0,44,0.1236963990271704,0.1341759139695069,3.748297352192433,1.7489828090032309,4.168100705327105,0.3708235745974152,-1.045884107237702,-3.995168139661149,0.005174105008398,1.7565091637720889,49.04132294442338,45.19772145178193,53.95646661253941,2.558821855996524,1485.047,2.418913501566587,8.758745160757478,0.0058979582200142,3.957654904664798
B0040,47,01351.csv,0.5569902643736575,1.7341296392350067,32.11929787552492,0,44,0.1385168925070375,0.1498897237364264,3.653849277043623,2.535468112391112,4.1824060069381375,0.3648201736216184,-1.3616845329264926,-3.995770620186177,0.0035436985419924,1.900244880452376,50.17313973556242,45.22140256063253,55.67880428959517,3.062010481863312,1489.313,1.6469378945470257,10.457401728962644,0.0070216279109647,3.908890175617602
B0041,1,02996.csv,0.055620243768194,1.2156494086360898,,42,4,,,4.033096790443365,1.948761932682621,4.18729715087111,0.3584459999052864,-0.253835020646125,-4.027231208258329,0.0002012811557791,0.9733351471443814,7.85677103517608,4.842367203458604,9.925006929139911,1.1446200199183791,1063.609,2.237930564639629,5.082639725681307,0.0047786731079572,4.139392551135765
B0041,2,02999.csv,0.0556974726122768,1.2156494086360898,,41,4,0.0535433453908043,0.1859019069554843,4.014033100816979,1.9012002130732608,4.1926577100385645,0.4008441781790745,-0.293046177761019,-4.027860931751215,0.0011455718787924,1.0367794285956162,7.793067309492064,6.524300362048362,10.752582877071836,0.979274741499734,1067.641,2.290879914841354,4.228282515023474,0.0039603972824418,4.13797678935605
B0041,3,03001.csv,0.0558390162918539,1.2156494086360898,,40,4,0.0535433453908043,0.1859019069554843,4.039068503173861,1.964899016000036,4.191826198838155,0.3510497336875643,-0.2593091510630078,-4.026399571595533,0.0008631061264894,0.983876230073698,7.471857159027487,5.378557794316599,10.859754872978824,1.8179687703943608,1048.687,2.226448708375907,5.481197078662225,0.0052267235873642,4.143404438369532
B0041,4,03003.csv,0.056148059974053,1.2156494086360898,,39,4,0.0535433453908043,0.1859019069554843,4.035518711643437,1.9253389098858813,4.192086560129419,0.3627389156805396,-0.2611726955181682,-4.027903394302233,0.0006408213159168,0.9862463524015176,7.842738041749754,5.284928149273979,10.755318068306904,1.7752963630866625,1039.984,2.266458396473819,5.470389919032925,0.0052600712309352,4.143487547315304
B0041,5,03005.csv,0.056470531599139,1.2156494086360898,,38,4,0.0535433453908043,0.1859019069554843,3.980423400468267,1.9131372213178368,4.192301938512631,0.4405295434371125,-0.392884133732256,-4.02702139786563,0.0004683718159503,1.1921778724494525,8.729861757639965,5.632949665472469,10.897588103290213,1.5698886960854266,687.328,2.27838993828828,5.264638437817744,0.0076595721952513,4.13830613123664
B0041,6,03007.csv,0.0440922918408019,1.2156494086360898,,37,4,0.0535433453908043,0.1859019069554843,4.032988865305357,1.8627826858792496,4.193625714514964,0.3782336114368037,-0.2603556231508528,-4.027019202895542,-1.6399831212031727e-05,0.9819813644766896,7.667746337954232,4.480546934340523,9.341307040097297,0.973149111421449,1047.531,2.330291908841481,4.860760105756774,0.0046402064528465,4.144217215256084
B0041,7,03011.csv,0.0567719130814178,1.2156494086360898,,36,4,0.0517508325288131,0.1855171357206836,4.033685949693059,1.91439695870045,4.19119960945764,0.364472292035185,-0.2642055168350503,-4.027353321308967,0.0010205586141612,0.9911039635795772,7.759174908472119,6.628503187975908,10.393349980789248,0.8913170999968157,1038.375,2.276533424133511,3.76484679281334,0.0036257101652229,4.141768943519896
B0041,8,03013.csv,0.0569383765007572,1.2156494086360898,,35,4,0.0517508325288131,0.1855171357206836,4.032799639644717,1.8935647470508337,4.192541976485373,0.3712485974323127,-0.2665742084454271,-4.026893291710312,0.0005444339932608,0.9947853431110568,7.595487830652279,6.780818064654517,10.096648262126736,0.7481418758349976,1030.703,2.2988094880022776,3.315830197472219,0.0032170568994872,4.142924236881026
B0041,9,03015.csv,0.0444014841131225,1.2156494086360898,,34,4,0.0517508325288131,0.1855171357206836,4.024475259565998,1.839446966520227,4.191749338859155,0.3954586058738099,-0.2703077571001647,-4.027233078412571,0.0028492775870844,0.9968575857612092,8.243992753511499,5.017898041246065,10.90616342735489,1.7169411894290063,1010.765,2.3518802336109443,5.888265386108825,0.0058255533047828,4.14251240253398
B0041,10,03017.csv,0.0446343581849161,1.2156494086360898,,33,4,0.0517508325288131,0.1855171357206836,4.057419271798581,1.976983963738619,4.192711269669948,0.3233570343730141,-0.2259631180369299,-4.028689923407233,0.000259086401956,0.9230537987531588,7.468945958924572,4.372117181946027,8.568134800681483,0.7981856995445109,1025.719,2.2152565330335143,4.196017618735455,0.0040908061747276,4.14882977819909
B0041,11,03019.csv,0.0447987224365748,1.2156494086360898,,32,4,0.0517508325288131,0.1855171357206836,4.0272103363763785,1.873021814547241,4.191685049461782,0.3846491482553597,-0.2720271416604874,-4.025593484182172,0.0008435982225388,1.0032024212301085,7.530653071201209,6.640929858135611,10.723989411834728,1.0141912305337208,1016.859,2.318236998347605,4.083059553699116,0.0040153645232024,4.141424640481783
B0041,12,03023.csv,0.0467089878078547,1.2156494086360898,,31,4,0.0529248018775308,0.1857635384190134,4.050486744587676,1.9477419384591268,4.191473973303783,0.3368181912145552,-0.2360295169857051,-4.026608825793279,0.0003838386790028,0.9404449018196612,7.508014036482144,4.53011005840237,10.069265727154304,1.753748838230677,1021.079,2.2416170243167413,5.539155668751935,0.0054248061792985,4.146987495995407
B0041,13,03025.csv,0.0449537153308952,1.2156494086360898,,30,4,0.0529248018775308,0.1857635384190134,4.02531686574488,1.848331298599493,4.19266348713535,0.3947421466405743,-0.2734892167877026,-4.026925565198509,0.00094608812789,1.003063678269129,7.796460072299546,6.469955100804589,11.678125966059154,1.6067234074249133,1010.562,2.3439969204151434,5.208170865254565,0.005153737094067,4.142436016884298
B0041,14,03027.csv,0.0452193290195426,1.2156494086360898,,29,4,0.0529248018775308,0.1857635384190134,4.052602606442854,1.9596888390790304,4.191170886079178,0.33152469996981,-0.2334393540995562,-4.026220736016629,-0.0004403231099156,0.9362566918056594,7.80345244909983,5.208455754367817,10.184555541046697,1.625229780623279,1003.313,2.231253940422267,4.97609978667888,0.0049596684052522,4.147262878615461
B0041,15,03029.csv,0.0454022241469497,1.2156494086360898,,28,4,0.0529248018775308,0.1857635384190134,4.05448270357176,1.9992324205815248,4.191474565768196,0.3236180063623856,-0.2347491943572315,-4.026600353147187,-0.0005187670496533,0.9402895577351654,7.338169121535551,6.500417351920496,10.778359079693514,1.1149683286566645,1006.187,2.1919935915661743,4.277941727773018,0.0042516368505784,4.14662010837369
B0041,16,03031.csv,0.0456790122497417,1.2156494086360898,,27,4,0.0529248018775308,0.1857635384190134,4.049754413243471,1.925133318860324,4.1914127894156605,0.3403527580191214,-0.2356892654234477,-4.027650788959281,0.002325836798547,0.9385468491301852,7.996082185455724,5.173552618385618,10.339342995308634,1.5997344731264964,996.765,2.2659631887971674,5.165790376923016,0.0051825559454064,4.147157444094617
B0041,17,03035.csv,0.0455208025703398,1.2156494086360898,,26,4,0.0524039212072358,0.1886776649200274,4.05160764529163,1.974005533207924,4.190379159747539,0.3289621724521871,-0.2370876641297569,-4.027227829304676,0.0002686815469777,0.9440563996660996,7.616516148546487,6.627252524001135,11.13650452054683,1.2858155634497412,999.422,2.2159563174410293,4.509251996545694,0.0045118598515398,4.145361613046504
B0041,18,03037.csv,0.0457285414602425,1.2156494086360898,,25,4,0.0524039212072358,0.1886776649200274,4.046009584492232,1.8695092344510635,4.192073381143846,0.3546350816401735,-0.2374757467874819,-4.026713712659612,0.0143489351664054,0.9400762880699364,8.20486682580586,5.166274495344972,9.695569312291523,0.8767781051591631,990.234,2.322144266710013,4.529294816946552,0.0045739641508436,4.14699013874863
B0041,19,03039.csv,0.045860512192502,1.2156494086360898,,24,4,0.0524039212072358,0.1886776649200274,3.9895918681265607,1.9264050760509093,4.190489343292772,0.4236591295962886,-0.3840869068940257,-4.026997259040961,-0.0001923528857,1.1819605097215191,8.601584414303469,5.760800794786144,10.5100184115379,1.4801800787351926,608.953,2.263821688649277,4.749217616751755,0.00779898878362,4.139373121536758
B0041,20,03041.csv,0.045983556030275,1.2156494086360898,,23,4,0.0524039212072358,0.1886776649200274,3.985571015537921,1.9303413820598547,4.192034113238024,0.4297378139774306,-0.3994046475100103,-4.027300892979811,0.0003711829170696,1.204080362345496,8.142046999932631,5.657022877466849,10.61900706852965,1.7882205556357462,586.719,2.261318585428652,4.9619841910628,0.0084571731801131,4.140120069995932
B0041,21,03043.csv,0.046128762966734,1.2156494086360898,,22,4,0.0524039212072358,0.1886776649200274,3.980535614492745,1.9192879295943024,4.191331438635326,0.4368978637936371,-0.4070128279296793,-4.026869354986675,1.6889090996621283e-05,1.2133418764051125,8.360837093570488,5.735635064611271,10.81117656025071,1.8010945244492995,575.922,2.272043509041024,5.075541495639438,0.0088128973986745,4.138984308114681
B0041,22,03047.csv,0.0463714545530443,1.2156494086360898,,21,4,0.0528310723280793,0.1957105875037792,4.044423526176633,1.895888999773776,4.183657953138958,0.336441066906201,-0.2270860950631828,-4.026286824191878,0.0009680326886943,0.921312930062098,7.424942900733046,4.9668475032215,8.406830339250588,0.6635157097713527,1050.406,2.2873254637185774,3.4399828360290883,0.0032749078318565,4.138522864801886
B0041,23,03051.csv,0.0464238542531432,1.2156494086360898,,20,4,0.054090268807287,0.2206684330727391,4.046519260018804,1.8503922251966067,4.190189952777753,0.352037076817515,-0.2282762160626119,-4.02722660963012,0.0013162081957901,0.922176693707786,7.901347275082093,4.520533362554202,9.345446470246117,0.8927826286342438,1040.75,2.3392869475182456,4.8249131076919145,0.0046359962600931,4.144907548429093
B0041,24,03053.csv,0.0465794695305646,1.2156494086360898,,19,4,0.054090268807287,0.2206684330727391,4.0486772026987,1.918957726187492,4.19007809729293,0.337189737911259,-0.2361895202725738,-4.0270290979278105,0.0021166145150531,0.9392994013358736,7.528844792233565,6.306729346424207,10.959408995323104,1.364943346636753,1019.125,2.270695414191465,4.652679648898896,0.0045653670049296,4.143945807571836
B0041,25,03055.csv,0.0467260089483965,1.2156494086360898,,18,4,0.054090268807287,0.2206684330727391,3.987337891451254,1.8900554775200376,4.190880582293337,0.4308365239345359,-0.3826962842101839,-4.026309388573787,0.0001997700028285,1.1784521207096552,8.951655882288602,6.304291214523864,10.83821929996881,1.4143691581533129,618.844,2.300397273752823,4.533928085444946,0.0073264475141472,4.1389749620202645
B0041,26,03057.csv,0.0468634724324437,1.2156494086360898,,17,4,0.054090268807287,0.2206684330727391,4.044136561678348,1.8174460639575951,4.191090626108922,0.3611961529611078,-0.23064748794571,-4.028003656373331,0.0014902855726429,0.9259202884268682,8.178079824357086,4.80906454301282,9.713734913231036,0.913612862093212,1039.547,2.373386985428444,4.904670370218216,0.004718084290771,4.144918576672175
B0041,27,03059.csv,0.0471230704848885,1.2156494086360898,,16,4,0.054090268807287,0.2206684330727391,4.04413456868279,1.883975001558308,4.189832720082945,0.34835010130306,-0.2406451155911175,-4.026666130577684,0.0021532698467925,0.9476933066963964,7.858156748807482,7.019446543104292,11.338971542207569,1.2369387407956811,1004.328,2.305617565129785,4.319524999103277,0.0043009106577764,4.142943436224625
B0041,28,03063.csv,0.047089685801538,1.2156494086360898,,15,4,0.0541206217262819,0.1849572210121443,4.043477180478885,1.8734696416805767,4.190041335900519,0.3505887661093141,-0.240245070585182,-4.027056277337461,0.0006415103510002,0.946494861306544,7.290664996377677,5.856900670262023,8.874610339188825,0.5425363132839983,1005.75,2.3161397423747343,3.017709668926802,0.0030004570409413,4.143063330426325
B0041,29,03065.csv,0.0471681699068244,1.2156494086360898,,14,4,0.0541206217262819,0.1849572210121443,4.04227054005478,1.886110144063044,4.189984813034986,0.3514508673812005,-0.2433334741881466,-4.02788379150145,0.0001733157704656,0.9520997270228636,7.329912113720836,6.568666933574381,10.892975819528624,1.048839072005768,995.797,2.3033359401464315,4.324308885954244,0.0043425606684437,4.142328569143552
B0041,30,03067.csv,0.0474166233958466,1.2156494086360898,,13,4,0.0541206217262819,0.1849572210121443,4.040909605277031,1.873963241781132,4.189413584762128,0.3537961072963944,-0.2430111389631227,-4.027336921885771,0.001797849260165,0.9510354101813258,7.554859379508905,6.817369304375435,9.921480417012177,0.6842246965293677,998.921,2.3151411370098067,3.1041111126367413,0.0031074640663643,4.141647779484601
B0041,31,03069.csv,0.0474736581861432,1.2156494086360898,,12,4,0.0541206217262819,0.1849572210121443,4.034959849871617,1.801669648599333,4.1899380782665405,0.3764688538473671,-0.2444397899790282,-4.026557611997337,0.000325755336215,0.951056255873278,7.849809440149771,4.638556646012479,9.340703602759724,0.9530819281026806,989.141,2.38780418797776,4.702146956747245,0.0047537681248146,4.142249717265763
B0041,32,03071.csv,0.047671071688296,1.2156494086360898,,11,4,0.0541206217262819,0.1849572210121443,4.036614663983007,1.8542865324237547,4.189327989081172,0.3631247544151031,-0.2485960738151262,-4.027961352078785,0.0028725804722429,0.9615503835203888,7.70135529903965,6.916642463637622,10.415323507314886,0.7934801047634326,979.203,2.33433793396797,3.498681043677264,0.003572988485204,4.140786768393327
B0041,33,03075.csv,0.0477561486679362,1.2156494086360898,,10,4,0.0523322711634034,0.1960524938191457,4.037642497951333,1.843811769338875,4.189084331721328,0.3630069730822768,-0.2455503892791554,-4.026432454109703,0.000100102856343,0.9554876416644352,7.894047750295666,7.049494752714498,10.395152109274877,0.7384599827917344,994.031,2.344892529105156,3.3456573565603787,0.0033657475034082,4.1410698364908
B0041,34,03077.csv,0.0478336905290522,1.2156494086360898,,9,4,0.0523322711634034,0.1960524938191457,4.034094593369476,1.838701263626609,4.189241659101563,0.3705738162177974,-0.2514955135210832,-4.02660823219147,0.0005511151310886,0.9657068917767828,8.037186019526875,6.804651865112654,11.381000616023892,1.3544406121653458,971.516,2.3498168818503284,4.5763487509112375,0.0047105232964884,4.1404145460353865
B0041,35,03079.csv,0.0479228171589379,1.2156494086360898,,8,4,0.0523322711634034,0.1960524938191457,4.012161986962798,1.839823604952559,4.189006943800672,0.4055251241250688,-0.2999768431282973,-4.028071616576014,0.0023990220709778,1.0496093287190125,7.949369169721323,6.557349570735426,11.200598645773905,1.5541152501100368,810.563,2.348657198189012,4.643249075038479,0.0057284246567367,4.138337093386734
B0041,36,03081.csv,0.0481080249716144,1.2156494086360898,,7,4,0.0523322711634034,0.1960524938191457,3.965018658436183,1.811117308582499,4.189396334961549,0.4756782978905968,-0.4022840734511658,-4.027982365911394,0.0021778507366187,1.2011633823038874,9.047225819573065,6.191976348876232,10.936042652403566,1.419993689679053,599.047,2.3779284646397536,4.744066303527334,0.0079193557492606,4.134374621433072
B0041,37,03083.csv,0.0480878273582587,1.2156494086360898,,6,4,0.0523322711634034,0.1960524938191457,3.3407510468710697,1.750577605139322,4.189766782198294,0.8942375679437307,-1.943108082149396,-4.02709431360029,0.0010647316852306,2.0546880338576017,6.867303793453594,4.533650359311468,9.652988520428655,2.0980095542761994,109.078,2.439063284774941,5.119338161117187,0.0469328201939638,4.022247705990647
B0041,38,03087.csv,0.0484226192632661,1.2156494086360898,,5,4,0.0551537841354749,0.1840077663962839,3.376535267030834,1.7948775590357675,4.189927859515596,0.8571632531286119,-1.962068668738532,-4.026687510880628,0.0005095861134542,2.072197286027134,7.376798555753924,5.800887899011662,9.298616166335734,1.4517665505279622,109.171,2.3949403332405685,3.497728267324072,0.0320389871607301,4.0230637449913065
B0041,39,03089.csv,0.0479864952546282,1.2156494086360898,,4,4,0.0551537841354749,0.1840077663962839,3.516920360081993,1.975138784399138,4.191983739835927,0.7577080209414735,-1.7719212345736954,-4.026915576815353,0.0003429503711567,2.099402306134117,6.443867741135219,4.728611915735343,8.441835425382303,1.543196408559167,96.484,2.2168449554367893,3.71322350964696,0.0384853810957978,4.036489359419967
B0041,40,03091.csv,0.0482217520049512,1.2156494086360898,,3,4,0.0551537841354749,0.1840077663962839,3.356583779630796,1.7728949542450014,4.192299139301579,0.8806895496244808,-1.9559507912713312,-4.027342355246391,0.0003783640334922,2.066380403758884,8.159447293088878,6.013403221372391,10.811071564713467,1.9886060825961025,109.094,2.4191178438862977,4.797668343341076,0.0439773804548469,4.023336744796274
B0041,41,03093.csv,0.0478773156676534,1.2156494086360898,,2,4,0.0551537841354749,0.1840077663962839,3.506509095784585,1.930210649441756,4.193421662600735,0.775048435761913,-1.7607054829879762,-4.027238471110434,-0.0003870801240683,2.087534410892995,5.5290205453691215,3.64036908208834,7.830975218816948,1.7493268447245487,96.906,2.2627552907976893,4.190606136728608,0.0432440317083421,4.038009769819511
B0041,42,03095.csv,0.0482903205557941,1.2156494086360898,,1,4,0.0551537841354749,0.1840077663962839,3.515900077394173,1.9650910927147995,4.193648125269162,0.7624806944071713,-1.768133964644233,-4.02635645614634,-0.0004599745490634,2.0951193145871807,7.124961498497141,5.428811278743664,9.120173569834156,1.530432667315142,97.015,2.22813823867216,3.691362291090492,0.0380493974240116,4.038229166553849
B0041,43,03099.csv,1.2156494086360898,1.2156494086360898,100.0,0,4,0.0530770886099763,0.2149164793040737,3.3112454225976364,1.9984945380049617,4.146039771927649,0.3512968033343602,-0.8543609566361372,-1.0084814254402212,0.0021262684951209,0.360178222174855,9.1548468826093,5.275702046718262,14.806765885071044,1.890810318452528,5608.781,2.1472750642317404,9.531063838352782,0.0016993111049179,3.463743585658579
B0041,44,03103.csv,1.1476416320946563,1.2156494086360898,94.40564227989586,0,4,0.0520227239672869,0.1955549040765648,3.3541760641303275,1.9980483774045472,4.165360918422926,0.3538318540859053,-0.7981740885950973,-1.0102145854313622,0.0015325716425561,0.407676108768687,8.881539906101905,4.780035939927946,13.99744937533934,1.962537604937958,5703.296,2.1672441735567824,9.217413435411396,0.0016161555415344,3.5616025240213705
B0041,45,03105.csv,1.1194574527298191,1.2156494086360898,92.08719592812584,0,4,0.0520227239672869,0.1955549040765648,3.357060662805854,1.969259944196061,4.187489255858448,0.3599836632033732,-0.7810567570267977,-1.0150463617879395,0.0015277751086007,0.4195767590453586,8.750669611128531,5.919482194028105,14.356275659290002,1.949658690604668,5668.032,2.2182293116623866,8.436793465261896,0.0014884872677609,3.574152780501783
B0041,46,03107.csv,1.0841325641850128,1.2156494086360898,89.18135084698197,0,4,0.0520227239672869,0.1955549040765648,3.360601023233454,1.9711826686049976,4.186438859109176,0.3611521045888345,-0.7613195099194562,-1.012201146303343,0.0034353988646014,0.4317910439732179,8.86215516188506,6.049196307789685,14.518586105925962,1.862514666534872,5634.047,2.215233356522112,8.469389798136277,0.0015032515344895,3.6026863062356544
B0041,47,03109.csv,1.0607784232892656,1.2156494086360898,87.2602261600585,0,4,0.0520227239672869,0.1955549040765648,3.376453566741124,1.992456853950006,4.186571406423036,0.3509817770656968,-0.7425489892830268,-1.0155779321659608,0.015402344614667,0.4427243285283489,8.671218071184747,4.402765756364194,12.628628797798616,1.8454945014311648,5582.375,2.1941145524730303,8.225863041434422,0.0014735418243013,3.639652249304218
B0041,48,03111.csv,1.0170312865626592,1.2156494086360898,83.66156223476699,0,4,0.0520227239672869,0.1955549040765648,3.367042030219088,1.986081394208005,4.187026822244992,0.3688491785704867,-0.7321893718076324,-1.0096426599672783,0.0030485900875226,0.4479201270129848,8.757399436040695,5.9538134669429805,14.249076739876308,1.9389720537948116,5567.329,2.2009454280369862,8.295263272933328,0.0014899897730012,3.646764938471365
B0041,49,03115.csv,1.0000374999808574,1.2156494086360898,82.26364384965726,0,4,0.0526904058825759,0.2025055350689993,3.364330094542419,1.9641170559105663,4.163770340966965,0.3625369589729324,-0.7199523659573055,-1.0091487810629698,0.0023277121884124,0.4538935110316131,8.639658664137915,4.303002687643618,13.400963787224589,1.9455157061649389,5528.453,2.199551437358522,9.09796109958097,0.0016456612907048,3.658384496440877
B0041,50,03117.csv,0.991506494786248,1.2156494086360898,81.56187859283202,0,4,0.0526904058825759,0.2025055350689993,3.375116220071129,1.9738816345942325,4.187200947787786,0.3613564717174217,-0.7118463228821923,-1.009833327026415,0.0021672121754227,0.4576336547345684,8.65548107609068,4.413148229926141,13.143596987494345,1.9113924982452928,5513.39,2.213319313193553,8.730448757568205,0.0015834992187326,3.668629573333385
B0041,51,03119.csv,0.9655644425371016,1.2156494086360898,79.42787087112777,0,4,0.0526904058825759,0.2025055350689993,3.3621759630641312,1.96202217374659,4.186784389157799,0.3764304123397853,-0.7087128423143153,-1.009193591238253,0.0047756786715939,0.4591969651974924,8.759984675272241,4.203006390025938,14.777209247015293,2.099623793981916,5486.187,2.224762215411209,10.574202856989356,0.0019274229728205,3.666549735846356
B0041,52,03121.csv,0.9383311962439672,1.2156494086360898,77.18764880548392,0,4,0.0526904058825759,0.2025055350689993,3.368210631607209,1.9654140118768373,4.186125026049552,0.3808097166954053,-0.6979025722864981,-1.0088082268326934,0.0034603801387855,0.4638511481965443,8.830297151200996,5.6046085183707,14.304402604245366,2.0545744703361035,5461.922,2.220711014172715,8.699794085874666,0.0015928081883766,3.678326164548632
B0041,53,03123.csv,0.9298903389240268,1.2156494086360898,76.49329916322887,0,4,0.0526904058825759,0.2025055350689993,3.370853913355754,1.986312676889039,4.186746028379296,0.3778751727705728,-0.6933558264284685,-1.010320954977875,0.0022272824153911,0.4658146087035281,8.799768115250679,5.733998101884978,14.331273599738246,2.0368801898962285,5438.157,2.2004333514902568,8.597275497853268,0.0015809171191367,3.6819710322802894
B0041,54,03127.csv,0.9072117399448598,1.2156494086360898,74.62774493204543,0,4,0.0547724493907827,0.2105945065036999,3.3581793261108124,1.9630747982406385,4.163158535852763,0.3860602961317497,-0.6902880247189804,-1.0124340477235452,0.0038054577068425,0.4668912989328438,8.745105198865453,4.264205845763913,14.563719307573445,2.233932708848793,5402.875,2.199986270999994,10.299513461809532,0.0019063023782355,3.684117890618885
B0041,55,03129.csv,0.9176870676937324,1.2156494086360898,75.48945124921673,0,4,0.0547724493907827,0.2105945065036999,3.37598164284238,1.977943150303272,4.186772472927074,0.3795637383137127,-0.6857268851295145,-1.0090835879550415,0.0028049895931582,0.4686497588299315,8.946917298516645,5.566480675648516,13.829855263617011,1.9745811076797184,5384.438,2.208829322623802,8.263374587968496,0.001534677265848,3.692432347552424
B0041,56,03131.csv,0.9157430721963028,1.2156494086360898,75.32953709274864,0,4,0.0547724493907827,0.2105945065036999,3.375216189144452,1.963939885812909,4.186831658425379,0.3795705591986807,-0.6851603503311268,-1.0105284011067648,0.0036906484090062,0.4690530196414523,9.040543925569375,5.435374069240047,13.737164003906685,1.9976161602859148,5344.859,2.2228917726124697,8.301789934666637,0.0015532289878304,3.694350723707855
B0041,57,03133.csv,0.9111662690050432,1.2156494086360898,74.95304670343528,0,4,0.0547724493907827,0.2105945065036999,3.378276210248986,1.9702983324374248,4.186655518987532,0.3757561536731771,-0.6819162824683658,-1.0086893503366123,0.002033510934024,0.4702267983219931,8.532733645586704,4.471969426664863,12.81091218035467,1.9851122981700604,5305.156,2.2163571865501077,8.338942753689807,0.0015718562759869,3.698745234218537
B0041,58,03135.csv,0.8968901443572698,1.2156494086360898,73.77868470840987,0,4,0.0547724493907827,0.2105945065036999,3.357682549706656,1.9730383300739127,4.18742749688236,0.3867764578035651,-0.6894186362655551,-1.0089940440238492,0.0018133685396086,0.4673319441226134,8.782675041661408,4.586417910662455,14.671197747849568,2.105899468491152,5284.547,2.2143891668084468,10.084779837187114,0.0019083527570456,3.686616781364008
B0041,59,03139.csv,0.8862133472800153,1.2156494086360898,72.90040541164836,0,4,0.0557417318276825,0.1973430373572889,3.372443445163586,1.9838761544280687,4.162787419492519,0.3789605489160836,-0.6747860827784834,-1.0115567754248007,0.0039332100550204,0.4728584187874451,8.560357801003482,4.658353957704231,13.038382746716444,2.0073751145910603,5267.843,2.1784668176147486,8.380028789012211,0.0015907893969148,3.701358916361965
B0041,60,03141.csv,0.8931124136187014,1.2156494086360898,73.46792646580053,0,4,0.0557417318276825,0.1973430373572889,3.3616482008091766,1.9788346452939312,4.187165554713402,0.3814475557425367,-0.6895848665473618,-1.0167179389820475,0.0021419900201196,0.467266752001177,8.764133478033603,4.736231487596505,13.71449439237538,1.983217595537289,5229.688,2.2083309094194705,8.978262904778877,0.0017167874842206,3.6904024454581887
B0041,61,03143.csv,0.880898507091054,1.2156494086360898,72.46320368628213,0,4,0.0557417318276825,0.1973430373572889,3.355787384613788,1.981400280220432,4.187045396695641,0.3876066346895403,-0.6897175362541831,-1.0092383149208406,0.0054826376889736,0.4672017903700057,8.765404824218605,4.393076091050365,14.575589138075149,2.1057756409467614,5206.954,2.205645116475209,10.182513047024784,0.0019555604000006,3.6882957896521815
B0041,62,03145.csv,0.8798879382023741,1.2156494086360898,72.3800737245102,0,4,0.0557417318276825,0.1973430373572889,3.372760796455529,1.9709138772975625,4.186293612544601,0.3829437868238819,-0.6799724655286791,-1.009966218358327,0.0015529494938448,0.4711679802223198,8.755093905294753,5.137510763440577,13.067203225526349,1.9078610004314125,5179.062,2.2153797352470384,7.929692462085772,0.0015311059149486,3.700541925823933
B0041,63,03147.csv,0.8682347537115443,1.2156494086360898,71.42147625322906,0,4,0.0557417318276825,0.1973430373572889,3.3509928631825083,1.963309434324626,4.187093036345873,0.3921388795934505,-0.6917951426190971,-1.0090929337978087,0.0011829916275836,0.466383911834793,8.893802155578395,4.616943449397521,14.838581695723231,2.124256430031605,5144.109,2.223783602021247,10.22163824632571,0.0019870570873062,3.688432259258713
B0041,64,03151.csv,0.8443569490395516,1.2156494086360898,69.45727469130154,0,4,0.0571892565609036,0.1941291883123657,3.3532732844068915,1.969632856814267,4.16227646506248,0.3953581386503058,-0.6809063812932633,-1.0114348379697002,0.0021540940419955,0.4706211064131115,8.81827276383748,5.200284242753549,14.14400886283852,2.1422955478272545,5142.891,2.192225888526943,8.943724620084971,0.0017390461162962,3.696987511448604
B0041,65,03153.csv,0.8657093203148538,1.2156494086360898,71.21373269009732,0,4,0.0571892565609036,0.1941291883123657,3.3628002392609977,1.9745500537070804,4.186536627382842,0.3887094457354331,-0.68532451408367,-1.0109225916210234,0.0023120161465997,0.4690075554819156,8.817889726396931,5.497464666888083,13.627764711730384,2.033522683210219,5109.734,2.2119865736757616,8.1303000448423,0.0015911395866873,3.698668326651356
B0041,66,03155.csv,0.848696904019178,1.2156494086360898,69.81428181430879,0,4,0.0571892565609036,0.1941291883123657,3.3571560938046225,1.9757714925691647,4.186463574636571,0.3949958672813441,-0.6877787777947552,-1.008247978169289,0.001279352101969,0.4679962751755852,8.813349159884925,5.49154401528712,13.996072333026769,2.084185453157254,5078.937,2.210692082067406,8.504528317739648,0.0016744701337582,3.696761619605601
B0041,67,03157.csv,0.8364948433646345,1.2156494086360898,68.81053348293472,0,4,0.0571892565609036,0.1941291883123657,3.353212474513757,1.9845398354520496,4.186593388980786,0.3981093500274252,-0.6879305049076954,-1.0087841111125984,0.0014094178166973,0.4679005001508107,8.798028132789177,5.016845959500307,14.227945473001952,2.1839743795664663,5051.672,2.202053553528736,9.211099513501646,0.0018233764016154,3.6966126560461374
B0042,1,01532.csv,1.7287126633755356,1.7314706281853145,99.8407154724496,46,22,0.0758644695101022,0.1283306825628963,3.4614155612128847,2.129158438168119,4.186140431282269,0.2708838729760505,-1.8939211913974323,-2.014638801503157,0.0017182819450348,0.4729968526298084,30.57466734048236,22.916770992915133,36.71744985096319,3.196356598026088,3360.922,2.056844338535344,13.80067885804806,0.0041062181324196,2.83311600002727
B0042,2,01534.csv,1.7314706281853145,1.7314706281853145,100.0,45,22,0.0758644695101022,0.1283306825628963,3.4852386922159138,2.1712317301519577,4.187001880186287,0.2518000459578476,-1.919584179064593,-2.0148053114573066,-0.0002011662056241,0.4215739578666864,29.95773352180402,22.539912627969,35.70113647811508,3.101347620077287,3289.406,2.015649864711216,13.161223850146085,0.0040010943769623,2.908941854129907
B0042,3,01536.csv,1.7282350363146088,1.7314706281853145,99.81313042115552,44,22,0.0758644695101022,0.1283306825628963,3.488650146996854,2.095290280372333,4.187021318592124,0.2551536628914204,-1.9414451091961449,-2.015434761164688,0.0020564914579724,0.3709931166693944,29.6573718499772,22.25330254927013,35.604456217007545,3.1295278975919123,3244.797,2.0915181166741634,13.351153667737414,0.004114634495698,2.9130980816633465
B0042,4,01538.csv,1.720344742291621,1.7314706281853145,99.35743143934504,43,22,0.0758644695101022,0.1283306825628963,3.4946031502677606,2.1366970037230573,4.186893543931745,0.2470970427706139,-1.952411218384564,-2.0155565107237616,-0.000184558167696,0.3420530935671847,29.58111945436258,22.14576006233928,35.76285352997919,3.1617523453493552,3211.438,2.0500340241859645,13.617093467639908,0.0042401856948942,2.942194665180335
B0042,5,01540.csv,1.7221734367707635,1.7314706281853145,99.46304654186972,42,22,0.0758644695101022,0.1283306825628963,3.5041466859903747,2.168073033459323,4.187506351946306,0.241284878242549,-1.9696086717857544,-2.015995237854003,-0.0003839805140552,0.2900570759288088,29.852452033753185,22.50193566756556,36.007677297437105,3.154566587492382,3175.594,2.019433318486983,13.505741629871544,0.0042529812154423,2.982130098571937
B0042,6,01544.csv,0.0,1.7314706281853145,,41,22,0.0751636096366125,0.1131380526405654,3.5813916541827884,3.3813406435619986,4.182774174856053,0.1431284533962198,-1.997608186227112,-2.0156141177062725,-0.0014793412116017,0.1714599854847894,29.44940696187815,23.09569830656804,33.431937420119205,2.5959142474450707,2646.625,0.8013736059884651,10.336239113551166,0.0039054415013653,3.404834275426241
B0042,7,01546.csv,1.708669577331945,1.7314706281853145,98.68313961079048,40,22,0.0751636096366125,0.1131380526405654,3.511927235956774,2.139145470034486,4.186160728297307,0.2399055527624708,-1.9934476128094072,-2.0146673758608302,-0.0016426030143646,0.1937278976271621,30.133153080135425,23.133782244082017,36.26317829568585,2.9890143085030143,3121.672,2.046748392550945,13.12939605160383,0.0042058858366938,3.0089620888992377
B0042,8,01548.csv,1.7036476485918646,1.7314706281853145,98.39310126660304,39,22,0.0751636096366125,0.1131380526405654,3.509889497883845,2.0578186631112567,4.185572306171051,0.2431706000487685,-1.9997503053848376,-2.016448918600222,-0.0016062938841261,0.1592798818084199,29.740453708978052,22.667392403357333,35.7623078299739,3.017789239189865,3102.937,2.127487070854433,13.094915426616566,0.0042201679978087,3.009159984396931
B0042,9,01550.csv,1.6958375743577971,1.7314706281853145,97.94203532838075,38,22,0.0751636096366125,0.1131380526405654,3.508503301766948,2.0659696365057045,4.185230831091511,0.2410060985161305,-1.999585705561481,-2.016370882539026,-0.0022447772973436,0.1601426545494279,29.503354124651093,22.397436866058804,35.6522927277619,3.0449953697259,3089.437,2.118984584243317,13.2548558617031,0.0042903790760915,3.0068239756267308
B0042,10,01552.csv,1.6949064846676911,1.7314706281853145,97.88826082739014,37,22,0.0751636096366125,0.1131380526405654,3.5093738486555157,2.128700063525188,4.185842765241663,0.2356262641071895,-1.999480712152978,-2.0173293605362743,-0.0001720142145016,0.1610764205248309,29.324509292718897,22.15647191474241,35.46408341742395,3.0786230190970434,3077.75,2.056746680981604,13.30761150268154,0.0043238117139733,3.024239338503991
B0042,11,01556.csv,1.6874768094352457,1.7314706281853145,97.4591645948868,36,22,0.0739153341311581,0.1160794280843854,3.5046118772654107,2.0313187007109774,4.181929749098425,0.2437213805837239,-1.9994501505976243,-2.0179688284834034,-0.0032857606579941,0.161350419102861,29.22569193760115,21.97680688887855,35.57686579319408,3.1147761104797307,3074.875,2.1503292399840155,13.600058904315532,0.0044229631787684,3.0010046473363934
B0042,12,01558.csv,1.685989172917945,1.7314706281853145,97.3732470810067,35,22,0.0739153341311581,0.1160794280843854,3.5095049490219234,2.1649043558777703,4.185220171197086,0.2329958360128489,-1.9994421818851504,-2.018830939124682,0.000490573238557,0.1623747741064073,29.23821053272865,22.039358695383665,35.388257294125744,3.100652800432554,3061.891,2.0201072515831826,13.348898598742078,0.0043596909879359,3.0361250111966505
B0042,13,01560.csv,1.6782864747774933,1.7314706281853145,96.92838258171544,34,22,0.0739153341311581,0.1160794280843854,3.505007993364288,2.0349571700229223,4.185080917700821,0.244497155598219,-1.999407899212143,-2.019325717882185,-0.0028296503882772,0.1627207208875832,29.20609205353922,22.00429647370857,35.480764002425865,3.1139401644912383,3058.469,2.1499026361095552,13.476467528717292,0.004406278935218,2.9959817331337573
B0042,14,01562.csv,1.6739647640901527,1.7314706281853145,96.67878489192556,33,22,0.0739153341311581,0.1160794280843854,3.508074728787427,2.181544114739576,4.184485186999273,0.2327124010323411,-1.9990854937416904,-2.0198651097991984,-0.0012797017519862,0.1636690830374597,29.18392032247409,21.97729047549452,35.44318242068533,3.119971961824101,3040.75,2.002487040777276,13.465891945190815,0.0044284771668801,3.030793824362187
B0042,15,01564.csv,1.6722378801237066,1.7314706281853145,96.57904979169716,32,22,0.0739153341311581,0.1160794280843854,3.505745200469688,2.113769860085841,4.184791585601031,0.2384413071249491,-1.9991858462433612,-2.019707495930309,-0.0026521214547926,0.1640929397306094,29.15371412789473,21.937196310338024,35.53526888191109,3.134578653923072,3037.641,2.0708556005125858,13.598072571573065,0.0044765239116712,3.016570886016075
B0042,16,01568.csv,1.675989790049197,1.7314706281853145,96.79573899591558,31,22,0.0740477597124731,0.1148844296432379,3.5048985290607786,2.098421577709346,4.184774909668599,0.2396477592085499,-1.9989914019015809,-2.019811604847253,-0.002175708409508,0.1643328969196666,29.10632507144163,21.827025575894588,35.63389752973798,3.160006052441076,3044.828,2.0860756305695207,13.806871953843393,0.0045345326415296,3.0042712830774017
B0042,17,01570.csv,1.6618247672847988,1.7314706281853145,95.97764699170736,30,22,0.0740477597124731,0.1148844296432379,3.5020910209596536,2.037616415551784,4.183886479555269,0.2453847463984867,-1.9988805936646044,-2.019941517456099,-0.0028485703598498,0.165194123177359,29.12674242401516,21.89229814678285,35.59922975777694,3.1629197350379736,3030.25,2.1459645038942714,13.70693161099409,0.0045233665905433,2.989719959832143
B0042,18,01572.csv,1.6606710352566112,1.7314706281853145,95.91101392214168,29,22,0.0740477597124731,0.1148844296432379,3.5056874475759354,2.187174985653482,4.185135902762495,0.2340863208377475,-1.9989238411502075,-2.020188403345957,-0.0001594504107652,0.1658774643552428,29.11535255703125,21.904699326684245,35.43687423276839,3.1502663760066723,3017.578,1.997811756004069,13.532174906084144,0.0044844490866794,3.024025305627244
B0042,19,01574.csv,1.6530644874507203,1.7314706281853145,95.47170252510904,28,22,0.0740477597124731,0.1148844296432379,3.501789524982507,2.072733153164181,4.1851821245426,0.2434529457446533,-1.9987415414363177,-2.0200971028016084,-0.0007384060495031,0.1664463960906678,29.12272547212756,21.879984390778024,35.61618852753751,3.172839086165258,3015.0,2.1121906619473845,13.736204136759486,0.0045559549375653,2.9987273156375696
B0042,20,01576.csv,1.649953986270456,1.7314706281853145,95.29205748062311,27,22,0.0740477597124731,0.1148844296432379,3.5025833976800564,2.153538168709435,4.1837159565353605,0.2379143615969755,-1.9984049924032647,-2.0220817004003178,0.0006422289496137,0.1691495152993825,29.13774561916092,21.894505247973274,35.607533152172905,3.1698214678896925,2999.454,2.0301234449097887,13.713027904199633,0.0045718413765304,3.011761296559982
B0042,21,01580.csv,1.681297805444492,1.7314706281853145,97.1023000954162,26,22,0.0747526538711737,0.1148966738004377,3.503798387367924,2.0832977472531726,4.180907860399083,0.2415061020926004,-1.9987909313311891,-2.02087074020935,-0.0013752044979968,0.1661497883919057,29.35747712988229,22.055422569884072,35.78017086282214,3.2029649889204004,3054.859,2.0974461034083887,13.724748292938068,0.0044927599908663,3.0036711950912656
B0042,22,01584.csv,1.6700520424481298,1.7314706281853145,96.4528081078941,25,22,0.0738675928473736,0.1127342768111405,3.512523395065813,2.199482829433638,4.1839131722082135,0.2335780930243313,-1.9987942581899856,-2.0221682438178825,-0.0009057434365643,0.1670468765976354,30.058298726634376,22.902106092162704,36.29735151754127,3.1420850336416675,3034.875,1.984364583687252,13.395245425378569,0.0044137717123039,3.0378093679992126
B0042,23,01586.csv,1.667181860354792,1.7314706281853145,96.28704254152431,24,22,0.0738675928473736,0.1127342768111405,3.509324438333478,2.053610599291471,4.186499199755687,0.2464666052042417,-1.9986644728662533,-2.019460626145152,-3.264133466017354e-05,0.1676386030246822,30.335552136245838,23.25558148148619,36.77407258413331,3.140752601409252,3030.0,2.132655925087253,13.518491102647118,0.0044615482186954,2.9952680095870563
B0042,24,01588.csv,1.6568865613275168,1.7314706281853145,95.69244400432213,23,22,0.0738675928473736,0.1127342768111405,3.507216525411572,2.0842633816547624,4.185720302344454,0.2443416814846501,-1.9984721935924132,-2.0196503096891822,-0.0001220087296782,0.1684696475927029,30.22790176989086,23.13255340128993,36.6898808416456,3.1705039853444816,3011.781,2.101223622119368,13.557327440355674,0.00450143202323,3.000503689288415
B0042,25,01590.csv,1.6449819446579936,1.7314706281853145,95.00490033619766,22,22,0.0738675928473736,0.1127342768111405,3.5055185795629877,2.1599889328107214,4.183888714545253,0.2393264303242785,-1.9985308662699577,-2.0197092405916743,-0.0016208708068343,0.1692898236269068,30.04068826163031,22.93357506899713,36.474588298798025,3.18030269178214,2990.25,2.0237768165683674,13.541013229800896,0.004528388338701,3.0129340162042504
B0042,26,01592.csv,1.639214585000014,1.7314706281853145,94.67181009694688,21,22,0.0738675928473736,0.1127342768111405,3.5041328171645443,2.1678081694534352,4.18402917199016,0.2391993735388945,-1.9984054053915887,-2.021433558764001,-0.0017287035571895,0.1699575355500232,29.995148407588697,22.75566941167782,36.53730084509967,3.25791886294093,2980.234,2.0157236652048125,13.78163143342185,0.0046243454149646,3.013220458880134
B0042,27,01596.csv,1.6410599890208055,1.7314706281853145,94.7783902485678,20,22,0.0739944660268061,0.1127529834135872,3.500597395262485,2.0092759412003707,4.1826825462923845,0.2531189225298718,-1.9983882415644911,-2.0209567624857296,-0.0008327829483928,0.1700044730122123,30.299545316589416,23.09265902488124,36.91332213005366,3.208365065614114,2994.844,2.173338605009336,13.820663105172418,0.0046148190373763,2.9754137354801067
B0042,28,01598.csv,1.643269651219848,1.7314706281853145,94.90600790277878,19,22,0.0739944660268061,0.1127529834135872,3.504252997343204,2.0586265993400703,4.185893529479634,0.2493108619233339,-1.998374293478694,-2.0209872934269897,-0.0011614647093873,0.1705729429345288,30.68092451180232,23.575970837477485,37.19792815636057,3.1773023429964207,2987.672,2.127195410033064,13.621957318883084,0.0045593884867157,2.9809784756885045
B0042,29,01600.csv,1.6298673102402297,1.7314706281853145,94.13196410662933,18,22,0.0739944660268061,0.1127529834135872,3.501278659398817,2.043267705708337,4.185186392104773,0.251444539535632,-1.9981525515062304,-2.0191972634782047,-5.594487778162568e-05,0.1712749776720558,30.66343528779561,23.502479291188067,37.30788971906059,3.2152355083252866,2975.1100000000006,2.141802868343172,13.805410427872523,0.0046403025191917,2.973860507477517
B0042,30,01602.csv,1.6238536344658807,1.7314706281853145,93.7846480345888,17,22,0.0739944660268061,0.1127529834135872,3.501431066556208,2.192115165922968,4.184091250625792,0.2408327494459361,-1.9980383822206629,-2.0193297812824187,-0.0020558705875255,0.1721087273499587,30.40848004603748,23.25101099435588,36.91850317978018,3.226239474091727,2953.219,1.991976084702824,13.6674921854243,0.0046279981895769,3.0026974351714246
B0042,31,01604.csv,1.6186308887044174,1.7314706281853145,93.4830116293015,16,22,0.0739944660268061,0.1127529834135872,3.4934993616796306,2.009457332273357,4.185322505991986,0.2568970738937039,-1.9979232246026064,-2.021266928188253,-0.0013207371739492,0.1724670202227075,30.239404481904074,22.971790357139568,37.047150483309736,3.2815876331216325,2955.484,2.175698450260262,14.075360126170168,0.00476245519386,2.9549643541370907
B0042,32,01608.csv,1.6193418112441196,1.7314706281853145,93.5240705146288,15,22,0.0744915146409264,0.1118610851747044,3.491928488990642,2.022898050960585,4.184033603294302,0.2553614697828466,-1.997803306177237,-2.019754051447638,-0.0004212906719527,0.1726988224781119,30.138707501965232,22.750486671200427,37.11898525927804,3.3378054197746345,2957.016,2.1610218878377165,14.368498588077614,0.0048591210152659,2.957521855486408
B0042,33,01610.csv,1.614593271326993,1.7314706281853145,93.24982157041752,14,22,0.0744915146409264,0.1118610851747044,3.495727452779826,2.0786601580627257,4.186164958491378,0.2513729443430945,-1.9980185647316373,-2.0194164856966417,-0.0010122095977501,0.1734828015575733,30.49092272629849,23.20335228956989,37.20592886199134,3.278535347585581,2948.219,2.107349802502063,14.00257657242145,0.0047495035383807,2.974237096439773
B0042,34,01612.csv,1.6072040891927848,1.7314706281853145,92.823063991402,13,22,0.0744915146409264,0.1118610851747044,3.491932625000706,2.0245603644426806,4.18461988628569,0.2569598146346326,-1.9977650982407589,-2.018937306071589,-0.0028809767398297,0.1739078235248922,30.52916769412123,23.33268094876225,37.36855348711016,3.26424501604649,2935.5,2.159901455434391,14.035872538347911,0.0047814248129272,2.946626265134633
B0042,35,01614.csv,1.6012663590062357,1.7314706281853145,92.48013410914508,12,22,0.0744915146409264,0.1118610851747044,3.4900059195673445,2.1378818450405794,4.184040894709915,0.2491431280424005,-1.9975731627964837,-2.0197870445936115,-0.0009847832694445,0.1750125964069492,30.17961904981464,22.939046141588143,36.95276259711366,3.2824934275830406,2913.797000000006,2.046004213129255,14.013716455525518,0.0048094347188652,2.96694828270972
B0042,36,01616.csv,1.594040741063104,1.7314706281853145,92.06282307738334,11,22,0.0744915146409264,0.1118610851747044,3.487760577211602,2.183476039948653,4.184856050801538,0.2470908066405051,-1.9975539729276184,-2.019731795851263,-0.0023660890760905,0.17561806799162,29.93310245467766,22.62107627575683,36.815592394057184,3.3139730725518426,2900.703,2.0011875500656,14.194516118300353,0.004893474484737,2.9716939387398256
B0042,37,01620.csv,1.5946888289374477,1.7314706281853145,92.10025298602828,10,22,0.0743104624224476,0.1133210016809909,3.4820338003810947,2.0156684625826635,4.183683003795162,0.2598481151797488,-1.9973829316274176,-2.019357908989728,-0.0006941638440918,0.1758007562380755,29.85511285240877,22.33910192769368,36.96422627426333,3.4146392413567987,2914.031,2.1680145412124983,14.625124346569653,0.0050188636794082,2.93274627528105
B0042,38,01622.csv,1.5882100957302596,1.7314706281853145,91.72607781367908,9,22,0.0743104624224476,0.1133210016809909,3.4857768989088598,2.0632481862122884,4.184611325870051,0.2559032712560586,-1.9975492343534864,-2.019389721774823,-0.000639818779015,0.1764385802372013,30.25738766927605,22.822384651747097,37.23035953747147,3.3834852022681545,2901.968,2.121112873784881,14.407974885724377,0.0049648979195237,2.9491659646903936
B0042,39,01624.csv,1.587985558077698,1.7314706281853145,91.71310978240518,8,22,0.0743104624224476,0.1133210016809909,3.484962036012865,1.9973214087149431,4.185413957037178,0.2624484222293726,-1.9975022770940796,-2.021379730129784,-0.0003929117547398,0.1768180107450471,30.562785800580222,23.226244445744424,37.46832272742832,3.358000463840846,2901.734,2.1878262039060097,14.2420782816839,0.0049081267551346,2.9213093345280443
B0042,40,01626.csv,1.5799165406650344,1.7314706281853145,91.24708874333504,7,22,0.0743104624224476,0.1133210016809909,3.4839596946536755,2.040034213071634,4.184723241072492,0.259741967449641,-1.9973342947958133,-2.019502208637406,-0.0014477021978065,0.1773872542519272,30.59004134732037,23.23571385375572,37.6505920814981,3.3650691125793264,2887.407,2.144546305211857,14.414878227742378,0.004992326411809,2.929077555929959
B0042,41,01628.csv,1.5655946193652834,1.7314706281853145,90.41993516263808,6,22,0.0743104624224476,0.1133210016809909,3.479594890613384,2.11763338483894,4.182701394192162,0.2549667108354896,-1.9971237584867627,-2.02072945969767,0.0007887257964197,0.1784980284791294,30.190272809188617,22.885196264237926,37.16199226931662,3.347729188479278,2861.937,2.064808293468203,14.276796005078694,0.0049885081345531,2.938895823368552
B0042,42,01632.csv,0.0707012773734017,1.7314706281853145,,5,4,0.0754596251487432,0.1137792668690111,2.7052764231784736,2.166646513631925,4.181775825418943,0.310406432424863,-3.938418442736194,-4.032113976084337,-0.0013003886268289,0.5934674788087446,24.18340292381302,5.785612903370367,36.86635295736364,9.136785426098193,1055.25,2.014835832222928,31.08074005399327,0.0294534376252009,2.344949588866052
B0042,43,01636.csv,0.0841687853013907,1.7314706281853145,,4,4,0.0769982195284669,0.1825992953152706,2.679525148874618,2.1499182639223604,4.178606054628232,0.3271122279216182,-3.9351759952435854,-4.034013050651154,-0.0014040617202484,0.6068500109958983,23.826987359225917,5.832910464719786,38.12553242159685,9.490283969893804,1012.187,2.028249551869576,32.29262195687706,0.0319038102217051,2.3156925650611013
B0042,44,01638.csv,0.0844378562146582,1.7314706281853145,,3,4,0.0769982195284669,0.1825992953152706,2.6791157950874176,2.162600478224296,4.187711795130632,0.3314673684165601,-3.9330339281400906,-4.034190401454665,-0.0015910768541789,0.6138330900783616,23.77974968565753,6.190532539577355,38.33981699002702,9.71205072308796,991.172,2.025098642624521,32.14928445044966,0.032435626158174,2.3153237699026223
B0042,45,01640.csv,0.0847891906059033,1.7314706281853145,,2,4,0.0769982195284669,0.1825992953152706,2.671214412999543,2.174009268733748,4.188160354925031,0.345063786085121,-3.931680950777038,-4.032988970431842,0.0010617334447227,0.6176461512730752,23.729074463498662,4.744830301776295,37.77196459678644,9.55836045140901,982.094,2.0141510861912826,33.02713429501014,0.0336293005506704,2.257704124500389
B0042,46,01642.csv,0.0933425818344258,1.7314706281853145,,1,4,0.0769982195284669,0.1825992953152706,2.691575483192303,2.1861984912538444,4.147325113187213,0.3187003779379441,-3.942868822909943,-4.034270870730653,-0.0004739360763438,0.5808971142666591,24.093822128089528,4.730017206468228,36.82466507220515,9.67412753682279,1063.609,1.9607003550272128,32.094647865736924,0.0301752315613509,2.3505248823816
B0042,47,01645.csv,0.1060318013139778,1.7314706281853145,6.123800172406361,0,4,0.0780061072945392,0.1841339460927001,2.673911300416998,2.1758569457027304,4.178007633870366,0.3303018249972619,-3.943133668889635,-4.035551171922283,-0.0004639573752863,0.5812457222771108,23.99346261249294,6.19069543442408,38.55810679258891,9.946508160076208,1067.641,2.00184655139312,32.36741135816483,0.0303167556867569,2.3303034334100454
B0042,48,01647.csv,0.106505866207118,1.7314706281853145,6.151179492934428,0,4,0.0780061072945392,0.1841339460927001,2.674532494466212,2.1928857082631903,4.187777600667363,0.350004677875306,-3.941238449762143,-4.0336360496244295,-0.0012451624212211,0.5872212631787938,24.134267829139272,5.756061028005535,38.71410921886447,9.62989247425438,1048.687,1.9947874434817536,32.95804819085894,0.0314279171867859,2.350639078954894
B0042,49,01649.csv,0.0943911158551295,1.7314706281853145,,0,4,0.0780061072945392,0.1841339460927001,2.672674327169749,2.1962120524397566,4.187801760321389,0.3479345495580601,-3.940098411106424,-4.03449697480989,-7.243994267375294e-05,0.5903619004446731,24.39919865958069,5.517396127585015,38.82770605774448,9.59208282531362,1039.984,1.99154961250637,33.31030993015946,0.0320296369272599,2.3259337836130847
B0042,50,01651.csv,0.0945059592738711,1.7314706281853145,,0,4,0.0780061072945392,0.1841339460927001,2.795919785016863,2.177441070098024,4.187724346556428,0.3595171990375567,-3.895915337791737,-4.034666797827482,-0.0023372383400789,0.722756335706361,19.290333517015608,5.553047335078787,28.576587463983174,7.430491248196806,687.328,2.0102832764584044,23.023540128904383,0.0334971660239425,2.309578944700602
B0042,51,01653.csv,0.0821145610821562,1.7314706281853145,,0,4,0.0780061072945392,0.1841339460927001,2.6474329497500486,2.1475982200987445,4.184585351637899,0.3352251589059096,-3.939911966880655,-4.034572987789034,-0.0010899874353723,0.5903850036310008,24.88014162106386,4.297748001576022,39.82101597656743,10.638425641953996,1047.531,2.036565754955595,35.523267974991406,0.033911424077179,2.3265417663547514
B0042,52,01657.csv,0.0951847063194674,1.7314706281853145,,0,4,0.0758740062898077,0.1898068619543367,2.650103128820241,2.1889636369151995,4.174370629404978,0.3339838684699153,-3.9391677500177606,-4.03512977633892,-0.0008747962133831,0.5936477083694339,24.484790248053308,6.1880198679126615,39.40691039052945,10.117323843220555,1038.375,1.9850851291458464,33.21889052261679,0.0319912271795996,2.304821198324868
B0042,53,01659.csv,0.0953912999865905,1.7314706281853145,,0,4,0.0758740062898077,0.1898068619543367,2.6386351740397065,2.1591530449897105,4.187149567075233,0.3388331894699371,-3.938160748076452,-4.03420892483412,-0.0008121114595693,0.5966019413973906,24.32438028187785,6.267578933042184,39.34611379625948,10.332671504825916,1030.703,2.0279965220855223,33.0785348632173,0.0320931780185148,2.298409588941288
B0042,54,01661.csv,0.0828966456585456,1.7314706281853145,,0,4,0.0758740062898077,0.1898068619543367,2.6415162059645665,2.1872998670546773,4.186990272639876,0.3581104874159269,-3.936445305146453,-4.03394881658736,-0.0018618922076282,0.6034078328458761,24.31173812149945,5.120871196805115,37.81632351305823,9.60578334965972,1010.765,1.9995480397626748,32.69545231625312,0.0323472343385981,2.220401436934876
B0042,55,01663.csv,0.083431990364526,1.7314706281853145,,0,4,0.0758740062898077,0.1898068619543367,2.636149095213129,2.1645340110741715,4.187147788668544,0.342714752755928,-3.9374486872527408,-4.034576773439992,-0.0010553441197214,0.6000762295196204,24.798155128694976,4.1434430425399045,39.87139328791911,10.651404298652167,1025.719,2.0226137775943727,35.727950245379205,0.0348321033785853,2.306494128986305
B0042,56,01665.csv,0.0962477215649569,1.7314706281853145,,0,4,0.0758740062898077,0.1898068619543367,2.6207075351068374,2.1770285343272047,4.18639765148157,0.3426070093630132,-3.9362749816753353,-4.034351864470546,0.0003041886385817,0.603590708563538,24.477937441374635,6.254954957414337,39.50565821587436,10.257655300846368,1016.859,2.0093691171543657,33.25070325846003,0.0326994236747277,2.2931062954210737
B0042,57,01669.csv,0.0871279249656989,1.7314706281853145,,0,4,0.0760013508183652,0.1779143465055044,2.609437196185719,2.141111284495936,4.171541055891453,0.3657871460538147,-3.932875200184285,-4.0360153311832665,0.0047955926614418,0.6140996208802835,24.426888204419104,5.41572408589482,38.61632478517865,9.58749093893589,1021.079,2.0304297713955166,33.200600699283825,0.0325152125342738,2.235355125773626
B0042,58,01671.csv,0.0968191218275757,1.7314706281853145,,0,4,0.0760013508183652,0.1779143465055044,2.613327939295293,2.169659057289744,4.185612994515991,0.3482167271285763,-3.934871100299521,-4.034406713148468,-9.72148222703691e-05,0.606988152241314,24.529804368213707,6.029955350974764,39.5809379115645,10.040531920088142,1010.562,2.0159539372262474,33.55098256058973,0.0332003207725896,2.281595428065063
B0042,59,01673.csv,0.084400548913451,1.7314706281853145,,0,4,0.0760013508183652,0.1779143465055044,2.6084761921076955,2.181654361966916,4.185815228961297,0.3656471398813495,-3.934008926590528,-4.03395759066338,-0.0017411040008431,0.6102831574448516,24.521420210496924,5.424272480385026,38.80523939319278,9.680967845180176,1003.313,2.004160866994381,33.38096691280775,0.0332707409480468,2.2562829870141368
B0042,60,01675.csv,0.0977012171667452,1.7314706281853145,,0,4,0.0760013508183652,0.1779143465055044,2.602763654326182,2.152597184317211,4.185190800042781,0.3473988996849944,-3.9338909734981855,-4.035821871740746,0.0007571181180193,0.6104429746927179,24.626500323697712,6.171293375093454,39.65831560799121,10.273244035870812,1006.187,2.03259361572557,33.48702223289776,0.033281111992997,2.2708731342788764
B0042,61,01677.csv,0.0851742647657266,1.7314706281853145,,0,4,0.0760013508183652,0.1779143465055044,2.5909779927483028,2.1543073222809688,4.185054518834841,0.3699598896133452,-3.933060350490302,-4.036045295099187,-0.0029838713042761,0.6136417348814076,24.561944088587065,5.325273797252637,38.94866184020599,9.75010637737436,996.765,2.030747196553872,33.62338804295336,0.0337325127216077,2.212008167868647
B0042,62,01681.csv,0.0847199354487912,1.7314706281853145,,0,4,0.0770468109234872,0.1968027392847056,2.5818616349209504,2.177098848593695,4.168001002398225,0.3491669305303934,-3.932813311811252,-4.034780378871755,-0.0030227158267672,0.6135511972249934,24.349376846518037,6.175186105872323,39.202440143533465,10.068548386481428,999.422,1.990617435141262,33.027254037661145,0.0330463548307533,2.2683024093878674
B0042,63,01683.csv,0.0854883696989364,1.7314706281853145,,0,4,0.0770468109234872,0.1968027392847056,2.5894657078700765,2.1860372690383523,4.184494029120111,0.3573638174468638,-3.931442483824809,-4.033579787707524,-0.0030318120555945,0.6171178276724865,24.839628028264915,4.661077022364263,39.957340694247904,10.432593632194518,990.234,1.9984567600817584,35.296263671883644,0.0356443665556662,2.264481041841773
B0042,64,01685.csv,0.085777499334335,1.7314706281853145,,0,4,0.0770468109234872,0.1968027392847056,2.74324665969125,2.151510007358308,4.184245249283899,0.3864172522376273,-3.8726297778107583,-4.03486917319316,-0.0002365954410871,0.7817023806279867,18.664216427377188,5.781013489512925,27.779193601334228,7.246868336244821,608.953,2.032735241925591,21.998180111821306,0.036124594364132,2.3453154762277597
B0042,65,01687.csv,0.0859555325524583,1.7314706281853145,,0,4,0.0770468109234872,0.1968027392847056,2.725383467696956,2.186039852986656,4.188328512345139,0.4007133899529116,-3.866632309551034,-4.034128418138735,-0.0008738851024605,0.7969077072517556,18.036688378070966,5.959666089901167,28.17217588027361,6.82565384598124,586.719,2.0021298338447786,22.212509790372444,0.037858855415237,2.2889820825654725
B0042,66,01689.csv,0.0861479697965832,1.7314706281853145,,0,4,0.0770468109234872,0.1968027392847056,2.719690012340044,2.194439659521147,4.183150067115272,0.4035546644023104,-3.863052351120637,-4.035982933293039,-0.0023201097556723,0.8045630634726566,18.05907472602224,5.99603423820299,28.019806483186763,6.836328597640351,575.922,1.988378578336035,22.02377224498377,0.0382408941575139,2.3044606594284387
B0042,67,01693.csv,0.0865245080899333,1.7314706281853145,,0,4,0.0749692599471269,0.1888871205390956,2.615760645023181,2.1996590897894817,4.146111713893696,0.3369987774983167,-3.936202619996637,-4.03581430505571,0.0008740084244236,0.6036312868132133,24.76547773055195,4.479408156056278,39.575497528042895,10.445319934440262,1050.406,1.9460457329010343,35.096089371986615,0.0334119277422126,2.319665157919066
B0042,68,01697.csv,0.0867603642868573,1.7314706281853145,,0,4,0.076912853654541,0.1916081813788454,2.5894472814365503,2.136107030636872,4.168085841455298,0.3532558376205593,-3.935267346074326,-4.034670379890685,-0.0013796716649676,0.60674144198145,25.24765084852269,4.209594025408038,40.52562745153084,10.60648681770854,1040.75,2.031455981960758,36.3160334261228,0.0348940988961064,2.27139047505196
B0042,69,01699.csv,0.0866202538937107,1.7314706281853145,,0,4,0.076912853654541,0.1916081813788454,2.5730668910828003,2.1419779252621813,4.183024595509789,0.3619145954195793,-3.932587440104149,-4.034567644462774,-0.0016879895212775,0.6137079699061562,24.85031739846841,6.1114866794686815,39.732594757918605,10.17497598339076,1019.125,2.0410466702476078,33.62110807844992,0.032990171056985,2.255869410750756
B0042,70,01701.csv,0.0869802394927499,1.7314706281853145,,0,4,0.076912853654541,0.1916081813788454,2.7401588017218352,2.1988863560155885,4.183194814686632,0.3898438523769817,-3.8727999832071216,-4.035671934777944,-0.0024274456575893,0.7815988428752616,18.864531156596232,5.762629273523069,28.1373354892756,7.369608515583229,618.844,1.984308458671044,22.37470621575253,0.03615564862187,2.360703239665755
B0042,71,01703.csv,0.0738778711347396,1.7314706281853145,,0,4,0.076912853654541,0.1916081813788454,2.570306500661592,2.122954770697664,4.187955458211665,0.3575633606255261,-3.933637026469155,-4.03342279801976,-0.0005277008333433,0.6103758324122573,25.750153086607327,4.11670799614815,40.6472857322764,10.7799276727831,1039.547,2.06484892212978,36.53057773612825,0.03514086206408,2.260788906384421
B0042,72,01705.csv,0.0877586570223188,1.7314706281853145,,0,4,0.076912853654541,0.1916081813788454,2.554774172450461,2.152849839303629,4.182683957990996,0.3623172102974916,-3.930090758462791,-4.033737999973946,0.0008490808760314,0.6212481790795114,25.210180888220314,6.1209352703449404,40.39876505346307,10.445885054439527,1004.328,2.0298341186873667,34.277829783118136,0.0341301146469262,2.246023865328355
B0042,73,01709.csv,0.0879057630027299,1.7314706281853145,,0,4,0.0765149902718176,0.1939822096858468,2.5697706881943767,2.196522899315092,4.162514481062673,0.3563051758083388,-3.930747740189577,-4.033875415877974,0.0002940102115963,0.6213196030375633,25.400612986280134,5.500435881271609,40.90163609300309,10.87257140879298,1005.75,1.965726725506666,35.401200211731485,0.0351988070710728,2.2750666073518344
B0042,74,01711.csv,0.0880878488220017,1.7314706281853145,,0,4,0.0765149902718176,0.1939822096858468,2.5650203867450827,2.197996842344396,4.182351033163065,0.3590118699194908,-3.929501181608493,-4.035122004029501,-0.0020476597026829,0.6246972943006467,25.47246500800018,6.159046065895221,41.18900895779625,10.664863497668575,995.797,1.984354190818669,35.02996289190103,0.0351778152493942,2.2642713599397744
B0042,75,01713.csv,0.0883425026815871,1.7314706281853145,,0,4,0.0765149902718176,0.1939822096858468,2.5498903733729468,2.1297135396833,4.18217351248383,0.3660357928761213,-3.92912394117899,-4.034188562278321,-0.0005043406032705,0.6248477665024397,25.7066698253335,6.315637106895644,41.34432689728045,10.855290149483972,998.921,2.05245997280053,35.02868979038481,0.0350665265725566,2.23727685712916
B0042,76,01715.csv,0.0746305533274507,1.7314706281853145,,0,4,0.0765149902718176,0.1939822096858468,2.541309292458781,2.167460006041706,4.182212563987984,0.3738117875701573,-3.9284467564220784,-4.035608644890248,-0.0013759515805679,0.6285326909315901,25.73079046383608,4.142877022607462,41.46126781944402,11.121030449232723,989.141,2.014752557946278,37.31839079683655,0.0377280800177492,2.2400315851345693
B0042,77,01717.csv,0.0748569866512269,1.7314706281853145,,0,4,0.0765149902718176,0.1939822096858468,2.5322112945564674,2.188428099048639,4.182029042319134,0.3728088216688677,-3.926768267443592,-4.03477323779569,-0.0019860744953123,0.6323576454163659,25.61015187432273,6.306072938554303,41.26138545585116,10.795027003554289,979.203,1.9936009432704949,34.95531251729686,0.0356977179576623,2.230560593840025
B0042,78,01721.csv,0.0752757364314176,1.7314706281853145,,0,4,0.0791281546508097,0.1915612590522868,2.5336398931006547,2.1364927300394707,4.1594358105794,0.3666005614852956,-3.9278468443801535,-4.035478262157419,-0.0025894875702541,0.6284205809779505,25.871001272619925,6.308430698033009,41.67057172451578,10.906094818926537,994.031,2.022656959842767,35.362141026482774,0.035574485128213,2.234170353056027
B0042,79,01723.csv,0.0753235186048872,1.7314706281853145,,0,4,0.0791281546508097,0.1915612590522868,2.5300104336765608,2.191166300272401,4.181389260665308,0.3739004373214325,-3.9256584663973166,-4.0348123254431405,-0.001417317889479,0.6363022378514612,25.60097060283845,6.08363611699178,41.18674777166984,10.564396976119625,971.516,1.9902229603929071,35.10311165467806,0.036132304207731,2.2296719924984143
B0042,80,01725.csv,0.0755376530236719,1.7314706281853145,,0,4,0.0791281546508097,0.1915612590522868,2.5687661609629626,2.1913163423875845,4.181131059409839,0.3923625325049089,-3.9058724989108495,-4.036198260626553,0.000642900107638,0.6956723101143345,22.97283104775157,6.053939877888575,36.89985043885535,9.307931313857202,810.563,1.9897290981942928,30.84591056096678,0.0380549205440746,2.252721530092744
B0042,81,01727.csv,0.0758428560612825,1.7314706281853145,,0,4,0.0791281546508097,0.1915612590522868,2.666767540584892,2.1777089403180425,4.183136931480622,0.4229059854579806,-3.863354268170434,-4.035140494431039,0.0004867641078371,0.805190404190874,19.739623944709617,5.758986455111538,29.79153666326944,7.944000987196373,599.047,2.005427991162579,24.0325502081579,0.0401179710576263,2.284118591607456
B0042,82,01729.csv,0.0759921803489148,1.7314706281853145,,0,4,0.0791281546508097,0.1915612590522868,3.105121186216066,2.1316975124246333,4.186858423852253,0.7327716184802326,-3.22393930405399,-4.034942103518998,-0.0008462779898683,1.6985699313444969,6.0573358126113375,4.3832182010726894,9.15118085083689,1.6651151591368365,109.078,2.0551609114276195,4.767962649764201,0.0437114968166284,2.1316975124246333
B0042,83,01733.csv,0.0762165260959199,1.7314706281853145,,0,4,0.0790503534240833,0.198004520349432,3.133556616526209,2.1969934922661687,4.173229464797026,0.7018997616734779,-3.224483832257962,-4.03535806126515,0.0011581209737159,1.6991312753405203,6.452306826213871,5.410302000622145,8.639171556267463,1.0836298130817166,109.171,1.9759580868007167,3.228869555645318,0.0295762570247164,2.1969934922661687
B0042,84,01735.csv,0.0621692314155252,1.7314706281853145,,0,4,0.0790503534240833,0.198004520349432,3.175407439924743,2.1767041905630014,4.182309477232018,0.7185368145090386,-3.1336357808131234,-4.03389585056911,0.0017708340942048,1.7770435657016688,5.882941113071444,4.591253062887671,8.36040279366827,1.343530710379598,96.484,2.004738464944682,3.7691497307805983,0.0390650235353073,2.1767041905630014
B0042,85,01737.csv,0.0759822277461493,1.7314706281853145,,0,4,0.0790503534240833,0.198004520349432,3.102016459243783,2.137070814591814,4.179128534299532,0.7319441908285924,-3.224095150373821,-4.034621719624155,-0.001178032966963,1.6985459771944955,7.141415346306763,5.611697555798786,10.13355592147926,1.584683282995121,109.094,2.041799951053733,4.521858365680474,0.0414491939582421,2.137070814591814
B0042,86,01739.csv,0.0622701354894356,1.7314706281853145,,0,4,0.0790503534240833,0.198004520349432,3.1454428736631384,2.082550981383133,4.181278186068862,0.751699211385315,-3.134890688113641,-4.035455276480104,-0.0029746030201113,1.7752873287484314,4.976092805264432,3.445726070155866,7.825436879589506,1.5962147115211474,96.906,2.098216597944876,4.379710809433639,0.0451954554871074,2.082550981383133
B0042,87,01741.csv,0.0625944660879844,1.7314706281853145,,0,4,0.0790503534240833,0.198004520349432,3.1652602154514007,2.144385419639702,4.180985964629633,0.7306952758019835,-3.133774776537717,-4.033746345766042,-0.0021557907692715,1.775190823980245,6.411857494253951,5.1212840136675215,8.862063004604039,1.329974566417516,97.015,2.036051219971069,3.740778990936517,0.0385587691690616,2.144385419639702
B0042,88,01745.csv,1.4377344766079456,1.7314706281853145,83.0354528228283,0,4,0.0787123739973389,0.1893087271488929,3.375833171038118,2.1679616860507585,4.091725418867881,0.3035495162823601,-0.9606132638664066,-1.0117101728405982,0.0007729257222862,0.2107415943609453,8.336150156814936,4.866447950679472,12.075623262738652,1.6226280665088308,5608.781,1.9236866022775017,7.20917531205918,0.001285337279537,2.76093681341263
B0042,89,01749.csv,1.5246019289244055,1.7314706281853145,88.05242804045022,0,4,0.078282632811948,0.1924214151240965,3.4250125349211604,2.180850179577844,4.159841572444575,0.3127737799449189,-0.9944195894158236,-1.0157168253561746,-0.0004661894984513,0.1138517679334267,8.088311260303593,4.392392021662698,11.61044167945082,1.502626133281686,5703.296,1.9789913928667315,7.218049657788122,0.0012655926779511,2.7399809006673115
B0042,90,01751.csv,1.5215273965539478,1.7314706281853145,87.87486035201186,0,4,0.078282632811948,0.1924214151240965,3.427812476893316,2.148712088809679,4.180350451491815,0.320525110846137,-0.9986292541736456,-1.014585811777543,-0.0013941777112871,0.093529170385607,8.108636077883194,5.45862942281849,12.416393344856289,1.4785401374246798,5668.032,2.031454365607274,6.957763922037799,0.0012275449260056,2.7285326766902505
B0042,91,01753.csv,1.5155323631175952,1.7314706281853145,87.52862095650819,0,4,0.078282632811948,0.1924214151240965,3.426023627609226,2.126630218048744,4.180484652340476,0.3215687763952835,-1.0007710730973127,-1.0152252739169738,0.0004917354460156,0.0815996041412406,8.179473273978417,5.378401802765508,12.741907914911504,1.5550757697939244,5634.047,2.053854434291732,7.363506112145997,0.0013069656877455,2.726208006664239
B0042,92,01755.csv,1.5044249661534554,1.7314706281853145,86.88712021238175,0,4,0.078282632811948,0.1924214151240965,3.427137964017458,2.177720591678305,4.179828984428225,0.3163053781987297,-1.0029400958959638,-1.015528714589196,-0.0003758615075627,0.0670894588670116,8.133323147997125,3.942522219778396,11.812176644627147,1.5342749266949596,5582.375,2.00210839274992,7.869654424848751,0.0014097323137282,2.744811280612204
B0042,93,01757.csv,1.5001507149498807,1.7314706281853145,86.640263515306,0,4,0.078282632811948,0.1924214151240965,3.4224753028837007,2.1738551413791023,4.179688473119865,0.3197916532031986,-1.002976218809888,-1.0152994782253597,-0.0017314201089289,0.0672137999306584,8.221548017024785,5.433875343316513,12.77319183354637,1.5732876318735918,5567.329,2.0058333317407624,7.339316490229858,0.0013182832360418,2.7314183080937777
B0042,94,01761.csv,1.489011227320312,1.7314706281853145,85.99690939492778,0,4,0.0772233628496216,0.2012540315013774,3.4137666152192327,2.1739453453589515,4.156718320546126,0.3163925289008553,-1.0029036577307848,-1.0156907563945252,-0.0025000475145131,0.0675264681708086,8.196033184015116,3.948091350954695,11.714847602816857,1.5660489899089305,5528.453,1.9824699073538457,7.766756251862162,0.0014048697260991,2.73225073171391
B0042,95,01763.csv,1.4810149357562843,1.7314706281853145,85.53508859162555,0,4,0.0772233628496216,0.2012540315013774,3.415284661394718,2.1496986936751377,4.179126280631904,0.3226212050568465,-1.002852610333621,-1.0141702039281322,-0.0012569793191836,0.067780702853801,8.16363192494008,4.856942399753029,11.58953853216132,1.5072439067322816,5513.39,2.029427586956766,6.732596132408292,0.0012211354778835,2.7246450328473437
B0042,96,01765.csv,1.476262027748574,1.7314706281853145,85.26058737108268,0,4,0.0772233628496216,0.2012540315013774,3.411339830211172,2.130871451051632,4.178321190076967,0.3233016608647855,-1.002761137143926,-1.015116075388854,-0.0019003583424086,0.0683568913689871,8.182297960881899,3.7743106596445495,12.228023164640565,1.6465766114421705,5486.187,2.047449739025335,8.453712504996016,0.0015409085590768,2.7206739737613463
B0042,97,01767.csv,1.466255102543896,1.7314706281853145,84.68264368311114,0,4,0.0772233628496216,0.2012540315013774,3.406171736681637,2.1249846428522594,4.177914160605347,0.3283790040327128,-1.0028500275234071,-1.0161898571210812,-0.0012356705884221,0.0682466638638122,8.239851195999249,4.866093726205865,12.995413081963957,1.6678232224225569,5461.922,2.052929517753088,8.129319355758092,0.0014883624035198,2.699468294219107
B0042,98,01769.csv,1.459328259381702,1.7314706281853145,84.28258820140461,0,4,0.0772233628496216,0.2012540315013774,3.404061107280645,2.124079082604729,4.177668141485771,0.3290229852864128,-1.0027529355519171,-1.0156335856045815,0.0005687903234577,0.0685959205168586,8.314381068196377,5.064328187477132,13.00690019959285,1.6871506368148637,5438.157,2.0535890588810424,7.942572012115718,0.0014605264268971,2.7014903035861018
B0042,99,01773.csv,1.445704157754381,1.7314706281853145,83.49573675815489,0,4,0.0778025182673027,0.196930633856397,3.392089192692739,2.157698091133544,4.153042890139087,0.3262092181098098,-1.0027471224260915,-1.0151373782288406,-0.0020212433897954,0.0688392292302154,8.203300249486228,3.760749320682264,13.003396618491456,1.7632305655895353,5402.875,1.9950652464993304,9.242647297809192,0.0017106905671164,2.690313381826855
B0042,100,01775.csv,1.4400686089389023,1.7314706281853145,83.17025917142938,0,4,0.0778025182673027,0.196930633856397,3.396207267678132,2.128860427750212,4.176783274878805,0.332476187813772,-1.0026619793717586,-1.0156661309978,-0.0017615914551981,0.0689708112788274,8.252382764570392,5.127499040352615,12.802739574235911,1.6279657882936784,5384.438,2.0479228471285933,7.675240533883296,0.0014254487717907,2.6790703211137887
B0042,101,01777.csv,1.4290313659547842,1.7314706281853145,82.53281012641231,0,4,0.0778025182673027,0.196930633856397,3.395827065629725,2.162828573021361,4.176835821672092,0.3312872743691574,-1.002740647957347,-1.015570651710456,-0.0012958453819805,0.0694158568213434,8.247452041994245,5.268947360045857,12.748426837127605,1.5946644952100373,5344.859,2.014007248650731,7.479479477081748,0.0013993782580759,2.677038922108748
B0042,102,01779.csv,1.414172188151386,1.7314706281853145,81.6746276333618,0,4,0.0778025182673027,0.196930633856397,3.39249312765024,2.1882897882574714,4.1765571620332524,0.330798824769075,-1.0027179745166035,-1.0147574189655575,-0.0024425355844481,0.0697088129087957,8.179356055314594,5.033635313790021,12.453422458173543,1.614324106961891,5305.156,1.988267373775781,7.419787144383522,0.0013985992390013,2.675618671855352
B0042,103,01781.csv,1.415603079129078,1.7314706281853145,81.75726784419759,0,4,0.0778025182673027,0.196930633856397,3.389283502389414,2.1285029465259013,4.1766999837334025,0.3314821779406977,-1.0026894950538925,-1.015910590106893,-0.0013228207107746,0.0700289554653373,8.33800631225338,4.9905387057055535,12.1691500239434,1.644522307001389,5284.547,2.048197037207501,7.178611318237847,0.0013584156443755,2.6870863192625265
B0042,104,01785.csv,1.3994410223300702,1.7314706281853145,80.82383839203607,0,4,0.0785474312309159,0.1946124383761916,3.377876069069322,2.158726692822152,4.150196439454072,0.3322352169765736,-1.0025103497063337,-1.0159094949842238,-0.0016492952707308,0.0702008963587571,8.293330795902381,4.9273863857427855,12.726444405331804,1.6452665400841913,5267.843,1.9912325132727464,7.799058019589019,0.0014805031242557,2.6592716803183194
B0042,105,01787.csv,1.395963528579491,1.7314706281853145,80.62299792186165,0,4,0.0785474312309159,0.1946124383761916,3.386987302997725,2.1998128745691083,4.175707583064406,0.3293025644471134,-1.0024134076376698,-1.015635228418542,-0.0005976709915398,0.0705891017411724,8.373136255476883,5.217565120870593,12.125723483812015,1.6016537420131198,5229.688,1.9758947084952971,6.908158362941422,0.001320950382306,2.687850179309644
B0042,106,01789.csv,1.3929784652630588,1.7314706281853145,80.45059746251567,0,4,0.0785474312309159,0.1946124383761916,3.3829130588839496,2.1540885607694915,4.176508363415245,0.3323376938661875,-1.0024655689800792,-1.016152801679653,-0.0028143667405868,0.070636469919782,8.329037453715973,4.923982446005675,12.11350286924164,1.6254946348525838,5206.954,2.022419802645753,7.189520423235966,0.0013807535889957,2.681286486352987
B0042,107,01791.csv,1.3740772023800918,1.7314706281853145,79.35896688124635,0,4,0.0785474312309159,0.1946124383761916,3.3774651407729346,2.159795216779738,4.175329405348679,0.3377162898077446,-1.0024461693775724,-1.015180208545858,-0.0010365158630051,0.0710664533248964,8.396128944133206,5.561928665836724,12.960410174687055,1.6111046330339875,5179.062,2.0155341885689406,7.398481508850331,0.0014285369645797,2.654270170105652
B0042,108,01793.csv,1.3752493030002435,1.7314706281853145,79.42666081731849,0,4,0.0785474312309159,0.1946124383761916,3.3780934843236405,2.185043715780537,4.175181369358572,0.3312992684111992,-1.002355515867145,-1.014696180145089,-0.0007376994377314,0.0714407608185218,8.43692173445999,4.134321617243554,12.4262328165013,1.6986461649671674,5144.109,1.9901376535780355,8.291911199257745,0.0016119236974289,2.681279048261091
B0042,109,01797.csv,1.3671966130854505,1.7314706281853145,78.9615827626458,0,4,0.0790373338975149,0.209456772986416,3.364163079749717,2.1784898920030544,4.147372136171002,0.3339068084554881,-1.0023378437056385,-1.0153472628222506,-0.0015101895474657,0.0714880672805242,8.419794670115083,4.481717410647008,13.21754189086476,1.7941425346492414,5142.891,1.968689616715162,8.735824480217753,0.0016986213552295,2.651522853443036
B0042,110,01799.csv,1.356887600783644,1.7314706281853145,78.36619222387526,0,4,0.0790373338975149,0.209456772986416,3.3705853863809336,2.189853076065801,4.174822480867543,0.3367150851202691,-1.0021679698004895,-1.015989585590983,-0.0011949572748057,0.0718807349199511,8.409805733876953,4.950165168661344,13.047668558877342,1.7041493813082844,5109.734,1.9849694048017417,8.097503390215998,0.0015847211205546,2.6471432836133597
B0042,111,01801.csv,1.3449320225969348,1.7314706281853145,77.67570530529325,0,4,0.0790373338975149,0.209456772986416,3.366371835007897,2.169597235193881,4.174669508085626,0.3403796689714909,-1.0021759719497003,-1.0147917391902936,-0.0003718638051042,0.072200759629,8.370055044633526,4.931862010617464,13.073094195785368,1.686174787227621,5078.937,2.005072272891745,8.141232185167905,0.0016029401792477,2.6389092151931868
B0042,112,01803.csv,1.3374691704584258,1.7314706281853145,77.24469296139166,0,4,0.0790373338975149,0.209456772986416,3.360943897156673,2.153907127504055,4.174072805021775,0.3420482028501436,-1.0021900129076768,-1.0152446711938672,2.465679595063534e-05,0.0724804781215638,8.33428157906845,4.286490828675208,13.27910289077086,1.8035128775386309,5051.672,2.02016567751772,8.992612062095652,0.0017801258795297,2.633719791930281
B0044,1,03241.csv,1.686525555152074,1.686525555152074,100.0,96,22,0.0802491304054117,0.1445925073678542,3.439679725636751,2.6909422904080547,4.181787286734685,0.1903116496883612,-1.8098343456068096,-1.9964791277692224,0.0029597441973948,0.5771319984822731,32.08333169533252,22.89819136308009,37.78004007704112,3.399717011281537,3360.922,1.4907417773572185,14.88184871396103,0.0044279066024028,3.234280179978496
B0044,2,03243.csv,1.6624606531639186,1.686525555152074,98.573107776835,95,22,0.0802491304054117,0.1445925073678542,3.452824239327816,2.685251535316881,4.183923616071334,0.1973657734054201,-1.8219328456366493,-1.996937518623866,0.0013695111015536,0.5599183849709556,31.44294016626267,22.48508893482155,37.37920163006831,3.415299602969003,3289.406,1.4986720807544525,14.894112695246758,0.0045279034254958,3.2108211054012097
B0044,3,03245.csv,1.6534010755700512,1.686525555152074,98.03593372891191,94,22,0.0802491304054117,0.1445925073678542,3.4521568195939896,2.6435613323767395,4.183717457974608,0.2028575407017528,-1.8359320421754788,-1.997287749488606,0.0012889246721638,0.5386063274468227,31.149900898073525,22.240089226113486,37.15907806475986,3.452289040783388,3244.797,1.5401561255978686,14.918988838646374,0.0045978188585129,3.162747784303135
B0044,4,03247.csv,1.6452145903490936,1.686525555152074,97.55052838204664,93,22,0.0802491304054117,0.1445925073678542,3.4552256770525456,2.6433677125804977,4.183480576276661,0.2030558193335307,-1.845488834425212,-1.9967295286630409,0.0013397859482086,0.5234200119107342,31.12954746264574,22.149471524549643,37.12091726941865,3.5269521730450446,3211.438,1.5401128636961636,14.971445744869005,0.0046619133686744,3.1523987419740758
B0044,5,03249.csv,1.635664062367341,1.686525555152074,96.9842441681741,92,22,0.0802491304054117,0.1445925073678542,3.463672030116032,2.684789036307898,4.181986298076157,0.1996604835067876,-1.854699294407156,-1.9979913128709887,0.0017733280248056,0.508032923175406,31.51399426167105,22.51817659719432,37.70825289621454,3.5686293345108897,3175.594,1.4967903075359206,15.19007629902022,0.0047833810931183,3.155927967087829
B0044,6,03253.csv,0.0,1.686525555152074,,91,22,0.0768616167394947,0.1223032998649249,3.526841343827769,3.289658492617856,4.18108163961898,0.1489712325843219,-1.978883934795127,-1.996209551562781,-0.0010508030704849,0.1698618012200068,30.9572734254796,23.111416465978767,35.59949904890386,3.0561735135718893,2646.625,0.8914231470011238,12.488082582925092,0.0047184933955226,3.3295549138312124
B0044,7,03255.csv,1.6267769765146465,1.686525555152074,96.45729775899898,90,22,0.0768616167394947,0.1223032998649249,3.4680330762776053,2.6725301429926103,4.183320051971667,0.2041031290361148,-1.8756028913091127,-1.9967897857151824,0.0006334345228696,0.4707909159547265,31.634787338016164,23.10770092672458,37.649599494653536,3.436708863053052,3121.672,1.5107899089790569,14.541898567928955,0.004658368517874,3.126163267927104
B0044,8,03257.csv,1.6159715504743064,1.686525555152074,95.81660624932508,89,22,0.0768616167394947,0.1223032998649249,3.46794063161749,2.69384241497005,4.183385673000076,0.2017196186878255,-1.8740941775158024,-1.9971940723453785,0.0033231258814095,0.473691696542016,31.273656122735403,22.666098176277377,37.14337821498799,3.4675713912001056,3102.937,1.4895432580300256,14.477280038710614,0.004665669989017,3.1415898281741974
B0044,9,03259.csv,1.6076028386649623,1.686525555152074,95.32039605056592,88,22,0.0768616167394947,0.1223032998649249,3.465103331199184,2.676337924495192,4.183075069105795,0.2032476253890949,-1.87297275010726,-1.9966888809490444,0.00045380433139,0.475737583045026,31.0513882525287,22.361891686472,37.11952925248905,3.5224455225283404,3089.437,1.506630810987903,14.757637566017053,0.0047768048243149,3.1392816121954583
B0044,10,03261.csv,1.6003360401431612,1.686525555152074,94.88952214535873,87,22,0.0768616167394947,0.1223032998649249,3.463878052026492,2.667857305000976,4.18316470580942,0.2043509365357215,-1.871931466677304,-1.9967525939808977,0.0017642344012601,0.47783352615435,30.82531560391141,22.10778895384647,36.8278472964388,3.528565841275239,3077.75,1.5150284325013643,14.720058342592328,0.004782733601687,3.139624264890057
B0044,11,03265.csv,1.5978700914991917,1.686525555152074,94.7433074238304,86,22,0.0783938699950047,0.120028310566348,3.4618790737027214,2.651692148341609,4.1809489315384525,0.2056299878560452,-1.8711336666924587,-1.997645249612211,-8.403253962669601e-05,0.4792144686159342,30.772306222074597,21.994946007236376,37.07362320866197,3.5674190215341537,3074.875,1.5292567831968435,15.078677201425595,0.004903834205106,3.1354032082984435
B0044,12,03267.csv,1.5900310265163515,1.686525555152074,94.27850183823504,85,22,0.0783938699950047,0.120028310566348,3.4619567664351507,2.638384304971687,4.183395298117799,0.207833165931354,-1.869887873532527,-1.9974850325068685,0.0012396452905209,0.4814744553872053,30.77793162980491,22.01348455985373,37.27343452416563,3.5723766243249258,3061.891,1.545010993146112,15.2599499643119,0.0049838318752404,3.1329330560512894
B0044,13,03269.csv,1.5816311155652092,1.686525555152074,93.78044173321724,84,22,0.0783938699950047,0.120028310566348,3.4608461967292694,2.633572972853497,4.18312292936732,0.2081922917050088,-1.862461079658612,-1.997253452430168,0.0020485637364457,0.4945314124017272,30.734077377574607,21.98259747807361,36.92555325153096,3.571817804893643,3058.469,1.549549956513823,14.942955773457342,0.0048857633585487,3.1483758828417323
B0044,14,03271.csv,1.5714556311034702,1.686525555152074,93.17710166341192,83,22,0.0783938699950047,0.120028310566348,3.462773986667914,2.670554577314724,4.183401469736752,0.2048803337888319,-1.8611231730261664,-1.9973962391444864,0.0029975639144892,0.496889540786307,30.711931701692414,21.96611305264065,36.82542072716141,3.568411589950165,3040.75,1.5128468924220275,14.859307674520757,0.0048867245497067,3.1675946681861977
B0044,15,03273.csv,1.563220798569978,1.686525555152074,92.68882963525698,82,22,0.0783938699950047,0.120028310566348,3.46142516586872,2.662418584963947,4.182608034549464,0.2054492287350488,-1.8534672146493336,-1.998609124058789,0.0025134602754179,0.5099039780983041,30.69222352635548,21.93800756646044,36.86402084995953,3.591622906142888,3037.641,1.520189449585517,14.926013283499092,0.0049136857461099,3.1805021571885783
B0044,16,03277.csv,1.5606775388245586,1.686525555152074,92.53803086807258,81,22,0.0750323805265269,0.126579917936989,3.459888006806987,2.656737093913297,4.180665797789407,0.2056114758840687,-1.8464485055279791,-1.9964580129835687,0.0020262994622793,0.5217242006008657,30.656716513936477,21.82718305302701,36.85447944747772,3.613100324467463,3044.828,1.5239287038761105,15.027296394450712,0.0049353514860119,3.2007350850955527
B0044,17,03279.csv,1.5523886011314287,1.686525555152074,92.04655075573106,80,22,0.0750323805265269,0.126579917936989,3.459225464203645,2.645608837998441,4.183243082901965,0.2076408075000954,-1.8450475324556967,-1.998262725597201,3.741603769891466e-05,0.5239802525242483,30.677651249958306,21.874894396658306,37.00807199261186,3.624058237972836,3030.25,1.5376342449035243,15.133177595953557,0.0049940360022947,3.198892280752204
B0044,18,03281.csv,1.5444592876561969,1.686525555152074,91.57639402131284,79,22,0.0750323805265269,0.126579917936989,3.459378780567444,2.657434360611611,4.182596378873874,0.2065998362840538,-1.8438251021984409,-1.997119290009149,0.0006154231002514,0.5256572574667683,30.67040122297292,21.89720723607561,36.85691194751145,3.625608293571824,3017.578,1.5251620182622627,14.95970471143584,0.0049575204721918,3.20689860456437
B0044,19,03283.csv,1.536558134180655,1.686525555152074,91.10790699178604,78,22,0.0750323805265269,0.126579917936989,3.4594746923592585,2.6700448196473143,4.182792894198413,0.2056868019625503,-1.8359182150531628,-1.99785698826369,0.0013502484419816,0.5382543271762874,30.695903900430444,21.85039318802649,36.933977837728406,3.6382190469992297,3015.0,1.5127140169066342,15.083584649701915,0.0050028473133339,3.2312579030083723
B0044,20,03285.csv,1.5307255867941072,1.686525555152074,90.762074853712,77,22,0.0750323805265269,0.126579917936989,3.457758884701852,2.6538669632174807,4.183044202315208,0.2081228018317181,-1.837930189329905,-1.997575789473797,0.0016344891553811,0.5351611933109403,30.693601629277207,21.88067217044617,36.96952216360131,3.6495518963347218,2999.454,1.529098560106335,15.08884999315514,0.0050305322212493,3.219876829713684
B0044,21,03289.csv,1.545242808242328,1.686525555152074,91.62285169779082,76,22,0.0759165015493674,0.1254534625171989,3.4604365465272604,2.679338771098678,4.17495739021519,0.2024937576837875,-1.822406275328598,-1.996154584194868,0.0031354899087874,0.5582193916306711,31.3317805416781,22.12957023148279,37.880341936530016,3.846808675485264,3054.859,1.4956186191165122,15.750771705047224,0.0051559733870032,3.2690404213130635
B0044,22,03293.csv,1.5397144491816253,1.686525555152074,91.29505594967335,75,22,0.0775276445060415,0.1194606932723981,3.46737063205958,2.6880235920055937,4.1804104728622375,0.2044608133500401,-1.8277755287188369,-1.996918380412392,0.0019914621350541,0.55062401093294,32.003093392777586,22.95358536340276,38.4338113726962,3.784147995955665,3034.875,1.4923868808566438,15.48022600929344,0.0051007787830778,3.252581768346691
B0044,23,03295.csv,1.5305357077773765,1.686525555152074,90.75081626257172,74,22,0.0775276445060415,0.1194606932723981,3.468244375578301,2.687370056924405,4.183012088063382,0.2053593553756237,-1.819929471677548,-1.9973605086578847,0.0016564879469571,0.5626304415241543,32.229129548420126,23.24165959911858,38.62527616952544,3.7638460288902458,3030.0,1.495642031138977,15.38361657040686,0.005077101178352,3.285181721291438
B0044,24,03297.csv,1.5199735224097084,1.686525555152074,90.12454734328958,73,22,0.0775276445060415,0.1194606932723981,3.4662944691430644,2.6893554366992016,4.183156295632244,0.2055018755250735,-1.8182280699458224,-1.9964576467808028,0.000646931078204,0.5651932608663193,32.11597218782518,23.135949966403075,38.54196067361033,3.775168740200363,3011.781,1.49363563640228,15.406010707207258,0.0051152493183293,3.290650515370832
B0044,25,03299.csv,1.5136629526844203,1.686525555152074,89.75037158852498,72,22,0.0775276445060415,0.1194606932723981,3.4597034229251418,2.633690741780774,4.182731552192122,0.2112443708121691,-1.82344115362652,-1.997579325378104,0.0011370838196343,0.5576246641554571,31.969087731359647,22.93636450124002,38.50117611497123,3.827827143384881,2990.25,1.549040810411348,15.564811613731209,0.0052051873969504,3.251079130485149
B0044,26,03301.csv,1.501287000699295,1.686525555152074,89.01655810154173,71,22,0.0775276445060415,0.1194606932723981,3.4622130413589143,2.689158212130464,4.182713459240956,0.2058236586015791,-1.814801427898659,-1.9961193009923857,0.001320592402494,0.569880270484009,31.87470050843518,22.77057819761938,38.43383998472231,3.876980392487088,2980.234,1.4935552471104925,15.663261787102932,0.0052557154193606,3.297629861956402
B0044,27,03305.csv,1.5023814734911674,1.686525555152074,89.08145322207689,70,22,0.07727130580941,0.121076014639354,3.4628505734955555,2.682936321683332,4.180340134562246,0.206303291787488,-1.8075840969590575,-1.9962084053853808,0.0015097398776068,0.5800322782054074,32.24329057966032,23.12114602411146,38.70474156110448,3.834754824666116,2994.844,1.4973036779902067,15.583595536993016,0.0052034748844991,3.3173599275141443
B0044,28,03307.csv,1.4980955154277502,1.686525555152074,88.82732377527876,69,22,0.07727130580941,0.121076014639354,3.462862471197369,2.6587209985414955,4.182573946557156,0.2097092421014962,-1.8065211847034743,-1.9967029680268844,0.0004091443110585,0.5817569081144133,32.62193857776337,23.57637165529978,39.13185799913766,3.8363435934262697,2987.672,1.5238529480156604,15.555486343837876,0.0052065575952908,3.325928683451
B0044,29,03309.csv,1.4906542391377111,1.686525555152074,88.38610447283136,68,22,0.07727130580941,0.121076014639354,3.4614145860859864,2.660938360343116,4.182900962902353,0.2100839730403845,-1.8052430334885248,-1.997103683848464,0.0017857682443869,0.5836844600397989,32.534721843990155,23.505421833154223,39.06117424677476,3.828601558378312,2975.1100000000006,1.521912137658938,15.55575241362054,0.0052286310131795,3.331092289631107
B0044,30,03311.csv,1.484397163943621,1.686525555152074,88.01510059595707,67,22,0.07727130580941,0.121076014639354,3.4567536825256298,2.6382065057381183,4.182966025381988,0.2128717616789201,-1.8105860657133828,-1.997186957551534,0.0017170526773058,0.5763458802202687,32.315090431633784,23.260374502704018,38.900911326239694,3.866910303574792,2953.219,1.5447595196438693,15.640536823535676,0.0052960978591617,3.3012455253612414
B0044,31,03313.csv,1.4725321936230114,1.686525555152074,87.31158499938847,66,22,0.07727130580941,0.121076014639354,3.457596686753219,2.6803751950872314,4.183016347451806,0.2087744025366854,-1.7950692987909964,-1.9960209799250943,0.0013777344731151,0.5974764408413852,32.11227103017126,22.97677225131331,38.637548513661336,3.8850656834571033,2955.484,1.5025562470324658,15.660776262348026,0.0052988871746042,3.3758184974653798
B0044,32,03317.csv,1.4663149382113208,1.686525555152074,86.94294217671093,65,22,0.0791364589644549,0.1190942313307892,3.456382425532515,2.695456060678521,4.1793816650979885,0.2070279704365772,-1.786985657468036,-1.996899503317236,0.0013166253209841,0.6081713477965006,31.74433650446741,22.78063358744876,38.14612160171512,3.7629692054245454,2957.016,1.4839256044194675,15.36548801426636,0.0051962816617381,3.414267307402315
B0044,33,03319.csv,1.4671298468877776,1.686525555152074,86.99126096286673,64,22,0.0791364589644549,0.1190942313307892,3.4558985436662764,2.658317830680757,4.183025078755878,0.2117949269758377,-1.7928445896165708,-1.9963246097670304,0.0015873559542654,0.6004961497193906,32.11351047936838,23.217531125193947,38.41020545726171,3.7575954268558975,2948.219,1.5247072480751211,15.192674332067764,0.0051531702129549,3.370273785112296
B0044,34,03321.csv,1.4593858997633138,1.686525555152074,86.53209524783756,63,22,0.0791364589644549,0.1190942313307892,3.4536993651226653,2.650498351064384,4.182295217506064,0.2135691910239006,-1.7913668174036652,-1.997150820770342,0.0007251169997461,0.6024436779266827,32.04801967333395,23.296232005674824,38.342879393411714,3.707314228260983,2935.5,1.5316333310664478,15.04664738773689,0.005125752814763,3.39719419407679
B0044,35,03323.csv,1.4467901368505207,1.686525555152074,85.7852484020062,62,22,0.0791364589644549,0.1190942313307892,3.452694653937275,2.688935729076874,4.182630774542257,0.2107401518354192,-1.7891101484216256,-1.9973020414669824,0.0035597961866578,0.6055317090467354,31.7080219105398,22.914322779687136,37.97725957749192,3.7281307773697385,2913.797000000006,1.4936905533323714,15.062936797804785,0.0051695216920755,3.4157247147883587
B0044,36,03325.csv,1.4390669859638228,1.686525555152074,85.32731576866395,61,22,0.0791364589644549,0.1190942313307892,3.44942355838508,2.687761244178016,4.182872685249836,0.2114347507354214,-1.78765949762317,-1.997028487870564,0.0028818121425802,0.6077272510676894,31.467203186429348,22.59747844728325,37.79705513935421,3.7650857455946336,2900.703,1.4950379714672226,15.199576692070952,0.0052399631027619,3.420000068945409
B0044,37,03329.csv,1.4389892550462602,1.686525555152074,85.32270683064192,60,22,0.0777204814999557,0.1256969602403172,3.4464363236508917,2.668468130193828,4.179973909655392,0.2122368159634013,-1.7797845626759965,-1.996553527240556,0.0022170051863129,0.617639350503117,31.560453436032944,22.363262798668703,37.93561044482721,3.933612334597377,2914.031,1.5115057794615645,15.572347646158509,0.0053439196927412,3.447450713485042
B0044,38,03331.csv,1.4386198779578576,1.686525555152074,85.30080517090875,59,22,0.0777204814999557,0.1256969602403172,3.447035324752623,2.642056455668292,4.182978380469111,0.215769480510953,-1.786101275708508,-1.9982510496408243,0.0008183496815681,0.6097165881952838,31.887709097598357,22.829272160428808,38.32554543437737,3.8677367707091856,2901.968,1.5409219248008186,15.49627327394856,0.0053399187289275,3.4022433263220497
B0044,39,03333.csv,1.4313412096653504,1.686525555152074,84.86922746547333,58,22,0.0777204814999557,0.1256969602403172,3.4510808838042264,2.6780728769094244,4.183054454837302,0.2128465244596133,-1.7774334664210216,-1.9967399870670337,0.0015347822016542,0.6207343455872792,32.164811812502585,23.22378883043629,38.55610999749079,3.8258147858848273,2901.734,1.504981577927878,15.332321167054502,0.00528384792233,3.462445936331249
B0044,40,03335.csv,1.422973037663468,1.686525555152074,84.37304927378693,57,22,0.0777204814999557,0.1256969602403172,3.450413161794029,2.6917750634373303,4.18231054917298,0.2124023155375167,-1.7758066384425826,-1.99737913916284,0.0018952752492584,0.6228613963267934,32.13295425226488,23.21624477930183,38.62165239845955,3.803447701600408,2887.407,1.49053548573565,15.40540761915772,0.0053353779426169,3.470992989341622
B0044,41,03337.csv,1.4150153099745095,1.686525555152074,83.90120776123773,56,22,0.0777204814999557,0.1256969602403172,3.4446894399022403,2.68001440979752,4.182416637290177,0.2146647246175985,-1.78107743904082,-1.99678550219575,0.0006225391345261,0.6161596344750433,31.751336888270355,22.853403604078057,38.18800348171553,3.807503309748302,2861.937,1.5024022274926572,15.334599877637476,0.0053581193008921,3.4540688580509533
B0044,42,03341.csv,0.0572172710622218,1.686525555152074,,55,4,0.0769989075127542,0.1252650896621177,4.054818943483505,2.5311035775191533,4.177605302188679,0.27977616571583,-0.2188327492326632,-3.9896989741694777,0.005540343309771,0.914035990562849,7.057089335323658,4.847970553868735,9.757496138930122,1.258080602833299,1055.25,1.646501724669526,4.909525585061387,0.0046524762710839,4.136088579572335
B0044,43,03345.csv,0.0573587470253984,1.686525555152074,,54,4,0.0877271677318431,0.2368243607160147,4.048971725415953,2.5372412665469883,4.1758503096814,0.2813427937344951,-0.2291787146876666,-3.9906931282455655,0.0035384118158599,0.9341097631819164,6.945113627374995,5.645674651140764,9.760471127293034,1.1522246816795236,1012.187,1.6386090431344118,4.11479647615227,0.0040652532349775,4.132599891703724
B0044,44,03347.csv,0.0574968754544523,1.686525555152074,,53,4,0.0877271677318431,0.2368243607160147,4.048139868634576,2.5608994701667624,4.1760882615952974,0.2790715070822925,-0.2345793669890724,-3.990789539982711,0.0040689492545054,0.9441982069859014,6.969210950143102,6.384509116340028,9.69821406411427,0.6460238227216215,991.172,1.615188791428535,3.3137049477742417,0.0033432188840829,4.132343525825404
B0044,45,03349.csv,0.0576308880988852,1.686525555152074,,52,4,0.0877271677318431,0.2368243607160147,4.04489102283376,2.487518572801469,4.176702751698478,0.2908854525763655,-0.2376141943825294,-3.9914245848072887,0.0036189979782433,0.9495715552721689,7.1320933104899575,4.797655713268796,9.00106106019679,1.139699503606253,982.094,1.6891841788970092,4.203405346927994,0.0042800438114151,4.133081465601482
B0044,46,03351.csv,0.0551169133397871,1.686525555152074,,51,4,0.0877271677318431,0.2368243607160147,4.058712789171854,2.652711478763571,4.173920852315538,0.2542132803763513,-0.2099858295389897,-3.9916882386949055,0.0033409083202724,0.8956222892768816,6.9052479876970985,4.5885847373663005,8.446753567938917,0.8444944884182936,1063.609,1.521209373551967,3.858168830572616,0.0036274315378796,4.132688866198494
B0044,47,03354.csv,0.0674075526574801,1.686525555152074,,50,4,0.0853574012443256,0.2365673620223707,4.04058000450648,2.567871692937443,4.176081063674498,0.2815577292128081,-0.2518669105532582,-3.9926490229101614,0.003640462506407,0.9758996488597576,6.719645217752847,6.1817739418643125,9.004482980571387,0.6270182089709923,1067.641,1.608180437827714,2.8227090387070746,0.0026438747094829,4.127720295167672
B0044,48,03356.csv,0.0675676530317139,1.686525555152074,,49,4,0.0853574012443256,0.2365673620223707,4.038574138704129,2.537541377739229,4.177001690332218,0.2886164514594043,-0.2571724854575856,-3.9909440128041087,0.0044031148014149,0.9856008644943842,6.752194119869617,4.328266273377452,10.10838939092693,1.7654079921093426,1048.687,1.639460312592989,5.780123117549478,0.0055117714985972,4.128408206059031
B0044,49,03358.csv,0.0556373104491564,1.686525555152074,,48,4,0.0853574012443256,0.2365673620223707,4.060984637180495,2.699632089744985,4.176258717683466,0.2481606285662343,-0.2168958065340876,-3.990888784116204,0.0042629814533031,0.9094992071605768,6.682861474834709,4.051923742831441,9.084345421523768,1.4896273020834208,1039.984,1.4766266279384812,5.032421678692327,0.0048389414439956,4.134640676781891
B0044,50,03360.csv,0.0682243327610682,1.686525555152074,,47,4,0.0853574012443256,0.2365673620223707,3.9901324953919,2.502639203032668,4.177495150501219,0.3536885448618942,-0.3924814177291054,-3.990777296546928,0.0060614646394442,1.198095583108557,7.805372903557112,4.434791912263703,9.9732818280256,1.5188794799465368,687.328,1.674835287930908,5.538489915761897,0.0080580012974328,4.125172147874383
B0044,51,03362.csv,0.0560524534315144,1.686525555152074,,46,4,0.0853574012443256,0.2365673620223707,4.060072156375749,2.645057195756969,4.177754475108936,0.253808733098221,-0.2168072550339313,-3.991727704958517,0.0035858034272578,0.9096240223149312,6.452537181339348,3.680038781425441,7.130613484534643,0.6537310696304541,1047.531,1.5326972793519675,3.450574703109202,0.0032940072447585,4.135166767147663
B0044,52,03366.csv,0.0686822013010505,1.686525555152074,,45,4,0.0855439076731957,0.2265719007037673,4.036259706472422,2.5457909784374686,4.176437545781662,0.287809272721549,-0.2627044986257249,-3.991158236131923,0.006348113315537,0.9957518008202856,6.89796196003197,6.320493718104861,9.420302039012588,0.7355078531394194,1038.375,1.630646567344193,3.0998083209077274,0.0029852493760998,4.126927157705469
B0044,53,03368.csv,0.0687475535334652,1.686525555152074,,44,4,0.0855439076731957,0.2265719007037673,4.034899045788163,2.525156138635263,4.1766732396736,0.2906768653827338,-0.2660568669142741,-3.9909330027161993,0.0036003386969768,1.0006278418361063,6.643140512754006,6.195993903453708,8.596928821276874,0.508142284520449,1030.703,1.6515171010383374,2.4009349178231663,0.0023294148923823,4.126958853323422
B0044,54,03370.csv,0.0565143989134748,1.686525555152074,,43,4,0.0855439076731957,0.2265719007037673,4.05627259287341,2.6675668355109194,4.176262440841608,0.2561891436881672,-0.2264584634855415,-3.990997288294168,0.0041912565972737,0.9288577442481424,6.823596011664432,3.585012902292957,8.914167582596768,1.484260694209039,1010.765,1.5086956053306886,5.329154680303811,0.0052723973231204,4.133944529532804
B0044,55,03372.csv,0.0567330718538736,1.686525555152074,,42,4,0.0855439076731957,0.2265719007037673,4.056631496996698,2.6214259323214453,4.17780020929139,0.259969764217371,-0.2243099150823807,-3.9914062156576913,0.0039560896927082,0.923773038514758,6.621700828774675,3.624411042941952,7.468130255797678,0.7466427278205096,1025.719,1.556374276969945,3.8437192128557256,0.0037473413409088,4.134513241013772
B0044,56,03374.csv,0.0694133756360175,1.686525555152074,,41,4,0.0855439076731957,0.2265719007037673,4.033722240018022,2.5339139586135624,4.177530439833207,0.2926465261629145,-0.2721929801870256,-3.992122190709,0.0032602599245902,1.0114493179015096,6.654177389025503,5.7425323200811125,9.34228820478629,0.8042076586649053,1016.859,1.6436164812196448,3.5997558847051767,0.003540073780834,4.127191409384142
B0044,57,03378.csv,0.0593176644466495,1.686525555152074,,40,4,0.0848053040488877,0.244816097133117,4.052548629680626,2.645937277014869,4.176559125063143,0.2619469930818733,-0.2353909668777727,-3.9931560142753657,0.002763522442131,0.9443071091801134,6.691030736897561,3.508573469192295,9.296386526511638,1.7431409322538227,1021.079,1.5304988725434292,5.787813057319343,0.0056683303224523,4.13258995090893
B0044,58,03380.csv,0.0698170725362273,1.686525555152074,,39,4,0.0848053040488877,0.244816097133117,4.031869983878109,2.5126783310210183,4.177198757478185,0.2968421659498345,-0.2757939587127618,-3.992595683096178,0.0047276948770042,1.0170579801699462,6.789742456285512,5.216005974992561,10.402010089986526,1.4373677458865517,1010.562,1.6645204264571665,5.186004114993964,0.0051318020220372,4.126677743718878
B0044,59,03382.csv,0.0574643508969407,1.686525555152074,,38,4,0.0848053040488877,0.244816097133117,4.0546007592526,2.676683003373552,4.175693660429193,0.2562395908823715,-0.2319283633373105,-3.992785917898217,0.0034213506803586,0.939259055698488,6.652607169727167,3.704855386128089,9.139614420555528,1.6532056422072532,1003.313,1.4990106570556412,5.434759034427439,0.0054168131325194,4.132917213366866
B0044,60,03384.csv,0.0705377438399369,1.686525555152074,,37,4,0.0848053040488877,0.244816097133117,4.029900462300052,2.509819479017468,4.176717865368056,0.2979626571504119,-0.2784044039379529,-3.991697440625882,0.0051968427569207,1.0224840808404725,6.727197790202005,5.538593319761488,10.577915316418856,1.133010247468357,1006.187,1.6668983863505882,5.039321996657368,0.0050083354253805,4.125714254497614
B0044,61,03386.csv,0.0580546605234449,1.686525555152074,,36,4,0.0848053040488877,0.244816097133117,4.0528579449382525,2.659947287863178,4.175734240124533,0.2594451350887001,-0.2346864574044636,-3.9922087112758975,0.0046771770057918,0.9442872570310306,6.704744929431838,3.448515456521294,9.153655205612418,1.6907178864448074,996.765,1.515786952261355,5.705139749091124,0.0057236557755249,4.132635954980848
B0044,62,03390.csv,0.0708399201529106,1.686525555152074,,35,4,0.0872763634531949,0.211354006808051,4.027030974078611,2.502902423851419,4.174858788640489,0.2997249274643529,-0.2817775496820992,-3.9930053753030488,0.0038835913980858,1.028308276391784,6.688129486124422,5.253409597329436,10.601194386353557,1.282831647226678,999.422,1.6719563647890705,5.347784789024121,0.0053508775962747,4.123729466513905
B0044,63,03392.csv,0.0581718361305258,1.686525555152074,,34,4,0.0872763634531949,0.211354006808051,4.048647775995237,2.597947039498895,4.175396670709832,0.2694046110092398,-0.2378117880782571,-3.9905824714445854,0.0038423311547758,0.9496076536552064,7.135311524033081,4.699512503330192,8.524863523744626,0.7173646753760665,990.234,1.577449631210937,3.825351020414434,0.003863077838586,4.131024674636646
B0044,64,03394.csv,0.0583051571279828,1.686525555152074,,33,4,0.0872763634531949,0.211354006808051,4.006197810720952,2.688243972514366,4.176278504943042,0.3173344061317378,-0.3839746086117853,-3.992407076231904,0.003173192711416,1.187873578883094,7.514206392471801,4.420025377112379,9.440256551104172,1.4842631931549504,608.953,1.488034532428676,5.020231173991792,0.0082440371818379,4.128296677550517
B0044,65,03396.csv,0.0584559266936776,1.686525555152074,,32,4,0.0872763634531949,0.211354006808051,4.001898132433219,2.6997767051836083,4.175998506248964,0.3203334520834986,-0.3991042469889139,-3.992461574821749,0.0027715238099175,1.209312808906505,7.105939545905624,4.419732386549667,9.577062674735402,1.752139032777334,586.719,1.476221801065356,5.157330288185735,0.0087901197816769,4.127586739275969
B0044,66,03398.csv,0.058629861106387,1.686525555152074,,31,4,0.0872763634531949,0.211354006808051,3.9995228828543774,2.6926916057581445,4.176936753250137,0.3244730441009008,-0.4072004054361969,-3.9906773895407737,0.0038798632840286,1.2201586654707326,7.121133621766568,4.353467531572625,9.571995894192735,1.767288525967173,575.922,1.4842006799789549,5.21852836262011,0.0090611721077161,4.128018489316974
B0044,67,03402.csv,0.0589003321838338,1.686525555152074,,30,4,0.085812723216084,0.2293881143729977,4.053493486866572,2.6700548004006626,4.1734597535552,0.2528103296834686,-0.2265541392450527,-3.9900184345675953,0.0037123685484004,0.9288442918593434,6.525840333846862,4.285263751732037,7.124889090041003,0.543787827253575,1050.406,1.5033912355633463,2.8396253383089656,0.0027033597849869,4.129756682947567
B0044,68,03406.csv,0.0590646770201104,1.686525555152074,,29,4,0.0883036858881941,0.2166401359101405,4.052074849774992,2.610708527753601,4.175712749345959,0.26334601483559,-0.2291913700387426,-3.9919951224872414,0.0048712826538623,0.9341187457201724,7.0347000891113804,4.140722546707669,8.324153740739145,0.7353891354390677,1040.75,1.5650042215923583,4.183431194031477,0.0040196312217453,4.1314197099886325
B0044,69,03408.csv,0.0724057998284407,1.686525555152074,,28,4,0.0883036858881941,0.2166401359101405,4.028366353886938,2.500114336550371,4.176096844607635,0.2986939132118146,-0.2819333043565596,-3.9922653535751937,0.0044428646965618,1.0281289138093352,6.897376838601351,5.326638606105242,10.63955759206541,1.410783896591771,1019.125,1.6759015931774175,5.312918985960168,0.0052132162256447,4.124452376799466
B0044,70,03410.csv,0.0725563284689165,1.686525555152074,,27,4,0.0883036858881941,0.2166401359101405,3.9662515216379135,2.463640728476522,4.176353738400277,0.3765773951983285,-0.4609315945816927,-3.990796915640813,0.0035443938564919,1.287034354691308,8.12797412482593,4.957548969148244,10.376173431482592,1.6138794412833506,618.844,1.7127130099237546,5.418624462334347,0.0087560426574942,4.119919807076147
B0044,71,03412.csv,0.0595922298890959,1.686525555152074,,26,4,0.0883036858881941,0.2166401359101405,4.052244387669817,2.5987325707723405,4.177102599239209,0.2648319008312359,-0.2319988986885329,-3.9911388227447215,0.0043530453320311,0.9392414165664332,6.951583874586089,4.01632818386259,8.316021086973787,0.755049924506595,1039.547,1.5783700284668685,4.299692903111198,0.0041361216983082,4.132325405927558
B0044,72,03414.csv,0.0732170902276858,1.686525555152074,,25,4,0.0883036858881941,0.2166401359101405,4.024847285360175,2.4742429443982785,4.175820770125257,0.3040945886727007,-0.2883589666758985,-3.991443615973067,0.0047420636534104,1.0396968953688814,6.953046195579622,5.9431729658560775,10.655557073631597,1.2058559216409004,1004.328,1.7015236541171492,4.712384107775519,0.0046920767993877,4.123646464129609
B0044,73,03418.csv,0.0598410084998697,1.686525555152074,,24,4,0.0882194181016561,0.207645453619687,4.051149690799867,2.693112294857156,4.174362644498064,0.2537444948964872,-0.2402036412336423,-3.9937289569249135,0.0033085774036558,0.9554464788314884,6.413311987885646,5.328465768215402,7.631714348736341,0.3309669930830238,1005.75,1.481250349640908,2.303248580520939,0.0022900806169733,4.1296783496465554
B0044,74,03420.csv,0.0734434705697157,1.686525555152074,,23,4,0.0882194181016561,0.207645453619687,4.023626364549916,2.476301013332819,4.175874340371016,0.3048050064359071,-0.2918314525277321,-3.991810733048436,0.0030234106269455,1.0456411427545336,6.779577103952525,5.671261940663974,10.509625598200184,1.0380053958469564,995.797,1.699573327038197,4.838363657536211,0.0048587851314436,4.12323497835158
B0044,75,03422.csv,0.0737373960592326,1.686525555152074,,22,4,0.0882194181016561,0.207645453619687,4.0230998765187564,2.455959621392259,4.176007922304425,0.3062925351592174,-0.2917484860639784,-3.990343191482173,0.0048266081362949,1.0454914612088173,6.978468873690951,6.428592965422287,9.204729619835248,0.6430309014117285,998.921,1.720048300912166,2.7761366544129613,0.0027791353414463,4.123220818467599
B0044,76,03424.csv,0.0603231248972743,1.686525555152074,,21,4,0.0882194181016561,0.207645453619687,4.047078241937264,2.595966933411927,4.176473294247625,0.2700579065553064,-0.2460711384456988,-3.991055043675492,0.0080503346908598,0.9664036022245382,6.809785593582902,3.7557573168497567,7.96351554428054,0.8280180972128813,989.141,1.580365298962244,4.207758227430784,0.0042539518910153,4.131026022922908
B0044,77,03426.csv,0.0740961197823434,1.686525555152074,,20,4,0.0882194181016561,0.207645453619687,4.02025965935536,2.4476887634196065,4.176068533506241,0.3110182511235989,-0.298818492738235,-3.993323501641109,0.0035454695598344,1.0579169271761968,6.971049837313714,6.406430103137445,9.367163499816083,0.7109976609369081,979.203,1.7283797700866343,2.9607333966786387,0.0030236155288317,4.122904684919976
B0044,78,03430.csv,0.0607171505329549,1.686525555152074,,19,4,0.0859578058969941,0.2114825783154404,4.048987988645058,2.696514442504613,4.174058322711264,0.2554992367425524,-0.2461964132087831,-3.991161876623272,0.00336361268429,0.9663106816390192,6.579881562367587,5.992218142754614,8.36281681813677,0.4693047352837601,994.031,1.4775438802066514,2.370598675382156,0.0023848337480241,4.12872390880182
B0044,79,03432.csv,0.0608284422939796,1.686525555152074,,18,4,0.0859578058969941,0.2114825783154404,4.048190135327761,2.690051793810678,4.175423863730147,0.2599694780799346,-0.2522239281993396,-3.9915962217441727,0.0046385559518115,0.9778790532985128,6.690126647286674,5.378327257419688,9.833929266126528,1.1835893095378565,971.516,1.4853720699194692,4.45560200870684,0.0045862363653371,4.1299361370660135
B0044,80,03434.csv,0.0609288444479822,1.686525555152074,,17,4,0.0859578058969941,0.2114825783154404,4.031325666700656,2.682527208849319,4.175023430172884,0.2830074755556768,-0.3018936240718056,-3.991136960671815,0.0031598068505257,1.0638632275455886,6.925009518097775,5.494428595244186,9.82294821385076,1.3392012492419536,810.563,1.492391318748385,4.328519618606574,0.0053401396542977,4.128075496809569
B0044,81,03436.csv,0.0612203873656202,1.686525555152074,,16,4,0.0859578058969941,0.2114825783154404,3.99633832641595,2.652291441667637,4.17570719288233,0.3279075233464348,-0.4070041672359562,-3.991424193255269,0.0028573457211166,1.220312062625124,7.831469751479566,5.011195309533016,9.64729446630716,1.3061490266678235,599.047,1.5231956636415522,4.6360991567741445,0.0077391242369532,4.125398570412094
B0044,82,03438.csv,0.061336775826916,1.686525555152074,,15,4,0.0859578058969941,0.2114825783154404,3.5339557623459634,2.546878970446884,4.176924395260363,0.5915968654435131,-1.9943360872313465,-3.989885469699493,0.0089812731232464,2.102581694527075,6.357821828788143,4.261352737687649,8.475214897845488,1.7382370163801146,109.078,1.6300454248134786,4.213862160157839,0.0386316412123236,4.013179157800582
B0044,83,03442.csv,0.0615021959933087,1.686525555152074,,14,4,0.0851450528939488,0.2156964199191051,3.5662543456123466,2.645930219491384,4.176472262163263,0.5560613961945624,-1.996129232362493,-3.992242021387917,0.000234021164754,2.101502713350829,6.5954208155010985,5.339199492935753,7.906766993792881,1.0103264561488026,109.171,1.530542042671879,2.567567500857128,0.0235187687284821,4.01543311516974
B0044,84,03444.csv,0.0615436456229027,1.686525555152074,,13,4,0.0851450528939488,0.2156964199191051,3.480657456568583,2.5366466461777906,4.177637250505157,0.6032385526927171,-2.217653041798755,-3.991625583043432,2.94281467370658e-05,2.10149558154778,6.324536214740793,4.563444717869488,8.628110902694925,1.6216396187273925,96.484,1.64086238814936,4.064666184825437,0.0421278780401459,3.977433632079869
B0044,85,03446.csv,0.0613682829819075,1.686525555152074,,12,4,0.0851450528939488,0.2156964199191051,3.559655619146663,2.619612898646795,4.178674620885059,0.5657106205308031,-1.9957140019130044,-3.9917742802321072,0.0023357518510713,2.103068850624114,7.644851838660085,5.844985244902131,9.541833690746394,1.551732308272444,109.094,1.559061722238264,3.696848445844263,0.033886817293749,4.016789225299525
B0044,86,03448.csv,0.0616335088887399,1.686525555152074,,11,4,0.0851450528939488,0.2156964199191051,3.4710657400965403,2.48420676655347,4.180128549369836,0.618801370467978,-2.21720783656349,-3.99341095347209,0.0018380871713237,2.1029665584325388,5.10818141008298,2.90475616543561,7.890349591233944,1.974261967785683,96.906,1.6959217828163655,4.985593425798334,0.0514477269291719,3.97776260053026
B0044,87,03450.csv,0.0619810308759487,1.686525555152074,,10,4,0.0851450528939488,0.2156964199191051,3.4889263102095542,2.5492794097929745,4.178617367574264,0.5973634007619059,-2.217892317465651,-3.991569924612713,0.0026975967399349,2.10217370190824,6.978200107513246,5.268020681575575,9.207557697837885,1.569138647780591,97.015,1.6293149993955471,3.9395370162623102,0.0406075041618544,3.97832212096772
B0044,88,03454.csv,1.4779954511171076,1.686525555152074,87.63552064788232,9,4,0.0861128905186487,0.231556384626028,3.438530012225991,2.6987042664288663,4.132709552803766,0.2253346466285129,-0.948665522461736,-0.9996908932907372,0.0005119272383861,0.2130698764334054,7.831586108538486,4.96446313077256,10.171915363933092,1.1964706698644685,5608.781,1.434005286374899,5.207452233160532,0.0009284463474613,3.0739578551378024
B0044,89,03458.csv,1.494119871447679,1.686525555152074,88.5915939360287,8,4,0.0846546520054471,0.2043531381988625,3.4576572257357188,2.6902025456609366,4.15897226684506,0.2320829489632181,-0.9429836446189774,-1.002764391386482,0.0009107829167059,0.224925034682518,7.730546352316417,4.362853119300769,10.296016892383854,1.166339350550204,5703.296,1.4687257261108315,5.933163773083085,0.0010403043736609,3.118466060830442
B0044,90,03460.csv,1.488007820113173,1.686525555152074,88.22918903111429,7,4,0.0846546520054471,0.2043531381988625,3.4553887210557868,2.682194069736634,4.173670999223567,0.2433144102209309,-0.9448444362873196,-1.001809989064009,0.0008606130538372,0.2216392479020456,7.787963683864436,5.202271526875168,10.396418259744522,1.1170843259733512,5668.032,1.4914769294869332,5.194146732869354,0.0009163933324422,3.0914862556400635
B0044,91,03462.csv,1.4748338592717107,1.686525555152074,87.44805880742939,6,4,0.0846546520054471,0.2043531381988625,3.453365325098602,2.698791325109984,4.173428084270444,0.2416723939705272,-0.9421563938919908,-1.0010193795008968,-2.9338418792105184e-05,0.2267552487197224,7.849823078169805,5.012087605395664,10.675119900160505,1.194330733243725,5634.047,1.47463675916046,5.663032294764841,0.001005144666838,3.11762722158164
B0044,92,03464.csv,1.4604378044785566,1.686525555152074,86.59446635819693,5,4,0.0846546520054471,0.2043531381988625,3.4533767517944844,2.697226172610552,4.17295985340472,0.2370465611119749,-0.9414963206117184,-1.0008333686989588,0.0005583489138716,0.228310144358439,7.863220580243154,3.811503767508387,10.562265269293302,1.208243781308128,5582.375,1.475733680794168,6.750761501784915,0.0012092991785368,3.1311623338201366
B0044,93,03466.csv,1.452380841576719,1.686525555152074,86.11674084272964,4,4,0.0846546520054471,0.2043531381988625,3.4460660596643384,2.6816548421625512,4.172771279792943,0.2452041975756324,-0.9389221140572902,-1.0006757296253446,0.0003606007179158,0.2329930251484149,7.930106785779635,5.231368167256844,10.76625471358321,1.2024520468744,5567.329,1.4911164376303914,5.534886546326367,0.0009941727076532,3.128055132036724
B0044,94,03470.csv,1.441102888364986,1.686525555152074,85.44803154406053,3,4,0.0845136629594813,0.2027478547713615,3.4382387035909514,2.6758389635879234,4.15544388290786,0.2423251099610083,-0.9382244730141404,-1.001584094423824,0.0020170086458555,0.2342215123332061,7.888437545923743,3.7913354249889375,10.911129725577434,1.2633879347317891,5528.453,1.4796049193199363,7.119794300588496,0.0012878456777309,3.1280480535620807
B0044,95,03472.csv,1.4300355978410688,1.686525555152074,84.79181317309613,2,4,0.0845136629594813,0.2027478547713615,3.4385248959075603,2.6766750362925413,4.172195811279475,0.2446078418752799,-0.9336418704048168,-1.0011109661354312,0.0015647925242335,0.2430914102348334,7.818043363205418,4.9665241241819045,10.81913572086399,1.2210272332174716,5513.39,1.4955207749869337,5.8526115966820855,0.0010615268639951,3.1577792547927217
B0044,96,03474.csv,1.413943296719903,1.686525555152074,83.83764434523543,1,4,0.0845136629594813,0.2027478547713615,3.4365202293034374,2.695622084623807,4.171402160517197,0.244410677453844,-0.9277519140513346,-1.0013667929909769,0.0017297331873697,0.2531409324271598,7.830974235734798,3.440362613271007,11.006306031992889,1.374174083553528,5486.187,1.4757800758933906,7.565943418721882,0.0013790895969681,3.2017443207328142
B0044,97,03476.csv,1.3972667497450315,1.686525555152074,82.8488335368888,0,4,0.0845136629594813,0.2027478547713615,3.4352027430527405,2.6908429071948605,4.170188354997629,0.2454376505743783,-0.9210832456029232,-1.0031105310166462,0.0009730796952747,0.2641839534385333,7.878562179371438,4.61211591145805,10.614675024239112,1.2489247835755202,5461.922,1.4793454478027686,6.002559112781063,0.0010989829427774,3.24851471596752
B0044,98,03478.csv,1.3865375876825874,1.686525555152074,82.2126639852524,0,4,0.0845136629594813,0.2027478547713615,3.4334546922415696,2.6963132256039875,4.170349799747877,0.2459969986475344,-0.9181073344708772,-1.0004034898094731,0.0012259246336586,0.2686714089304824,7.960251571512366,4.918195539391174,10.78731375840829,1.255012240719355,5438.157,1.4740365741438892,5.869118219017116,0.0010792476603777,3.269237733654305
B0044,99,03482.csv,1.3724753685724698,1.686525555152074,81.37886582149736,0,4,0.0848874721210119,0.2077787098651387,3.425091148228222,2.688965230347589,4.152127517238579,0.2455528308406081,-0.9147769465297864,-0.9998017351246392,0.0030985899579741,0.2734254575468116,7.825815360855775,3.4319499762440446,10.646148713943534,1.357141479789704,5402.875,1.4631326707778078,7.214198737699489,0.0013352518312379,3.297573952043671
B0044,100,03484.csv,1.3598593948812812,1.686525555152074,80.63082060791321,0,4,0.0848874721210119,0.2077787098651387,3.43285332747351,2.697702269918439,4.169872871486082,0.2433314905499765,-0.9097059602545032,-1.001001283053754,0.0013697698641143,0.2813006472462387,7.871717073752719,4.811918412162218,10.149343674038578,1.1883166263583675,5384.438,1.472170601567643,5.33742526187636,0.0009912687752884,3.344833788303491
B0044,101,03486.csv,1.3486733410392264,1.686525555152074,79.96756034435639,0,4,0.0848874721210119,0.2077787098651387,3.4316708520467616,2.6908621173584564,4.17029400170211,0.2432013214426618,-0.9089147628345589,-1.000535766089263,0.0021013923957275,0.2825750858193495,7.872850841533409,4.951322650914617,10.269672545542075,1.152970826456716,5344.859,1.4794318843436534,5.318349894627459,0.0009950402610485,3.3597990040244987
B0044,102,03488.csv,1.3334258933205057,1.686525555152074,79.06348583020852,0,4,0.0848874721210119,0.2077787098651387,3.4305423593747584,2.6956578221948044,4.16968317987712,0.2404705253222405,-0.9053632291923376,-1.000130333451389,0.0009310009554464,0.2872140745805945,7.787673589037049,4.780401495020148,10.511836729394169,1.2139925106149168,5305.156,1.474025357682316,5.731435234374021,0.0010803518754913,3.387419113070815
B0044,103,03490.csv,1.3387793081075827,1.686525555152074,79.38090852034941,0,4,0.0848874721210119,0.2077787098651387,3.4188541266416608,2.683891843696469,4.170671249766948,0.2501660136334049,-0.9122769052973728,-1.0006996840010498,0.0014497208979828,0.2777249926895054,7.997910807563725,5.06477884715876,11.2498423901219,1.3798927598815844,5284.547,1.4867794060704789,6.185063542963141,0.0011704056266247,3.313176668135835
B0044,104,03494.csv,1.3153320403016997,1.686525555152074,77.9906379884707,0,4,0.086289455343448,0.2176103583287245,3.42241373548389,2.6861736439095387,4.149844268077626,0.2409394050309017,-0.8993675928683105,-1.0012478773196167,0.0017943549116499,0.2958247558543525,7.881896352735887,4.684581220811076,10.478668312226782,1.1889700558595075,5267.843,1.463670624168087,5.794087091415706,0.0010998974516544,3.429949422652427
B0044,105,03496.csv,1.322963328110081,1.686525555152074,78.44312373854243,0,4,0.086289455343448,0.2176103583287245,3.416097700308048,2.6915218489806785,4.170207896534634,0.2503862299291529,-0.9110321130421604,-1.0000486043905183,0.0008259898109111,0.2794901647234548,8.022448822976777,5.409746706230465,11.276068425006786,1.2811729335193922,5229.688,1.4786860475539552,5.86632171877632,0.0011217345506608,3.3315603997395926
B0044,106,03498.csv,1.3086991524155074,1.686525555152074,77.59735086240671,0,4,0.086289455343448,0.2176103583287245,3.415875051664848,2.698223036073629,4.169943833836458,0.2502185209860268,-0.9054157927585382,-1.0000156861218927,0.0075702505768728,0.2876811380246036,7.977920186292173,5.118567803709009,11.18488048040138,1.362179807157603,5206.954,1.4717207977628286,6.066312676692371,0.0011650405739502,3.3807758277562656
B0044,107,03500.csv,1.2897499583900436,1.686525555152074,76.47378686021433,0,4,0.086289455343448,0.2176103583287245,3.420770509924939,2.68841486662374,4.168649657337103,0.2459270694991908,-0.8971488250209094,-1.0003532671448447,0.0030345758410345,0.2989357889655122,8.016774436428086,5.489946008570818,10.572845919227095,1.1309201044752737,5179.062,1.4802347907133635,5.082899910656278,0.0009814325278701,3.454842958559415
B0044,108,03502.csv,1.2906172590904164,1.686525555152074,76.52521215274686,0,4,0.086289455343448,0.2176103583287245,3.412152763562302,2.699098319484438,4.168865124534303,0.2511528566799236,-0.9036459257898942,-1.0001270037964975,0.0021060612848631,0.2899336729219955,8.104364904391632,3.936510086733391,11.286420953867148,1.423939027586839,5144.109,1.4697668050498651,7.349910867133758,0.0014288015411675,3.401823646118595
B0044,109,03506.csv,1.2752011253442166,1.686525555152074,75.61113565392917,0,4,0.084693672840073,0.230488456454893,3.411365387592042,2.692387025960113,4.14775004325363,0.2474705147648082,-0.893479421104461,-1.000377670213083,0.0021528243384569,0.3038000077877326,8.021367388918382,4.333825896636997,10.532008688910055,1.2968056875653462,5142.891,1.4553630172935177,6.198182792273059,0.001205194275413,3.5004986260116024
B0044,110,03508.csv,1.268607265737458,1.686525555152074,75.22016265108226,0,4,0.084693672840073,0.230488456454893,3.4151055404827564,2.684075358151804,4.16768084822256,0.2475726655222414,-0.8950327018530826,-1.0013725571006211,0.0021603785656978,0.3019731055079629,8.012944452376887,4.788736918832111,10.49676940873906,1.226192062603264,5109.734,1.4836054900707554,5.70803248990695,0.0011170899483039,3.501012128995414
B0044,111,03510.csv,1.2565759973225976,1.686525555152074,74.50678665875847,0,4,0.084693672840073,0.230488456454893,3.413972633337996,2.687825351809013,4.167944485512648,0.2499017369482202,-0.8916525424860515,-1.0005394687347553,0.001001924867513,0.3062532822187696,7.944197776199544,4.714639372870622,10.219372011443095,1.1755888126999263,5078.937,1.480119133703635,5.504732638572473,0.0010838355818496,3.519294970998082
B0044,112,03512.csv,1.2486254509320869,1.686525555152074,74.03537095051598,0,4,0.084693672840073,0.230488456454893,3.410670178184504,2.6932435794466025,4.167775501643388,0.2508531640104837,-0.8905662435522527,-1.0005198847037151,0.0020243679839175,0.3072657937973065,7.904886527570053,4.018534218811682,10.307592528834146,1.3208628159568547,5051.672,1.4745319221967854,6.289058310022464,0.0012449458931661,3.521911560284389
B0045,1,00185.csv,1.0819793880779518,1.0819793880779518,100.0,0,4,,,3.3507147228969534,1.990881848788414,4.203467627142882,0.3839428270015383,-0.6795680439600006,-1.009116495266992,0.0041584406200841,0.4709086225675265,9.485217152757082,5.306623820769548,15.71039018923076,2.525320309497061,6436.141,2.21205535155488,10.403766368461213,0.0016164602932815,3.669280155003564
B0045,2,00189.csv,0.927952404748273,1.0819793880779518,85.76433294137931,0,4,0.065086717668146,0.2144103420624745,3.343710562419324,1.987597263698,4.16699885717682,0.3958458807259647,-0.6847946624076122,-1.0087426406516653,0.0026935510429979,0.4688662501485914,9.412485833762908,5.090166082202173,16.327881769438125,2.5879016736230485,5650.265,2.1793036042718605,11.237715687235951,0.001988882943939,3.653349745373838
B0045,3,00191.csv,0.885193608411576,1.0819793880779518,81.81242805226174,0,4,0.065086717668146,0.2144103420624745,3.357113032625278,1.9885380767186824,4.187894400053388,0.4001715007541424,-0.6646163130202214,-1.0090556479293218,0.0040609236498241,0.4763092167102513,9.14441346005273,4.970043389354473,16.190453016227536,2.6285740140908733,5590.907,2.199114703590266,11.220409626873064,0.002006903285437,3.6660144266034806
B0045,4,00193.csv,0.8581010699478283,1.0819793880779518,79.30844888571998,0,4,0.065086717668146,0.2144103420624745,3.358646172572514,1.969241613952096,4.188401226248918,0.4042030861814464,-0.6509315601298676,-1.007865061542852,0.0020631851299733,0.4807699205057846,9.074180330499932,4.771062049870164,16.44564599364816,2.733054977738572,5543.61,2.219159612296822,11.674583943777996,0.0021059533307317,3.67388870674395
B0045,5,00195.csv,0.8409352213456689,1.0819793880779518,77.72192618562926,0,4,0.065086717668146,0.2144103420624745,3.366064388524052,1.9830542841988097,4.188303916193977,0.400717878422444,-0.6402275004489041,-1.0092390728045402,0.0026205512748727,0.483985227324104,9.063698357219923,4.722518276680366,16.652821920677077,2.7433309295077666,5499.046,2.2052496319951675,11.930303643996712,0.0021695224306173,3.6819829850806256
B0045,6,00197.csv,0.8245471942901911,1.0819793880779518,76.20729224379514,0,4,0.065086717668146,0.2144103420624745,3.367910347978234,1.980464521626357,4.18828020412361,0.4031565700221205,-0.6317025380405665,-1.0082097757590034,0.0017744562260127,0.4862605528227397,9.076577071060372,4.705135640863367,16.626045153527933,2.768643050816186,5461.219,2.207815682497253,11.920909512664563,0.0021828294219046,3.6883790514776287
B0045,7,00201.csv,0.7935960418803983,1.0819793880779518,73.34668761945244,0,4,0.0649676213639743,0.2113722499969527,3.357745333360116,1.9822192378370669,4.115223647482973,0.4048707415317866,-0.6176226155232352,-1.0081874076413238,0.0028605305220047,0.4897888673253948,9.265023738219778,4.611342855994695,16.231693733501764,2.7321793751624512,5451.281,2.1329869394796166,11.620350877507068,0.0021316734318973,3.695561176552923
B0045,8,00205.csv,0.8183676087159205,1.0819793880779518,75.6361551553846,0,4,0.065834534585151,0.2248199871981467,3.3696607473704705,1.9987122390470569,4.166319111887713,0.4005054832044938,-0.627554191403777,-1.0098943079946223,0.001683594803478,0.4873913042239642,9.339350112299789,5.27537188956209,16.185673883928935,2.6933306593759934,5468.062,2.167501378421034,10.910301994366844,0.0019952776677306,3.694208446266587
B0045,9,00207.csv,0.7977644276409412,1.0819793880779518,73.73194318036916,0,4,0.065834534585151,0.2248199871981467,3.374731201552044,1.97927314966301,4.188858082816243,0.4092736298866974,-0.6227956362441027,-1.0088447706775023,0.0038249849844233,0.4886004403514843,9.308634523153344,5.0939473120792655,16.52621032903044,2.7437719498427104,5411.297,2.2095849331532333,11.432263016951175,0.002112665968427,3.697209639543222
B0045,10,00209.csv,0.7993777411831636,1.0819793880779518,73.88105078445099,0,4,0.065834534585151,0.2248199871981467,3.381799182114607,1.9640518711887227,4.189052979187811,0.3988431120171047,-0.6164358149352739,-1.008540571989902,0.0024832460313617,0.4900880896858556,9.254145206672922,5.578573344132378,15.196414604557985,2.5749428453877,5369.703,2.225001107999089,9.617841260425608,0.0017911309546218,3.699753733950646
B0045,11,00211.csv,0.7783107440628891,1.0819793880779518,71.93397144519497,0,4,0.065834534585151,0.2248199871981467,3.385176591409285,1.9965583229383288,4.189280705297697,0.4023524826613929,-0.6124951744838439,-1.0084157672653469,0.0032898503551375,0.4910475561774714,9.291749311540086,5.093156336915293,16.354435553014117,2.73033270552484,5327.406,2.192722382359368,11.261279216098824,0.0021138391209715,3.7037482905470007
B0045,12,00213.csv,0.7803738231239117,1.0819793880779518,72.124647818863,0,4,0.065834534585151,0.2248199871981467,3.3813096388474886,1.9676140964966768,4.189527524041756,0.4011741052704733,-0.6120748119063896,-1.0088566807748427,0.00312380804938,0.4910958019749209,9.310447961834724,5.506749718586084,15.57016420519042,2.6226497076527258,5299.266,2.221913427545079,10.063414486604335,0.0018990204467192,3.702604375837963
B0045,13,00217.csv,0.7713058245640294,1.0819793880779518,71.28655435240697,0,4,0.0663305435341286,0.226688422968848,3.3490369985986668,1.98770164017674,4.097057578524458,0.4087066318405222,-0.6158982943710155,-1.0080424431902402,0.002588393021855,0.4902210572606895,9.29775486780575,5.210420792891231,16.481904111846188,2.808314641442223,5367.172,2.109184652620088,11.271483318954957,0.0021000786483002,3.6961416175928834
B0045,14,00221.csv,0.795279016979026,1.0819793880779518,73.50223356766291,0,4,0.0662571640532643,0.20403871987566,3.3694542187312684,1.99572402940065,4.166427487441078,0.4129355247437175,-0.625377064856349,-1.0087189699625896,0.0021632241350814,0.4877759796268495,9.245632947295451,4.749612734019676,16.686364651804713,2.811385334191471,5406.812,2.1700174348642243,11.936751917785037,0.002207724610692,3.6999938734675872
B0045,15,00223.csv,0.7824128169919247,1.0819793880779518,72.31309816186214,0,4,0.0662571640532643,0.20403871987566,3.3771129586319466,1.9723902186884,4.189116912804917,0.4126265005567425,-0.6180221346577055,-1.010914036070883,0.0022168278687869,0.4896087497095646,9.21860683892004,5.015412655584477,16.527315358470222,2.767492280504879,5353.094,2.2167266941165176,11.511902702885743,0.002150513834221,3.701156380598863
B0045,16,00225.csv,0.7649414992231182,1.0819793880779518,70.69834302314894,0,4,0.0662571640532643,0.20403871987566,3.382104218416538,1.976007577264544,4.189394418073402,0.4105577819660482,-0.6121745879630046,-1.008249683063318,0.000777901246224,0.4909677218008801,9.19413015419709,4.7446632057171785,16.325076195754107,2.7423786797911083,5280.031,2.213386840808858,11.58041299003693,0.0021932471589725,3.704031863475009
B0045,17,00227.csv,0.7544899426779375,1.0819793880779518,69.73237669695607,0,4,0.0662571640532643,0.20403871987566,3.385995460009004,1.9786838559411903,4.189251613691141,0.4096514664032041,-0.6064321892488668,-1.0084247134366529,0.0025472189567085,0.4922986565308562,9.188267060937262,5.004981026646194,16.18780234880546,2.724738124871398,5248.593,2.210567757749951,11.182821322159263,0.002130632213654,3.707078352056067
B0045,18,00229.csv,0.7504048978314295,1.0819793880779518,69.35482377020718,0,4,0.0662571640532643,0.20403871987566,3.3830345538672018,1.9866467601774969,4.18999236240837,0.408995095011218,-0.6063996219926951,-1.007946613751651,0.0020000740940098,0.4924351379550954,9.211910760834266,5.027203513281529,16.54868871782283,2.7737502166269588,5203.375,2.2033456022308733,11.5214852045413,0.0022142331091918,3.706938131403544
B0045,19,00233.csv,0.7407258109620256,1.0819793880779518,68.46025156522295,0,4,0.0677762743960447,0.2253467282921095,3.37881379914347,1.9915335628511552,4.165973150657214,0.4065693159509076,-0.6022530715841198,-1.0076971244709267,0.0021407378575631,0.4931516591701145,9.15685740939557,5.338616424922742,15.893386512216576,2.657410261114709,5166.812,2.1744395878060585,10.554770087293834,0.0020428012645503,3.7080420489574406
B0045,20,00235.csv,0.0,1.0819793880779518,,0,4,0.0677762743960447,0.2253467282921095,3.406714657706338,2.942421777794815,4.1894414322262765,0.2424485762740095,-0.9941901888810816,-1.0079890306492827,0.0006807274717778,0.1072013026071839,8.865755104549711,5.143494609537566,11.62448622814209,1.5725063281726694,2384.094,1.2470196544314611,6.480991618604524,0.0027184295663696,3.040233344011
B0045,21,00237.csv,0.7308525593793626,1.0819793880779518,67.54773403564208,0,4,0.0677762743960447,0.2253467282921095,3.389059266953008,1.9935644864605024,4.195641973763218,0.4201054244166213,-0.5861859230293525,-1.0082380238297786,0.0031552043724057,0.4961015167504016,9.104538013834128,4.8642750500555865,16.273556126855052,2.792726947484081,5340.281,2.202077487302716,11.409281076799466,0.0021364570659857,3.718216150950344
B0045,22,00239.csv,0.7287255851177903,1.0819793880779518,67.3511522629199,0,4,0.0677762743960447,0.2253467282921095,3.3783919657677504,1.9937078109097683,4.189381114418313,0.4128153527940675,-0.6037251705699035,-1.008015294958034,0.0035803388253716,0.4928833807438909,9.196243634400288,4.9159272869489135,16.57769275391533,2.7505213061986757,5103.0,2.1956733035085447,11.661765466966417,0.0022852763995622,3.710471123707256
B0045,23,00241.csv,0.7161023377036263,1.0819793880779518,66.1844713119465,0,4,0.0677762743960447,0.2253467282921095,3.3779346242690624,1.984098818516829,4.189726548094093,0.4163966468843368,-0.6039804007945984,-1.0101830059414636,0.00206611726685,0.4929311645053419,9.224293881462565,5.071552406744067,16.451931737613187,2.744195795989884,5051.172,2.205627729577264,11.380379330869118,0.0022530175830221,3.710641994364975
B0045,24,00245.csv,0.7129204834988017,1.0819793880779518,65.89039415669895,0,4,0.0698056336440426,0.2313917989646665,3.3727225247575885,1.9818309446595743,4.166289777836687,0.4130458233121519,-0.6017545658130975,-1.0094830851519123,0.0033448013063438,0.4933625520680385,9.239291915944644,5.1979112173277136,16.660404158556567,2.7506027577612544,5027.563,2.1842827321092715,11.462492941228852,0.0022799302447784,3.7099075317246175
B0045,25,00247.csv,0.7141991829499618,1.0819793880779518,66.0085756549095,0,4,0.0698056336440426,0.2313917989646665,3.380735960428841,1.9984963466197727,4.189756191273931,0.411194853205546,-0.6038091172028306,-1.009270147494984,0.0023863724933932,0.4929476215663071,9.220514425854448,4.98482370963009,16.192781213892964,2.7235856490101367,4993.765,2.1912598446541582,11.207957504262874,0.0022443902555011,3.711173941178924
B0045,26,00249.csv,0.7190570819844222,1.0819793880779518,66.45755824071367,0,4,0.0698056336440426,0.2313917989646665,3.3889133424072204,1.9886589228929203,4.1890449974281685,0.3997123145751166,-0.6004829437675547,-1.0108313950708208,0.0184243000033057,0.4936317472262757,9.140591023627804,5.406795579971276,14.742856005940368,2.5285460074703656,4962.469,2.200386074535248,9.336060425969093,0.0018813337526076,3.713241138926023
B0045,27,00251.csv,0.7173975428775917,1.0819793880779518,66.30417832191702,0,4,0.0698056336440426,0.2313917989646665,3.3855430731736647,1.983664414073366,4.189274783071479,0.401130862645177,-0.6033075067931543,-1.0080797400452108,0.0026329564585224,0.4930335377840713,9.05273466167465,5.457478278465312,14.693521549329,2.5536110587553518,4907.859,2.205610368998113,9.23604327086369,0.0018818884712995,3.714086043886101
B0045,28,00253.csv,0.7071027496463946,1.0819793880779518,65.35270056322469,0,4,0.0698056336440426,0.2313917989646665,3.375688256474184,1.9705703151314151,4.189518201774546,0.4135213809950964,-0.6065620900458145,-1.008906381541965,0.0031568899849536,0.4922877337593462,9.311519157220646,4.700009468829889,15.86983818237976,2.6670023191112566,4888.656,2.218947886643131,11.169828713549872,0.0022848465331882,3.7119147717013967
B0045,29,00257.csv,0.703531206505542,1.0819793880779518,65.02260710856127,0,4,0.0695030163003846,0.2267345841606366,3.37794278508875,1.971779249329659,4.166301702021804,0.404605306623423,-0.601440239072105,-1.0084556602023516,0.0025149295410125,0.4933589440524065,9.167853966731156,5.581574891645234,14.829662137922766,2.5687414201644696,4866.25,2.194522452692145,9.248087246277532,0.001900454610075,3.713834244658319
B0045,30,00259.csv,0.6941108278958862,1.0819793880779518,64.15194554943578,0,4,0.0695030163003846,0.2267345841606366,3.373558298075209,1.9938420365930107,4.19002918934191,0.4158568314489527,-0.6098007335968902,-1.00994980914745,0.0103940145975654,0.4915016872800436,9.287848514483294,5.088650234901636,15.906462051621896,2.635125823206239,4836.125,2.1961871527488994,10.817811816720258,0.0022368759733712,3.712126002695989
B0045,31,00261.csv,0.6914114388869608,1.0819793880779518,63.90245937265006,0,4,0.0695030163003846,0.2267345841606366,3.368742642573582,1.9993629637641337,4.1895524054233135,0.4170738781155351,-0.6120661413012833,-1.0082413706235676,0.0027369247266208,0.4911212286556692,9.322184761530549,5.188896690434667,16.353770501511462,2.6889286440079183,4801.485,2.19018944165918,11.164873811076797,0.0023252959888611,3.710762706089987
B0045,32,00263.csv,0.6971551798505504,1.0819793880779518,64.4333143063834,0,4,0.0695030163003846,0.2267345841606366,3.3718000664169727,1.9932756058141663,4.189008492340535,0.4070782057123108,-0.6132829070943792,-1.0081786693703223,0.0022824989831722,0.4907788694839468,9.289681276195047,5.650412172652616,15.076528277493722,2.575867928556108,4760.938,2.1957328865263683,9.426116104841109,0.001979886338541,3.711060441375768
B0045,33,00265.csv,0.6832460217432723,1.0819793880779518,63.1477853711246,0,4,0.0695030163003846,0.2267345841606366,3.366360304166582,1.9801057444800887,4.189696962609597,0.4199255426941375,-0.6139518980958842,-1.0080303326541913,0.0017200644756042,0.4906639224082373,9.365909184464234,5.287965466922043,16.045850353764667,2.633381456930829,4740.907,2.209591218129508,10.757884886842623,0.0022691617631062,3.711025708761593
B0045,34,00269.csv,0.6822029317493292,1.0819793880779518,63.05137965347076,0,4,0.0694793009922898,0.2233163378120357,3.342277843498783,1.9944009127947364,4.0900107068393625,0.42282308390345,-0.6004805193877815,-1.0082541248682169,0.003281968818594,0.4935811221420622,9.328022708662925,4.942094376566913,16.24823467681854,2.8183367055659145,4914.532,2.0953238644175665,11.306140300251627,0.0023005527892079,3.708948315275086
B0045,35,00273.csv,0.7289529213213379,1.0819793880779518,67.37216340287807,0,4,0.0695340067217323,0.2235368973793861,3.372268417439284,1.9913126738513705,4.166284738890519,0.4174894471053866,-0.6129419979147948,-1.0086099504503174,0.0040584792166298,0.4909005802848438,9.37311402305676,5.693233889879632,15.761879553141288,2.6047006794219807,4998.656,2.1746738594440926,10.068645663261655,0.0020142705685811,3.712711645757492
B0045,36,00275.csv,0.7139321758287004,1.0819793880779518,65.98389800169325,0,4,0.0695340067217323,0.2235368973793861,3.357634548884028,1.9818085465777888,4.188598948796885,0.4246116730195818,-0.6242152942509949,-1.0089146761829488,0.0095453547153255,0.4881625695224866,9.306835708093752,5.129758964594842,16.349393593197068,2.739365203913938,4890.015,2.2067904022190965,11.219634628602224,0.0022943967715032,3.707663406085426
B0045,37,00277.csv,0.6957731747455482,1.0819793880779518,64.3055849688165,0,4,0.0695340067217323,0.2235368973793861,3.3697954619483568,1.999993313622792,4.188722662834883,0.4211715878850021,-0.6139171694764338,-1.011018341220977,0.0105408291411815,0.4907680085930617,9.33952678603234,5.18038207935593,16.22246271510604,2.692144364186264,4842.11,2.188729349212091,11.04208063575011,0.0022804274656606,3.711214429805307
B0045,38,00279.csv,0.7018312962317095,1.0819793880779518,64.86549595722481,0,4,0.0695340067217323,0.2235368973793861,3.3766733742445987,1.97465958029416,4.188679542275547,0.4111239995835081,-0.6092419901647167,-1.0088132806643768,0.0029924405030635,0.4917377119068585,9.1327535688995,5.616337738486589,14.780023826016944,2.554542225431795,4798.281,2.213993097021582,9.163686087530357,0.0019097852100638,3.713887810947482
B0045,39,00281.csv,0.6911808244378487,1.0819793880779518,63.88114524673849,0,4,0.0695340067217323,0.2235368973793861,3.356692310359256,1.978180955008712,4.1894790557667125,0.4248069969426284,-0.6214369612467493,-1.0088474838548318,0.0029473890862176,0.4890621025568638,9.343849839453911,5.352356776006934,16.357147782799643,2.6895563745058984,4739.188,2.2112981007580004,11.00479100679271,0.0023220836579584,3.7088121046265417
B0045,40,00285.csv,0.6843279752855028,1.0819793880779518,63.247782982368605,0,4,0.0702885052840268,0.2247695414345832,3.371659958386912,1.9845097801200728,4.165443751495042,0.4144927905681236,-0.6049628311237817,-1.00822558167956,0.0014227153872084,0.4926093746655705,9.257582649630317,5.484226728487067,15.304013119865168,2.5791013690093845,4733.156,2.1807748151806416,9.819786391378102,0.0020746804862079,3.715019020690673
B0045,41,00287.csv,0.6741394908812485,1.0819793880779518,62.306130625907976,0,4,0.0702885052840268,0.2247695414345832,3.358461612325261,1.9921664972023336,4.189848639216605,0.4270457223987016,-0.620638817556179,-1.0089040108456189,0.0021258981792014,0.4891848552713747,9.38425161776499,5.051290656121544,16.298057069520368,2.696112275815186,4670.61,2.197682142014272,11.246766413398824,0.0024079866256011,3.710790251827457
B0045,42,00289.csv,0.6670070174301739,1.0819793880779518,61.64692458837479,0,4,0.0702885052840268,0.2247695414345832,3.373315387294324,1.9991203083414104,4.165425573897933,0.4125706827035497,-0.6013875939812509,-1.008891006761111,0.0045890100156517,0.4933925716263481,9.144982402264809,5.023617145016327,15.088230300481198,2.5484757803489395,4635.0,2.166305265556522,10.064613155464873,0.0021714375739945,3.715716127071425
B0045,43,00291.csv,0.6804085117374855,1.0819793880779518,62.88553360948731,0,4,0.0702885052840268,0.2247695414345832,3.367632771675607,1.9790832878431528,4.188987638858462,0.4172287219242889,-0.6146269558442435,-1.0086883164534273,0.0020919769192902,0.4905151644302982,9.26257479341655,4.7853237874120325,15.201775291002932,2.59850822891661,4615.86,2.209904351015309,10.4164515035909,0.0022566653892429,3.714652773938632
B0045,44,00293.csv,0.6617864063235485,1.0819793880779518,61.164418991304274,0,4,0.0702885052840268,0.2247695414345832,3.363321307304569,1.9986367632788744,4.189580414945199,0.4229384748469973,-0.6171094630530605,-1.008109937595666,0.0023384613567834,0.4901202033240465,9.40011028670591,5.145260978678159,15.820509282900383,2.630430736305016,4580.75,2.190943651666325,10.675248304222224,0.0023304586157773,3.713898100875599
B0045,45,00297.csv,0.6623168733492338,1.0819793880779518,61.21344645259701,0,4,0.0726562463919995,0.2175193036547894,3.346491714827562,1.9713723245890475,4.16611714089707,0.4228131163487178,-0.6209228615247188,-1.0087699262516547,0.0033870767217086,0.4891780437085355,9.419332811255556,5.414586868646065,15.58071439830652,2.713147374321353,4557.406,2.19435368588894,10.166127529660455,0.002230682877422,3.710742397929693
B0045,46,00299.csv,0.6679358357181778,1.0819793880779518,61.73276894901958,0,4,0.0726562463919995,0.2175193036547894,3.3599039237162853,1.98430560045228,4.188826402459722,0.4142912102405556,-0.6204303388657685,-1.0089150089693268,0.001529086850489,0.4893291758248713,9.207828068558015,4.494946059979075,14.525034072927795,2.653435442130204,4524.032000000007,2.2045208020074423,10.03008801294872,0.0022170683171446,3.714191789600093
B0045,47,00301.csv,0.6488990885270688,1.0819793880779518,59.97333180993264,0,4,0.0726562463919995,0.2175193036547894,3.349639562276425,1.9946795397137125,4.189296725569063,0.4311659276530072,-0.6244948594173985,-1.0103825696902464,0.0068739783247632,0.4881635201129367,9.478974220669317,5.775840750277868,16.256345838594637,2.663422826390444,4502.938,2.1946171858553507,10.480505088316768,0.0023274815438979,3.711494774489095
B0045,48,00303.csv,0.6503639129625527,1.0819793880779518,60.10871557524503,0,4,0.0726562463919995,0.2175193036547894,3.352423027875088,1.9789936656967484,4.189791506946971,0.4301858752272051,-0.6219881914832105,-1.008360553211059,0.0042951494422802,0.4887658765517259,9.37536325812961,5.392850959166935,15.916519503570711,2.6558744062434934,4483.094,2.2107978412502227,10.523668544403776,0.0023474119758371,3.7128999010051458
B0045,49,00305.csv,0.6572077690202801,1.0819793880779518,60.74124666901059,0,4,0.0726562463919995,0.2175193036547894,3.3563090390508155,1.9690947658783289,4.189224626327275,0.4250155035902405,-0.6249048536030644,-1.0094489912636213,0.0041238708361581,0.4882287311799085,9.348977069227304,4.988915934654242,15.322696472607957,2.568573703236624,4448.36,2.220129860448946,10.333780537953714,0.0023230540104563,3.71403390164712
B0045,50,00309.csv,0.6363517458476216,1.0819793880779518,58.81366621762071,0,4,0.0716877344637498,0.2494326006958125,3.340602870094091,1.9951107736579323,4.165757111360098,0.4325764383851145,-0.6235638134980177,-1.0088647594062352,0.0038883550610247,0.4885975143935363,9.539830147989116,5.114769498528213,16.435471374813734,2.7136004960031386,4440.531,2.1701047922391665,11.32070187628552,0.0025494027350074,3.711416589412648
B0045,51,00311.csv,0.6536449360948587,1.0819793880779518,60.41195824035112,0,4,0.0716877344637498,0.2494326006958125,3.348511229053965,1.965197509539028,4.188761935596181,0.4222387923587892,-0.627718646983615,-1.0085879672096902,0.0035221405764743,0.4874665205122714,9.436879605277216,5.430200345032197,14.7528730574534,2.606880123423842,4416.547,2.2235644260571537,9.322672712421202,0.0021108510137945,3.711517493236384
B0045,52,00313.csv,0.6391428272150887,1.0819793880779518,59.07162689582044,0,4,0.0716877344637498,0.2494326006958125,3.3328844784891074,1.9820270227741767,4.188802708146619,0.4354653766057158,-0.6340722598435242,-1.0081206341074491,0.0008969412858814,0.4856942881092763,9.4879310296259,5.217345346861528,16.57328291132994,2.752253263507292,4382.937,2.206775685372442,11.355937564468412,0.0025909424580979,3.7077903534054353
B0045,53,00315.csv,0.6482206049496236,1.0819793880779518,59.910624184914894,0,4,0.0716877344637498,0.2494326006958125,3.3518219079975298,1.973100583247312,4.18882331762149,0.4189092561940738,-0.626972097350462,-1.012324540932804,0.0023494646636072,0.4876530209253673,9.300314416191522,4.820308282507962,14.528444176948046,2.584270394490312,4347.453,2.2157227343741788,9.708135894440083,0.0022330628748465,3.7142506409613176
B0045,54,00317.csv,0.6287957471922729,1.0819793880779518,58.11531662440237,0,4,0.0716877344637498,0.2494326006958125,3.268327350028982,1.9974420919351863,4.189363830091343,0.4414205106619069,-0.7596521990041524,-1.0095045117473536,0.0019845153705322,0.4329221184571775,10.076022301978172,5.555842296822165,15.828293567742277,2.475707076882443,3581.188,2.19173508110044,10.272451270920111,0.0028684479203326,3.681895009132981
B0045,55,00321.csv,0.6380571850193401,1.0819793880779518,58.97128836740565,0,4,0.0716378959549494,0.2435673721882546,3.3368580984170784,1.9759474231215743,4.087899947377259,0.4260536809740577,-0.5857626315966499,-1.0083299001575527,0.0031132594070846,0.496285742528061,9.254842453288928,4.279272155722539,15.05093934814998,2.895216099364737,4746.5,2.111254918264508,10.77166719242744,0.0022693915922105,3.713959949422197
B0045,56,00325.csv,0.6554825047832906,1.0819793880779518,60.58179222320509,0,4,0.0730922991159811,0.2405556600424316,3.339305489603821,1.9944210992064384,4.164689190245494,0.4443000597986198,-0.6234849422351091,-1.0094473741371577,0.0028084398017307,0.4885744602290706,9.58411609363967,5.479087801896632,16.878888140585346,2.8443391863366045,4679.156,2.1700963790619108,11.399800338688712,0.0024362941390901,3.71256763805042
B0045,57,00327.csv,0.6484934835397033,1.0819793880779518,59.93584449808227,0,4,0.0730922991159811,0.2405556600424316,3.339570448565296,1.972391693643957,4.1883794105875705,0.4465170143414937,-0.625755737381111,-1.0100876092585305,0.0011774461309377,0.4880219498520563,9.566905713744635,4.885873307985874,16.752865016509336,2.798860738500813,4596.578,2.215987716943613,11.86699170852346,0.0025817013675224,3.710291461400206
B0045,58,00329.csv,0.6454071687844921,1.0819793880779518,59.650597404725545,0,4,0.0730922991159811,0.2405556600424316,3.3451677206996573,1.9932621672542288,4.188367290905127,0.4400238237461334,-0.6206303941303277,-1.0110407655502038,0.0082371248157963,0.4894362241256608,9.486246140892044,5.272131134132025,16.630725230629476,2.753074877566878,4544.641,2.1951051236508983,11.358594096497452,0.0024993380327505,3.711655273142626
B0045,59,00331.csv,0.6427008031845645,1.0819793880779518,59.4004664290574,0,4,0.0730922991159811,0.2405556600424316,3.3544794166161487,1.9848873247448808,4.189241965038727,0.4315337822161971,-0.6149058946531849,-1.0078016297171766,0.0026008145354801,0.4905691574628382,9.492943245052498,5.9010898814107975,15.270710849004711,2.548978585365223,4526.938,2.2043546402938463,9.369620967593914,0.0020697480211997,3.713646799141931
B0045,60,00333.csv,0.6352454880802477,1.0819793880779518,58.711422332056586,0,4,0.0730922991159811,0.2405556600424316,3.3411905698302573,1.9683654551310577,4.189229122156955,0.4417569205822862,-0.6208754134190153,-1.0081100082305772,0.0034922040304121,0.4892087514185771,9.621291466671476,5.633058471184682,16.438070093673065,2.659469208921973,4487.438,2.220863667025897,10.805011622488385,0.0024078352998945,3.710803059158742
B0045,61,00337.csv,0.6156760019587869,1.0819793880779518,56.90274775497204,0,4,0.0719619701337601,0.2371062702958198,3.3372444928972818,1.9924043536128275,4.106243161598799,0.4358658079099028,-0.5953707956325988,-1.009973121232977,0.0052143657277276,0.4945150285498353,9.480811280043977,5.365328226262061,15.659914658719188,2.6731068995254823,4513.312,2.1136751304610213,10.294586432457129,0.0022809383513608,3.716952399420253
B0045,62,00341.csv,0.6170833682807023,1.0819793880779518,57.03282105742334,0,4,0.0733904425683212,0.2523682559402184,3.3510332188429146,1.9776141524479487,4.132596928052376,0.432148934882253,-0.5897510821772117,-1.0110530492189724,0.0036321606387848,0.4955744333003948,9.448949676434,6.081544292944806,15.265721279585906,2.592934966419685,4568.438,2.1548088270576784,9.184176986641098,0.0020103538641962,3.714937910761106
B0045,63,00343.csv,0.6434227390858672,1.0819793880779518,59.46719005699871,0,4,0.0733904425683212,0.2523682559402184,3.357306681708633,1.996982635601323,4.18912672162077,0.4331536933633804,-0.612901822920554,-1.0077262022738762,0.0033758699211236,0.4910305033243829,9.522656892771677,6.009906260900299,15.459947276103474,2.523376457044407,4499.656,2.1921440860194474,9.450041015203176,0.0021001696607925,3.7169169571725273
B0045,64,00345.csv,0.6278124433742752,1.0819793880779518,58.02443653658993,0,4,0.0733904425683212,0.2523682559402184,3.3367004271481884,1.9822999400765693,4.18937088770508,0.4466188506056757,-0.6232202673264151,-1.0088787623235531,0.0067443266719384,0.4886917095549094,9.570096566546104,5.7227062450674495,16.472719613709117,2.657884509928203,4430.984,2.207070947628511,10.750013368641667,0.0024261006965138,3.712526153326418
B0045,65,00347.csv,0.6290078315253372,1.0819793880779518,58.13491813764755,0,4,0.0733904425683212,0.2523682559402184,3.3507625069372007,1.9703495135592828,4.189359078886884,0.437107373582009,-0.6137007803105949,-1.0075105897625538,0.0021298336691764,0.4907820426797052,9.488568418373822,6.169835162439899,15.321947787344948,2.531380071440719,4411.141,2.2190095653276014,9.15211262490505,0.002074772179104,3.715976947139935
B0045,66,00349.csv,0.0,1.0819793880779518,,0,4,0.0733904425683212,0.2523682559402184,3.3925513327274577,2.9329708174243927,4.189354075246508,0.2539167299572221,-0.9901523172837656,-1.00811996758102,-0.0018274013940157,0.1235172229815743,8.948370017570232,5.486283891639476,11.709111497619928,1.5512739179923898,1991.531,1.2563832578221157,6.222827605980451,0.00312464511272,3.00830186776018
B0045,67,00353.csv,0.6266355568292261,1.0819793880779518,57.91566491320995,0,4,0.0739103213992939,0.2501676896592772,3.34526029963492,1.980504790064301,4.107093365455889,0.4393714407910624,-0.5721341781091527,-1.0068312874472778,0.0039482056686982,0.4981993848693142,9.378195494421618,5.348555992924947,15.469187485474004,2.755913144454981,4883.312,2.1264761763526314,10.120631492549055,0.0020724933185815,3.719090735127113
B0045,68,00357.csv,0.6495813516716594,1.0819793880779518,60.03638875464973,0,4,0.0730330884492115,0.233874591829985,3.3478192813331984,1.9754246490329648,4.165486716481237,0.4476002371802067,-0.6067408181545574,-1.0077613985685372,0.0029679009691201,0.4920065891584987,9.495184531517388,5.255177956389292,15.90915813248566,2.650378033227664,4663.907,2.1900119103175277,10.653980176096368,0.0022843466167092,3.717917150777069
B0045,69,00359.csv,0.6337485177966306,1.0819793880779518,58.57306754451517,0,4,0.0730330884492115,0.233874591829985,3.3500352436555985,1.9843068510361204,4.189250217496488,0.4497992048359754,-0.6091205801279866,-1.007878767792016,0.0007108600663282,0.4917570118008163,9.474914433741436,5.332532870824014,16.128312311530546,2.712556588991073,4581.328,2.2049433664603675,10.795779440706532,0.0023564738086219,3.7168651398832937
B0045,70,00361.csv,0.6298550929085645,1.0819793880779518,58.213224747973314,0,4,0.0730330884492115,0.233874591829985,3.3590566596536764,1.9881721268958945,4.189075663187289,0.4430184342639093,-0.5996804433722752,-1.0110523170001116,0.0029065483868985,0.4939309754305879,9.411639640493869,5.61701952738491,15.803292200329722,2.626584437901802,4553.031,2.2009035362913947,10.186272672944812,0.0022372508935135,3.718492389295928
B0045,71,00363.csv,0.6183063778386736,1.0819793880779518,57.1458555173629,0,4,0.0730330884492115,0.233874591829985,3.3495911750877263,1.9809529177782503,4.189728966453982,0.4442557235641774,-0.6062605227298314,-1.009350303830025,0.0080440702868591,0.4923019638155643,9.476832839675836,5.896865332120703,15.46350630780127,2.614135883053812,4486.5,2.208776048675732,9.566640975680569,0.0021323171683228,3.71650436024638
B0045,72,00365.csv,0.6069476168507777,1.0819793880779518,56.09604245132347,0,4,0.0730330884492115,0.233874591829985,3.3462597198775272,1.9697892783360584,4.189240671585531,0.4517620447969772,-0.6055249640579493,-1.0077970558442526,0.0031363187482987,0.4926159794839872,9.49822266009937,5.311300686907359,16.26952559815265,2.7242589127269183,4450.625,2.219283138836616,10.958224911245292,0.0024621766406393,3.716271091550776
B0048,1,00369.csv,1.6579955793677608,1.6579955793677608,100.0,11,4,,,3.4658606296374312,2.6876065414465464,4.223690952621402,0.2522105866866519,-0.9275960004271296,-1.000740182998641,0.0030094754164111,0.2532778717098896,7.911490942125448,4.829134798348132,10.85194413164328,1.2277172001209025,6436.141,1.5360844111748553,6.0228093332951484,0.0009357795817859,3.184010455694324
B0048,2,00373.csv,1.5076933476098775,1.6579955793677608,90.93470250293444,10,4,0.07486242670723,0.2118441290131373,3.4593246298099665,2.6835427959445024,4.161851896835355,0.2456070593542785,-0.95963764625613,-1.0008913420360177,0.0007031704374309,0.188803449238805,7.958927971485882,5.772228474438241,10.829468947828506,1.0684529531803295,5650.265,1.4783091008908524,5.057240473390265,0.0008950448294708,3.034341594215473
B0048,3,00375.csv,1.4989223343608031,1.6579955793677608,90.40568943690327,9,4,0.07486242670723,0.2118441290131373,3.4552294701778714,2.67699798556518,4.175466417206107,0.2521876041044856,-0.9640819411783536,-1.00468755228754,0.0001257646898655,0.1779521735717097,7.708927821830712,4.596833268139085,11.053444137693344,1.289434429180308,5590.907,1.4984684316409274,6.456610869554258,0.00115484140043,3.009105704074049
B0048,4,00377.csv,1.4782919502497789,1.6579955793677608,89.16139274710805,8,4,0.07486242670723,0.2118441290131373,3.4575807060974952,2.693438414792196,4.174693750587349,0.2459036428377573,-0.9590403279797144,-1.0003370114328405,0.002484352078282,0.1909058034631917,7.711890755969547,4.743082891030165,10.582379295049948,1.2116556753441714,5543.61,1.4812553357951534,5.839296404019784,0.0010533382406085,3.052369848070144
B0048,5,00379.csv,1.461856891390611,1.6579955793677608,88.17013203063286,7,4,0.07486242670723,0.2118441290131373,3.45764038558974,2.6967591738883163,4.174741021763634,0.2467630558768961,-0.9561581387967848,-1.0024109953994933,0.0017833078818055,0.1975090776094401,7.733691649876036,5.090456621271111,10.227762694291696,1.1256057468871383,5499.046,1.4779818478753173,5.137306073020586,0.0009342176939455,3.0604433007542724
B0048,6,00381.csv,1.4509592706473475,1.6579955793677608,87.51285520318686,6,4,0.07486242670723,0.2118441290131373,3.4540569996464043,2.6855475478766424,4.174511213058054,0.2472436824449351,-0.95562492940014,-1.0007359400857092,0.0002502113009859,0.1983473906946422,7.713793706750157,5.052463006214185,10.448166696977866,1.1765494072509786,5461.219,1.488963665181411,5.395703690763681,0.0009880035374453,3.064363189154034
B0048,7,00385.csv,1.451746997147108,1.6579955793677608,87.56036597520355,5,4,0.0748964391390291,0.1979882209085581,3.436367401137892,2.691750203742161,4.14121689573938,0.2460727235375054,-0.957793793973128,-1.002031773364646,0.0011796550269873,0.1931207537131738,7.8513931260036465,3.9324231269288994,11.087645565750543,1.3186218328682635,5451.281,1.4492696945169437,7.155222438821644,0.0013125763355111,3.030804773712629
B0048,8,00389.csv,1.444392866287476,1.6579955793677608,87.1168104584611,4,4,0.0757692694613932,0.2089565660584671,3.4466304878843594,2.689384375743919,4.158004815622747,0.2501840819668626,-0.9502347980955428,-1.0007316751284792,0.0020322605199551,0.2098007206025278,7.905320525605018,5.537851990335868,10.331525897326843,1.109688033999174,5468.062,1.468620439878828,4.793673906990975,0.0008766678042405,3.065357227019826
B0048,9,00391.csv,1.432738323965376,1.6579955793677608,86.41388082058207,3,4,0.0757692694613932,0.2089565660584671,3.4469353939775917,2.6855540838129546,4.173957792716822,0.2500520525654442,-0.95236200437101,-1.0005511265640192,0.0034991088461236,0.2058297184042732,7.847675607740912,4.843165715131853,10.695473118282326,1.1943602939497993,5411.297,1.488403708903867,5.852307403150473,0.0010814980961404,3.071886000748415
B0048,10,00393.csv,1.417241201438662,1.6579955793677608,85.47919060068271,2,4,0.0757692694613932,0.2089565660584671,3.4438356242957933,2.689152622424136,4.173757067290182,0.2546857563003143,-0.9494102232020358,-0.99971357088635,0.0024035681930929,0.2120639118759112,7.926506175979814,5.513246233631286,10.588614300598088,1.131881308946597,5369.703,1.4846044448660454,5.075368066966802,0.0009451859938932,3.0708593341428
B0048,11,00395.csv,1.4057559944573452,1.6579955793677608,84.78647421927377,1,4,0.0757692694613932,0.2089565660584671,3.4417182002819104,2.678956108681276,4.172904801080625,0.2519398524910782,-0.949209508836394,-1.0019089598735609,0.0016393911719587,0.2132147246809528,7.937097401174621,4.743978301887625,10.7107611721746,1.1720470511693446,5327.406,1.493948692399349,5.966782870286974,0.0011200165465682,3.083809867306625
B0048,12,00397.csv,1.3902706269897065,1.6579955793677608,83.85249299155882,0,4,0.0757692694613932,0.2089565660584671,3.439456123966976,2.688287422782237,4.173032965850683,0.2549263231296769,-0.9438502376761828,-1.0010368726226484,0.0026758903873933,0.2243320546530188,7.966127448510559,5.569898912426464,10.52686289722462,1.1184931955082311,5299.266,1.484745543068446,4.956963984798155,0.0009354057684211,3.103461217027622
B0048,13,00401.csv,1.4196659307880326,1.6579955793677608,85.62543522156977,0,4,0.0753322025051574,0.1951976925684672,3.430038755039813,2.680621623320638,4.133304141515335,0.2398302954138119,-0.9514090951270098,-1.0014340929938248,0.001095210798971,0.2072394100217394,7.886742523689043,4.137443220942473,10.680714357791624,1.3427566308622212,5367.172,1.4526627928345484,6.543271136849151,0.0012191282740424,3.061459771059546
B0048,14,00405.csv,1.4190563985232272,1.6579955793677608,85.58867201952084,0,4,0.0764147145889461,0.1947071183478171,3.442487347026378,2.693587841641054,4.156655311996452,0.2451884116728965,-0.944155823754122,-0.9997588632259335,0.0020320180393504,0.2226791472659664,7.810373532807223,3.992453746405328,10.479304841863389,1.2004628784716012,5406.812,1.4630674703553983,6.486851095458061,0.0011997552523479,3.112541141007082
B0048,15,00407.csv,1.404272356704056,1.6579955793677608,84.69699040087572,0,4,0.0764147145889461,0.1947071183478171,3.4434500367152183,2.6905447145318244,4.172913024979518,0.2490119907497398,-0.943749133811343,-0.9998144854501804,0.0012058996227724,0.2239655907387614,7.869709498966687,4.561699444118848,10.378581035006627,1.1808980543104013,5353.094,1.482368310447694,5.816881590887779,0.0010866391643576,3.1135535539169936
B0048,16,00409.csv,1.3916140490958342,1.6579955793677608,83.93351987262203,0,4,0.0764147145889461,0.1947071183478171,3.4369770767738053,2.6889512479861937,4.172334722190024,0.2522879764244498,-0.948030574788209,-1.00055829140422,0.0018081909218465,0.2151793037861018,7.873285917762758,3.989340515617782,10.851484720266557,1.2494453495768565,5280.031,1.4833834742038308,6.862144204648775,0.0012996408931403,3.08768466203587
B0048,17,00411.csv,1.3749618350294734,1.6579955793677608,82.92916170221541,0,4,0.0764147145889461,0.1947071183478171,3.4351167375068576,2.6767423992621824,4.171533861821569,0.2522563185105066,-0.942440288320164,-1.000296719098956,0.0018186296784073,0.2265055817316393,7.888295790156799,4.320857993357971,10.70498211965856,1.2438591625488604,5248.593,1.4947914625593866,6.384124126300589,0.0012163496248043,3.118321121701036
B0048,18,00413.csv,1.3545155713071164,1.6579955793677608,81.69597001118846,0,4,0.0764147145889461,0.1947071183478171,3.4352880614818906,2.692752260117709,4.172113180559959,0.2516322930404097,-0.936561624298611,-0.9998388108585378,0.0029459229003412,0.2378889969969782,7.90514873318139,4.951795065579511,10.26828159930382,1.1392270384884244,5203.375,1.4793609204422502,5.3164865337243095,0.0010217381091549,3.151965763702182
B0048,19,00417.csv,1.3440223073315984,1.6579955793677608,81.06308147360146,0,4,0.0769489678768179,0.2163753560854461,3.426473499744202,2.69610071870072,4.152547964911409,0.2534335093591656,-0.9359740520534714,-0.9997539612146188,0.001847873095543,0.2390804772714757,7.9278743808781424,5.453380314760635,10.42028909453994,1.1410272947564044,5166.812,1.4564472462106886,4.966908779779306,0.000961310142459,3.155590485578126
B0048,20,00419.csv,0.0,1.6579955793677608,,0,4,0.0769489678768179,0.2163753560854461,3.6332673475295354,3.4429735829245125,4.171642845757827,0.1364615657229057,-0.9854751233942513,-0.9993706702918804,0.0007942381340608,0.1062900850834133,7.084065434295192,5.137975123717214,8.382812028066311,0.8520260120614982,2384.094,0.7286692628333142,3.244836904349097,0.0013610356405196,3.46924296648123
B0048,21,00421.csv,1.372384475860572,1.6579955793677608,82.7737113981872,0,4,0.0769489678768179,0.2163753560854461,3.423172304469916,2.6813752744142234,4.176821150785954,0.2593320407761819,-0.9249433480673208,-0.9998450687021054,0.0028257148701018,0.258310368939546,7.950376644939932,5.066670449647178,11.025933551300648,1.2347531087296069,5340.281,1.495289218589026,5.95926310165347,0.0011159081519593,3.229931104436364
B0048,22,00423.csv,1.318410575267441,1.6579955793677608,79.51834080101634,0,4,0.0769489678768179,0.2163753560854461,3.428797713311107,2.6946752970811247,4.171686901258687,0.2535686620922733,-0.929678394158958,-1.0005731202327626,0.0018603393207839,0.2504753821919109,7.891054732187375,5.533218200827807,10.196289899952207,1.0959815416417382,5103.0,1.4770116041775618,4.663071699124401,0.0009137902604594,3.198971901920585
B0048,23,00425.csv,1.3112727599578604,1.6579955793677608,79.08783209529936,0,4,0.0769489678768179,0.2163753560854461,3.4246615589655973,2.6954700046169733,4.172000465131976,0.2528975222415394,-0.9340469067277114,-1.0035187304131965,0.0030002151765806,0.2425103313800676,7.911933312913009,5.448284108593169,10.67776116366158,1.1772029671965103,5051.172,1.476530460515003,5.229477055068411,0.0010352997393611,3.180589518359424
B0048,24,00429.csv,1.2970172419001187,1.6579955793677608,78.22802774870527,0,4,0.0812010538637714,0.2112378461682464,3.420260120001828,2.696945913635699,4.151092092342163,0.2522703721414791,-0.9282929869770824,-1.0002204688393834,0.0027748871456291,0.2527122094275675,7.973125054817125,5.563022662749718,10.197605675555666,1.0938742362917646,5027.563,1.4539933411930592,4.634583012805948,0.0009218348955161,3.210413112274963
B0048,25,00431.csv,1.2995219526631718,1.6579955793677608,78.3790963519164,0,4,0.0812010538637714,0.2112378461682464,3.4176468335228454,2.678219557836974,4.171107672675929,0.2566413296188526,-0.9361639727698596,-1.00063095764688,0.0044641721580971,0.2390266415043165,7.988820643678426,5.305296976396524,10.817583822184044,1.17307030866482,4993.765,1.4928881148389554,5.5122868457875205,0.0011038338499684,3.1523674403155746
B0048,26,00433.csv,1.2826154066729571,1.6579955793677608,77.35939845883387,0,4,0.0812010538637714,0.2112378461682464,3.4172601086559014,2.6929901554909765,4.170406220123355,0.2588691138843147,-0.9299928998106648,-1.0004747296268892,0.0031591188266176,0.2498172159797283,7.990220402102304,5.382210395843422,10.516072793190034,1.1510444950115255,4962.469,1.4774160646323784,5.133862397346612,0.0010345379280649,3.1977046967914364
B0048,27,00435.csv,1.2752890152407,1.6579955793677608,76.91751601213574,0,4,0.0812010538637714,0.2112378461682464,3.4115448650857543,2.684969781882089,4.169460748536267,0.259965256386176,-0.934806579329965,-1.006586673096361,0.0020541121597789,0.2414929966073137,7.882690956878554,4.323941422488026,10.549697060839051,1.3234374490008551,4907.859,1.4844909666541777,6.225755638351025,0.0012685278118933,3.154279370282272
B0048,28,00437.csv,1.2735572473264072,1.6579955793677608,76.81306652289445,0,4,0.0812010538637714,0.2112378461682464,3.4065891490442124,2.6836073579697186,4.170165006607723,0.2622748225047406,-0.9370645194852636,-1.0026150245180556,0.0018647317692802,0.2370334527144665,8.054682377673142,3.947351265286175,11.262651366620426,1.403267285968979,4888.656,1.4865576486380043,7.315300101334252,0.0014963826665926,3.13354561023637
B0048,29,00441.csv,1.2594114333938535,1.6579955793677608,75.9598788480547,0,4,0.078869566389857,0.2137082907420026,3.404850768576602,2.6880496504528555,4.148906074950599,0.2589335415441861,-0.9310772172053212,-1.0001495156365343,0.0038491351535378,0.2479343102714046,7.989516678064296,4.8115564819625565,10.67022537319244,1.256258339504122,4866.25,1.4608564244977431,5.858668891229884,0.0012039391505224,3.175447887558712
B0048,30,00443.csv,1.2631632585495876,1.6579955793677608,76.18616564896189,0,4,0.078869566389857,0.2137082907420026,3.4037388246513496,2.6866245843324728,4.170272562112315,0.263408777989533,-0.9394586031577282,-1.000662603416492,0.0025458608027601,0.2332876773245754,8.031961049301984,5.22224566501025,11.290252755528313,1.331311577643599,4836.125,1.483647977779842,6.068007090518063,0.0012547250309944,3.124441311276516
B0048,31,00445.csv,1.2491717310136363,1.6579955793677608,75.3422835717077,0,4,0.078869566389857,0.2137082907420026,3.406828557709097,2.698617918096401,4.170271899546104,0.2590439771602345,-0.935837916606588,-1.001004029933717,0.0034355211514904,0.239650623297916,8.043229181254354,5.67786105224998,10.973350060572036,1.1965114346257286,4801.485,1.4716539814497027,5.295489008322056,0.0011028856714791,3.158872247163817
B0048,32,00447.csv,1.233984347835307,1.6579955793677608,74.4262749063456,0,4,0.078869566389857,0.2137082907420026,3.408678977410032,2.699107325579607,4.169452174938924,0.2583498577034428,-0.9322392887454544,-1.0009807316550958,0.0032156201712743,0.2463182031151368,8.03181115051043,5.160424118649307,10.3391489283262,1.1722242822345894,4760.938,1.4703448493593174,5.1787248096768925,0.0010877530456554,3.1770867900942927
B0048,33,00449.csv,1.240031992028868,1.6579955793677608,74.79103125846248,0,4,0.078869566389857,0.2137082907420026,3.3973450050321667,2.6835548325192,4.170146996930818,0.2663163081782509,-0.9406998132859437,-1.0015794381065346,0.0032676933828671,0.2304088336187053,8.097013437245893,5.270377561388148,11.22843469416495,1.3284528601992582,4740.907,1.486592164411618,5.958057132776801,0.0012567336024049,3.1114805801704626
B0048,34,00453.csv,1.30370857198071,1.6579955793677608,78.63160723732749,0,4,0.0799826707857191,0.2047737934078979,3.3993392010348766,2.681569834191177,4.12494331073437,0.2497327081908189,-0.9537093572867028,-1.000338666801855,0.002741239360133,0.2030457463093024,8.022533123805395,4.729340770408116,11.142187018109254,1.3127365951353838,4914.532,1.4433734765431927,6.412846247701139,0.0013048742479855,3.0308472512768656
B0048,35,00457.csv,1.315055963470538,1.6579955793677608,79.31601144389089,0,4,0.0788327823664273,0.2102307097728051,3.4116534333763227,2.683679055503892,4.151287967783268,0.2592156130275466,-0.9460022622334844,-1.0008223865758237,0.0029521447447247,0.2195917569386588,8.108172025448226,5.108006310610777,11.266783334689707,1.3047593630928174,4998.656,1.4676089122793758,6.158777024078931,0.001232086589691,3.076641409711244
B0048,36,00459.csv,1.2888738300982074,1.6579955793677608,77.73686770562382,0,4,0.0788327823664273,0.2102307097728051,3.417645007960136,2.682654869893668,4.170265534323388,0.2565636647760346,-0.9477332619889278,-1.0014803549820417,0.0027404094242924,0.2160519522458946,7.897722007134805,5.16229310518604,10.42585253276335,1.1842144673242745,4890.015,1.4876106644297198,5.26355942757731,0.0010763892191695,3.0819290260397945
B0048,37,00461.csv,1.2877137595885193,1.6579955793677608,77.66689945455462,0,4,0.0788327823664273,0.2102307097728051,3.4079105797438367,2.682384467590376,4.170979556153871,0.2642965744419518,-0.955996398502354,-1.0011333619216,0.0030772516111169,0.1979908763396426,8.04149350152151,5.449713987023955,11.216029100406416,1.2782703098963155,4842.11,1.488595088563495,5.766315113382461,0.00119086826061,3.0214392347120103
B0048,38,00463.csv,1.2673379985315465,1.6579955793677608,76.4379600466014,0,4,0.0788327823664273,0.2102307097728051,3.407164499269471,2.686240486840372,4.169424514471797,0.2629438368545806,-0.9495988780290304,-1.0008607894638553,0.0018306959853921,0.2122144962641166,7.954120438181095,4.546722884578634,10.782099455149345,1.332763803998683,4798.281,1.4831840276314248,6.23537657057071,0.0012995021697501,3.0525689674219585
B0048,39,00465.csv,1.250594345697306,1.6579955793677608,75.42808685739632,0,4,0.0788327823664273,0.2102307097728051,3.411264697940678,2.6969281633328235,4.170624380836064,0.2589130614735587,-0.9487217927497306,-1.000768040220572,0.0018361514130153,0.213748588156227,7.997450587692992,5.50301085785278,10.321202935071105,1.1763998976328074,4739.188,1.4736962175032406,4.818192077218325,0.0010166703826094,3.0709249739741358
B0048,40,00469.csv,1.2487131179395878,1.6579955793677608,75.31462287829238,0,4,0.0786066163448657,0.2154982225647067,3.399055092260418,2.697244348677796,4.149740744130536,0.2615216607376631,-0.9484783034454788,-1.00042503459904,0.0058328434279522,0.2140445770371947,8.033089769228212,4.482961780107139,10.97070399517944,1.3439087119281163,4733.156,1.4524963954527403,6.4877422150723,0.0013707011167754,3.062761844351762
B0048,41,00471.csv,1.248002326082933,1.6579955793677608,75.27175232631383,0,4,0.0786066163448657,0.2154982225647067,3.397998613644679,2.682663772646134,4.170538290499679,0.2670056830571979,-0.960288282497019,-1.0015325180388504,0.0024128993077932,0.1880162382569513,8.032822875095608,5.62240286953277,11.121182366824469,1.2522695464392624,4670.61,1.487874517853545,5.498779497291698,0.0011773150610502,2.9943180562035656
B0048,42,00473.csv,1.2300895244599586,1.6579955793677608,74.19136334060828,0,4,0.0786066163448657,0.2154982225647067,3.396874930872144,2.6897565950033164,4.170102316006519,0.2666229724571551,-0.9538841832821684,-1.0062480227973458,0.002341578409473,0.2032917749548563,7.971994643634386,5.066112833343836,10.805368665446066,1.2917203522357907,4635.0,1.4803457210032025,5.73925583210223,0.0012382428979724,3.026620981067267
B0048,43,00475.csv,1.2244197121500937,1.6579955793677608,73.84939546201917,0,4,0.0786066163448657,0.2154982225647067,3.394928539113621,2.6851150517360427,4.169002458595089,0.2661113940219394,-0.9534653843148168,-1.000237361904988,0.0041882763157375,0.2038699158628475,7.985840586212385,4.014798668315889,10.90427632418744,1.3747200253288625,4615.86,1.4838874068590462,6.889477655871552,0.0014925664244304,3.0243903154025635
B0048,44,00477.csv,1.2186682845116386,1.6579955793677608,73.50250505350263,0,4,0.0786066163448657,0.2154982225647067,3.3923053503439844,2.691698678764574,4.169722967056448,0.2682660336075996,-0.956181471470956,-1.0009932577793423,0.002146561775158,0.1976421933067387,8.055923800450703,5.146085898076146,11.177549576040898,1.3462603639995558,4580.75,1.4780242882918744,6.031463677964752,0.0013166978503443,3.0116630093658188
B0048,45,00481.csv,1.2037865236033616,1.6579955793677608,72.60492962607286,0,4,0.0792768393252681,0.2195434787289041,3.393507466288284,2.688395997689043,4.147796072295514,0.2588193750488777,-0.949495711589349,-1.0006542561971037,0.0024197601963604,0.2122468477549533,7.982156595851859,4.773271337412214,10.375532122783676,1.2665853485342664,4557.406,1.4594000746064713,5.602260785371462,0.0012292652410979,3.052512147625305
B0048,46,00483.csv,1.1947642300832226,1.6579955793677608,72.06076089411644,0,4,0.0792768393252681,0.2195434787289041,3.397997936501643,2.696650926823416,4.16937546220786,0.2583911061399535,-0.9491950189128958,-1.0009626594711905,0.0039275882749092,0.2134154220943893,7.842796481143621,3.6358068711620457,10.314092555911314,1.3365891768794365,4524.032000000007,1.4727245353844445,6.678285684749268,0.0014761800280699,3.066692434129306
B0048,47,00485.csv,1.2052091893871495,1.6579955793677608,72.69073599380337,0,4,0.0792768393252681,0.2195434787289041,3.3882925257712984,2.6969697387700067,4.170164354666364,0.2689684682745718,-0.9617018565505489,-1.0010181767758786,0.0019253522309582,0.1843802096995712,8.079939832789865,5.400512363966563,11.367431862943256,1.3605161730848094,4502.938,1.473194615896357,5.966919498976694,0.0013251169567461,2.983388481515997
B0048,48,00487.csv,1.1955746593628465,1.6579955793677608,72.10964095686865,0,4,0.0792768393252681,0.2195434787289041,3.3877256181336417,2.6967087456075824,4.169926901474105,0.2690749210564458,-0.9582791920312704,-1.0003688126988763,0.0029828645995823,0.1929748361644375,8.064765751727984,5.364985230876063,11.06954549641082,1.3073590326624065,4483.094,1.473218155866523,5.704560265534757,0.0012724605519167,2.998360100257687
B0048,49,00489.csv,1.1888497102149884,1.6579955793677608,71.70403377482644,0,4,0.0792768393252681,0.2195434787289041,3.3892443793813447,2.691947029899948,4.169479557902343,0.2686425480644643,-0.96045733364653,-1.000126079444024,0.0014238030452447,0.1870800928707598,8.047690080561159,4.837302629347535,10.977331626368253,1.3223860986333278,4448.36,1.4775325280023952,6.140028997020718,0.0013802904884093,2.980631981739675
B0048,50,00493.csv,1.1915605250807406,1.6579955793677608,71.8675332979546,0,4,0.0806396651057525,0.2364909564116417,3.379247569665043,2.686563173222129,4.1466990810536295,0.2668320952393432,-0.964049565042912,-1.0021900619093496,0.0029238576437456,0.1777362587818226,8.077528255423264,5.5735629503418185,11.25041370680882,1.3004960205491285,4440.531,1.4599999065302964,5.676850756467001,0.0012784170984206,2.9644724469076364
B0048,51,00495.csv,1.1726587153109655,1.6579955793677608,70.72749348090134,0,4,0.0806396651057525,0.2364909564116417,3.3916390352444328,2.696173744376241,4.168333177873153,0.2626839326930855,-0.954156405475968,-1.0003664269909844,0.0024173954685969,0.20224344087016,7.993540199499143,4.946061993175074,10.261913330935936,1.2158490386106904,4416.547,1.472159433496912,5.315851337760862,0.0012036215934667,3.0272238096079445
B0048,52,00497.csv,1.1841133872494156,1.6579955793677608,71.41836817809553,0,4,0.0806396651057525,0.2364909564116417,3.3795641863547807,2.687805922420921,4.1690272272079385,0.2696397720884101,-0.9703946548779708,-1.0012571198673526,0.003278621257606,0.1609190920357635,7.973181959906695,4.703986623811653,11.209451387068038,1.4270802819194517,4382.937,1.4812213047870175,6.505464763256385,0.0014842706530475,2.935336299207389
B0048,53,00499.csv,1.1576825122317769,1.6579955793677608,69.82422188804827,0,4,0.0806396651057525,0.2364909564116417,3.390535719678572,2.6954427225266566,4.169215137661718,0.2600517985903083,-0.9568118198331176,-1.0018658991684293,0.0019777963812346,0.1966247816859709,7.915947250994455,4.719507027593361,10.39465598668322,1.2587083781609136,4347.453,1.4737724151350613,5.67514895908986,0.0013053962766451,3.019627554760518
B0048,54,00501.csv,0.0,1.6579955793677608,,0,4,0.0806396651057525,0.2364909564116417,3.4657216656737035,3.078111316923791,4.1701191621232025,0.2019814787604741,-0.9887316907290912,-1.0001136128555836,-0.0002455760506153,0.0898325779741031,7.631644271961187,5.388916599525719,9.73523495959482,1.013420195808023,3581.188,1.0920078451994115,4.346318360069101,0.0012136526650008,3.1617828807170456
B0048,55,00505.csv,1.259355851168598,1.6579955793677608,75.95652647329885,0,4,0.0790627076320204,0.2339661720435051,3.3909861606032004,2.6861121256233056,4.135364610542779,0.2579564062008226,-0.9536560997964092,-1.0023792621826997,0.0012033859895205,0.2031375731058732,7.938268366482139,3.640778332395991,10.71880829888557,1.3918664594847063,4746.5,1.4492524849194734,7.078029966489579,0.0014912103584724,3.015667402112612
B0048,56,00509.csv,1.265883375278026,1.6579955793677608,76.35022620269845,0,4,0.0803691215820104,0.2302661311627608,3.3970417211274984,2.6816961536149058,4.1506494675081695,0.2666276627052862,-0.9718532283937392,-1.000168699926821,0.0007467315993929,0.1562593062470695,8.024531067354474,5.280785927020868,11.267543040114028,1.3192424906681184,4679.156,1.4689533138932638,5.98675711309316,0.0012794523442033,2.935251249261258
B0048,57,00511.csv,1.247259867318412,1.6579955793677608,75.22697182305073,0,4,0.0803691215820104,0.2302661311627608,3.405389779326204,2.6935260886313634,4.170594556050919,0.2641094350452808,-0.9745908346175696,-1.0029269600514006,0.0008686434908399,0.1478408452351438,8.026701986317695,5.439127798474958,10.977215485451683,1.2328312012330374,4596.578,1.477068467419556,5.538087686976725,0.0012048283934215,2.9451999346147497
B0048,58,00513.csv,1.232808747256218,1.6579955793677608,74.3553699779056,0,4,0.0803691215820104,0.2302661311627608,3.4044637089503,2.6819098951639786,4.170902199360611,0.2639890514884672,-0.9743182693533816,-1.0009156470599612,0.0012745576170925,0.1487507374003417,8.083086131954136,5.5760957810433815,10.698980931953203,1.1926084640391033,4544.641,1.488992304196632,5.122885150909822,0.0011272364859864,2.944495345140485
B0048,59,00515.csv,1.2319592783041904,1.6579955793677608,74.3041352844843,0,4,0.0803691215820104,0.2302661311627608,3.40066115678775,2.6836569825858465,4.1707733769162845,0.2703829203339145,-0.9773202136961056,-1.0001085078242802,0.0017172085207204,0.138489490209124,8.282945581406354,5.877656826915311,11.200778779435032,1.1874744782598723,4526.938,1.487116394330438,5.32312195251972,0.0011758769288467,2.9065966483561843
B0048,60,00517.csv,1.220785786262778,1.6579955793677608,73.63021961302799,0,4,0.0803691215820104,0.2302661311627608,3.399557901522936,2.686405541586876,4.170606882649154,0.2693720800583944,-0.9769934301900784,-0.9997514170880324,0.0003549387845271,0.1389261331055714,8.296254318972048,5.525503580120772,11.067122162658642,1.1802336391116277,4487.438,1.484201341062278,5.541618582537869,0.0012349181387102,2.905108975068996
B0048,61,00521.csv,1.2275441303266783,1.6579955793677608,74.03784096907994,0,4,0.0787772881088217,0.2372169286680659,3.3869933616946555,2.685608364298082,4.128047138171167,0.2600514152708568,-0.9767440428637848,-1.0014756423920743,0.0008543782112958,0.1386990103774671,8.280354632475289,5.413129453673241,11.217197558663642,1.254171873591593,4513.312,1.4424387738730853,5.804068104990401,0.0012859886719531,2.913788050264407
B0048,62,00525.csv,1.2386788414290355,1.6579955793677608,74.70941761505647,0,4,0.0799177529548652,0.2320164334146056,3.394753102028349,2.685972991906515,4.150268203613492,0.2680593186388189,-0.9738169504529768,-1.0292876659492052,0.0016107871941853,0.1490293454931124,8.346898191755683,5.989050471195661,11.59325762914515,1.2616098403170408,4568.438,1.4642952117069767,5.604207157949489,0.0012267228225379,2.9197973928214105
B0048,63,00527.csv,1.2283577755407058,1.6579955793677608,74.08691499702988,0,4,0.0799177529548652,0.2320164334146056,3.3979955411966936,2.689198249643033,4.1705243721131415,0.2710966988363644,-0.9802233649908892,-1.0011525386558742,0.0029197510088672,0.1275068999233398,8.337878264565942,5.977980107459538,11.534047303435644,1.238784032825826,4499.656,1.4813261224701084,5.556067195976106,0.0012347759908704,2.8979176041643715
B0048,64,00529.csv,1.2095481507570451,1.6579955793677608,72.95243520602625,0,4,0.0799177529548652,0.2320164334146056,3.399587991995103,2.6983204775942364,4.170294880009359,0.2675963630773408,-0.9801797978590469,-0.9994560675644152,0.0007032833500389,0.1283532971018852,8.259622932500356,5.68627740208186,10.92572543982624,1.1591065623841206,4430.984,1.4719744024151225,5.23944803774438,0.0011824569977558,2.904995219563383
B0048,65,00531.csv,1.2082142070681048,1.6579955793677608,72.87198000424283,0,4,0.0799177529548652,0.2320164334146056,3.395118621843109,2.693240203211685,4.170568686817898,0.2714894862735073,-0.9833769221524864,-1.0001444836054942,0.0001566483540684,0.1154310755200395,8.290496900072908,5.76985883802255,11.346378697595553,1.2117827496019236,4411.141,1.4773284836062128,5.576519859573002,0.0012641898909087,2.888688923920038
B0048,66,00533.csv,0.0,1.6579955793677608,,0,4,0.0799177529548652,0.2320164334146056,3.627430047441356,3.441548920019712,4.170160404909495,0.1387202670411833,-0.9815143614251552,-0.9996934306535468,-0.0024497436566142,0.1223319317272866,7.381556529300557,5.28639106317437,8.56828741399406,0.7842252251473907,1991.531,0.7286114848897833,3.2818963508196903,0.0016479263194093,3.459707352037206
B0048,67,00537.csv,1.2998734542832149,1.6579955793677608,78.40029674740703,0,4,0.0816525770705254,0.2331287026955529,3.402660754515897,2.6866110987705887,4.152589435404936,0.2619307640474151,-0.9565798060844432,-0.9998506480954517,0.0032773724490906,0.195515384170801,8.321321846834685,5.83847318455834,11.439171740202124,1.2236547268616156,4883.312,1.4659783366343473,5.600698555643784,0.0011469057384913,3.007199089888076
B0048,68,00541.csv,1.2691220651743778,1.6579955793677608,76.54556387046152,0,4,0.0800508246084786,0.2193824296361437,3.409317486730915,2.699083135691788,4.151970239591361,0.2616246183220708,-0.9772401913298512,-1.0004944197478995,0.0021411055906852,0.1375940030441256,8.23807744072398,5.409615967347339,11.147240167890732,1.2032442226090048,4663.907,1.45275378280416,5.737624200543394,0.0012302183985537,2.9337920980405365
B0048,69,00543.csv,1.2555144634690785,1.6579955793677608,75.7248378157824,0,4,0.0800508246084786,0.2193824296361437,3.4133709426845638,2.6907134698484554,4.170962379739071,0.2633981567320712,-0.9839943201059,-1.0008604029243209,0.0013498014629071,0.1136173217086069,8.189029507624946,4.717927692291231,10.831285577855546,1.2260834666405378,4581.328,1.4802489098906153,6.113357885564315,0.0013344073782895,2.923143768713641
B0048,70,00545.csv,1.2519876926897655,1.6579955793677608,75.512124897654,0,4,0.0800508246084786,0.2193824296361437,3.4068009615962724,2.684500860538322,4.171135033653532,0.2692250403209313,-0.9871874196801942,-1.0019448914018847,0.0002887625847544,0.0990261624828693,8.234868029314756,4.908420996146337,11.236293148641268,1.2858757841078432,4553.031,1.4866341731152102,6.327872152494931,0.0013898153016078,2.891515026723714
B0048,71,00547.csv,1.2374982003019996,1.6579955793677608,74.63820867205759,0,4,0.0800508246084786,0.2193824296361437,3.4061690632747035,2.687835669252526,4.170873392468351,0.271068628462354,-0.9901111158822024,-1.0012709000931328,0.0005939644267695,0.0817074263392084,8.238279702155017,5.971467724106513,11.08616967823061,1.1301597652743125,4486.5,1.4830377232158254,5.114701954124096,0.001140020495737,2.877906958991668
B0048,72,00549.csv,1.2231273969878986,1.6579955793677608,73.77145103452632,0,4,0.0800508246084786,0.2193824296361437,3.406745720524415,2.690437364566134,4.170920111392399,0.2659360460900362,-0.9865545525457216,-1.0011831011426036,-7.174117374828844e-05,0.1003240671011539,8.219372551773532,5.438496112688672,10.751912617606896,1.143832954199456,4450.625,1.4804827468262651,5.313416504918224,0.0011938585041243,2.908547360977894
B0049,1,04257.csv,0.8583727215167135,2.378643730568756,36.08664511147571,0,4,,,3.053366988981642,1.992540128455469,3.8462292855248927,0.2716884404493636,-1.991100813305088,-2.020967008916884,-0.000871109149625,0.209782159601008,13.052857746525287,9.276107406369094,16.380725919820748,1.8874295959241791,1713.235,1.8529512228845024,7.104618513451653,0.0041469025051739,2.4243121396796603
B0049,2,04261.csv,1.4209057149417377,2.378643730568756,59.73596199721703,0,4,0.0433385417036897,0.1579440267453546,3.2129415422375103,1.9882559316714203,4.162219408853582,0.3758156550602705,-1.83826156002667,-2.0153014084095795,0.0016948784926854,0.5663341193082031,12.628005551626734,5.641776754662599,20.824132297943244,3.138640499588564,3170.984,2.1737777221894925,15.182355543280645,0.0047879003940986,3.2367682356568284
B0049,3,04263.csv,1.372852133389263,2.378643730568756,57.7157527100959,0,4,0.0433385417036897,0.1579440267453546,3.184979657873478,1.999572792895172,4.191097729318615,0.4477972944963165,-1.9024015568068964,-2.014855437456021,0.0004569791270123,0.4581767904766949,12.625179528928726,5.701047125577017,22.127142494646403,3.819885472196415,3135.344,2.191524936423443,16.426095369069387,0.0052390089792601,2.783474843901029
B0049,4,04265.csv,1.3643742487429145,2.378643730568756,57.3593359614506,0,4,0.0433385417036897,0.1579440267453546,3.3418301077163903,1.9713959702644483,4.191581344098992,0.3439548386420773,-1.7343383193976387,-2.01601295143096,0.0015804056575776,0.6956761483585698,11.462796138822773,4.621748251721727,17.45530915998414,2.602911027657424,3049.781,2.220185373834544,12.833560908262411,0.004208027038093,3.682752310981444
B0049,5,04267.csv,2.378643730568756,2.378643730568756,100.0,0,4,0.0433385417036897,0.1579440267453546,3.2625681004485227,1.973516552675188,4.462470916200919,0.3635962638924604,-2.0045868396237765,-2.016781837557893,-0.0013154972010939,0.1317083598865105,14.669814873687034,5.230894088969191,20.096309819317955,2.714824778530596,4565.859,2.488954363525732,14.865415730348763,0.003255776345776,2.549560934817962
B0049,6,04271.csv,1.0605357965671216,2.378643730568756,44.58573526324338,0,4,0.0638173707029388,0.1426082664508583,3.444775461340988,1.977906319610241,4.176096603328684,0.4048581414844321,-0.8640775471976619,-2.0159486718933524,0.0028795308284142,0.9962696804559764,10.159724053383584,4.389464977318044,20.530529696550808,4.286389407946302,5428.594,2.1981055403917136,16.141064719232766,0.0029733416643854,3.724489752252836
B0049,7,04273.csv,1.0069932376659496,2.378643730568756,42.33476517415107,0,4,0.0638173707029388,0.1426082664508583,3.226430104098529,1.999505796022011,4.192152439213644,0.4316893748468837,-1.6316825774505053,-2.0165552728134664,0.0024219966356886,0.7898938311100923,12.747809437833528,5.509098422652694,19.605507267281187,3.396681009773513,2646.797,2.192646643191633,14.096408844628492,0.0053258367924054,3.6904387083026102
B0049,8,04275.csv,0.9298775334359536,2.378643730568756,39.09276204274657,0,4,0.0638173707029388,0.1426082664508583,3.226587700876868,1.9998676881173485,4.19193811929599,0.4716803893496029,-1.5413805979962574,-2.0160269331983307,0.0038016990639043,0.8536484633896111,12.859387226194556,6.631161942912828,21.578292345131203,3.785449501879031,2705.594,2.192070431178642,14.947130402218374,0.0055245282190226,3.703796851253644
B0049,9,04277.csv,0.9232377029483808,2.378643730568756,38.81361849542832,0,4,0.0638173707029388,0.1426082664508583,3.2214892828227866,1.9942412611094629,4.191932999195206,0.4567373251111932,-1.5480032557315486,-2.015682931257663,0.0019806173998031,0.8494501087530163,12.77865014417398,5.752360169193854,21.333411676684342,3.6300496775297257,2627.828,2.1976917380857435,15.58105150749049,0.0059292508898948,3.7014076296983776
B0049,10,04279.csv,0.9053279121173716,2.378643730568756,38.060677203681074,0,4,0.0638173707029388,0.1426082664508583,3.3410764354812947,1.988792982969284,4.190969695803424,0.4218775274745014,-1.2679865452905723,-2.015748607797613,0.0020740371989916,0.97281254383877,11.60077882051404,5.267530364129424,18.65094643921925,3.25932672102586,2981.312,2.20217671283414,13.383416075089826,0.0044891028094643,3.7332951697851526
B0049,11,04283.csv,0.8595848360639872,2.378643730568756,36.13760333324287,0,4,0.0638173707029388,0.1426082664508583,3.064645703434,1.99394963168183,4.171684324757671,0.4595856940710598,-1.9918699549524488,-2.016079035961751,-0.0021481465656871,0.2041285316513315,12.46216600618278,6.687214876673814,21.206691637037263,3.6476996904264616,1941.797,2.177707596152864,14.51947676036345,0.0074773401958924,2.0962258524279167
B0049,12,04285.csv,0.8369614294820705,2.378643730568756,35.18649803356408,0,4,0.0638173707029388,0.1426082664508583,3.2359600944959555,1.997025505884536,4.190637849743496,0.4759824042722833,-1.4315359583206415,-2.016783294487201,0.0008712855130487,0.9134155945717654,12.68524460660397,5.475337257448136,21.329570135453707,4.000808768703182,2663.625,2.19361234385896,15.854232878005572,0.0059521264735109,3.7153150980220055
B0049,13,04287.csv,0.8456824187653132,2.378643730568756,35.553135086905286,0,4,0.0638173707029388,0.1426082664508583,3.306834813693079,1.990570708799589,4.1898267739177975,0.4382776759237843,-1.282717511127997,-2.015336886284324,0.0028026401539397,0.9687343134302496,12.070917134385256,6.274589960817087,18.615958800969327,3.321650729132261,2862.25,2.1992560651182087,12.34136884015224,0.0043117718019572,3.727080848939527
B0049,14,04289.csv,0.8071214007577537,2.378643730568756,33.93200042466063,0,4,0.0638173707029388,0.1426082664508583,3.027048731210282,1.9874243707218109,4.190571685709423,0.467479094275973,-1.99132682330145,-2.0158427443639826,-0.0021976488972561,0.2084488093987708,12.931744232686029,5.501426145497583,22.131760657764843,3.972880942750968,1894.485,2.203147314987612,16.63033451226726,0.0087782877733353,2.1077716746556745
B0049,15,04291.csv,0.7820744360746734,2.378643730568756,32.879006890522106,0,4,0.0638173707029388,0.1426082664508583,3.0458944536011447,1.989251737206632,4.18826381558764,0.4487607618690301,-1.9900791687971109,-2.015178417335196,-0.0013048173016235,0.2137311034506927,12.53100572898693,4.232622819861061,21.0797561027406,3.831102803435493,1799.25,2.199012078381008,16.84713328287954,0.0093634199154534,2.131013113757989
B0049,16,04295.csv,0.7953019444133349,2.378643730568756,33.43510144846999,0,4,0.0638173707029388,0.1426082664508583,3.0556096413337333,1.9868911872895965,4.162762870031206,0.4218069605130619,-1.9889148395636456,-2.015693117280659,-0.0018541180127632,0.2180717850888954,12.33551372934191,6.133487883679988,19.66472404691272,3.5573005786367906,1741.204,2.17587168274161,13.531236163232732,0.0077711951978244,2.169020085201496
B0049,17,04297.csv,0.0,2.378643730568756,,0,4,0.0638173707029388,0.1426082664508583,3.633321533272128,3.45435043151442,4.19011964495105,0.1945178360629485,-1.8455690193556895,-2.014259088676831,-7.280941994823335e-05,0.5678582026175583,7.437341180783139,6.13448299056782,8.914965140326935,0.9172029887150102,236.156,0.73576921343663,2.7804821497591146,0.0117739212628902,3.4625681888918134
B0049,18,04299.csv,0.7752051154719997,2.378643730568756,32.59021540340725,0,4,0.0638173707029388,0.1426082664508583,2.9848405470772863,1.996058976050717,4.1692630784027385,0.4643056163877719,-1.9909739596230231,-2.017126618248215,-0.0021169047464473,0.2102143571521664,13.18736744544518,4.032381358513863,22.347809168975328,4.229311635383552,1899.218,2.1731381124581617,18.315427810461465,0.0096436679783265,2.099537850148208
B0049,19,04301.csv,0.7711865903845158,2.378643730568756,32.42127353809802,0,4,0.0638173707029388,0.1426082664508583,3.216101228170252,1.9811242583835047,4.186817701935873,0.4522966041686387,-1.4760043090484107,-2.016129985116996,0.001761731592214,0.8918542091115955,12.73854385905339,6.563001902336632,19.41196098209977,3.367857017015501,2305.25,2.2056934435523687,12.84895907976314,0.0055737811863195,3.7150980444419592
B0049,20,04303.csv,0.7585098914517947,2.378643730568756,31.888335428459808,0,4,0.0638173707029388,0.1426082664508583,3.0487042882213067,1.991234767471124,4.188353148421002,0.4175998750705184,-1.9881249898325228,-2.0162046577360044,-0.0003158661530391,0.2235007846731317,12.43174282130699,6.653715353599918,19.074608803884857,3.5867632350778065,1690.594,2.197118380949878,12.42089345028494,0.0073470587558485,2.205013203040327
B0049,21,04307.csv,0.7349386490499009,2.378643730568756,30.897382386649813,0,4,0.0759166394673117,0.1068216779814283,2.97408172255637,1.992352748796434,4.161361064351189,0.4585066432765537,-1.9893873144726053,-2.01581049777552,0.0005862349023809,0.2169180156984922,13.382353818734751,6.031905884095365,22.607671167433093,4.2485752020774745,1800.421,2.1690083155547546,16.575765283337727,0.0092066051680899,2.1109008519581303
B0049,22,04309.csv,0.7366758033690756,2.378643730568756,30.97041368162056,0,4,0.0759166394673117,0.1068216779814283,3.044469563288436,1.9960897948919885,4.186507738215053,0.4123234048754184,-1.9869251503871836,-2.0160585309963657,0.0018671631753728,0.2288159125930035,12.300881528020009,5.761176746152184,19.003281636478988,3.670232502107372,1633.25,2.190417943323065,13.242104890326804,0.0081078248218746,2.2189419700137325
B0049,23,04311.csv,0.7093946599203638,2.378643730568756,29.823493564996426,0,4,0.0759166394673117,0.1068216779814283,2.977231196667954,1.9999963944412724,4.188359485457034,0.4642532741054445,-1.9884870151283096,-2.016348795070144,-0.0011126003309764,0.2221030149224158,13.146013541941878,5.952592648948693,22.10154579807187,4.076846625483917,1737.172,2.188363091015761,16.14895314912318,0.0092961164174435,2.1136572751183644
B0049,24,04313.csv,0.7186465009220309,2.378643730568756,30.212448030214084,0,4,0.0759166394673117,0.1068216779814283,3.022114915131473,1.9911540027307004,4.185414346041184,0.4265181129367004,-1.9864544147288472,-2.0153902683188014,-0.0007286831106421,0.2306995011306551,12.419820365387574,5.005291117104153,19.702963463668752,3.7823246048905137,1614.406,2.1942603433104835,14.697672346564598,0.0091040744066638,2.1567470047037403
B0049,25,04315.csv,0.6913885231046639,2.378643730568756,29.06650181443299,0,4,0.0759166394673117,0.1068216779814283,2.9634989615749228,1.9924291348754952,4.187572397568079,0.4663191901132624,-1.9877745412866723,-2.016217383011093,-0.001017198992986,0.2246175963927251,13.214727037699832,6.04278635810774,22.293655276575564,4.123732582595993,1708.86,2.195143262692584,16.250868918467823,0.009509771964039,2.099851998968969
B0050,1,04319.csv,0.8631448527758341,1.648789607776492,52.350211858737104,0,4,,,3.058057702902254,2.1766233079901336,3.818275498868238,0.2319558652829653,-1.967882341520864,-2.0138841954536875,-0.0001301223410096,0.2948439346361529,14.106047002561937,9.20464519659275,17.700710235479104,2.291770735306068,1713.235,1.6416521908781043,8.496065038886353,0.0049590774405649,2.5614181490914203
B0050,2,04323.csv,1.648789607776492,1.648789607776492,100.0,0,4,0.0761757019999664,0.1650538224128641,3.249035054994234,2.17499719337362,4.158856235580694,0.3016674857585617,-2.000046726807743,-2.014864087482442,0.0005544852277982,0.1552504588868207,12.882473241826204,5.616949769418875,19.05864532227174,2.8172084240596904,3170.984,1.9838590422070737,13.441695552852863,0.0042389666907347,2.5734708522969085
B0050,3,04325.csv,1.601636485397804,1.648789607776492,97.14013709473356,0,4,0.0761757019999664,0.1650538224128641,3.276984379936998,2.1911951483218752,4.183088539012577,0.3373066194062902,-2.000149531228784,-2.0155624547698805,0.0012972011603773,0.1567061453148509,12.442013542177062,5.652675320864224,20.111233999456417,3.0167710860154067,3135.344,1.991893390690702,14.458558678592192,0.0046114744278752,2.499977046234686
B0050,4,04327.csv,1.5517564797427017,1.648789607776492,94.1148872132542,0,4,0.0761757019999664,0.1650538224128641,3.2890741542906974,2.1942759978640183,4.1834218050176215,0.3463471894308864,-1.999381685199029,-2.016192178653311,-0.0008381528329988,0.159216386502034,12.067451252934292,4.872961637252524,20.278735817853075,2.9976767186676248,3049.781,1.9891381642730428,15.405774180600552,0.0050514362115183,2.467064997166508
B0050,5,04329.csv,0.0325584171083419,1.648789607776492,,0,4,0.0761757019999664,0.1650538224128641,4.452558225780352,0.3492816607816715,4.535649473663294,0.4518771756204275,-0.0292842667586464,-2.0134497447946256,0.0070248940515891,0.2269356321874596,5.787557091529866,4.128248041576162,6.935918101259972,0.6546332653288991,4565.859,4.185174697048622,2.80767005968381,0.0006149270180449,4.535104900710771
B0050,6,04333.csv,2.6401491157387014,1.648789607776492,100.0,0,4,-4986.050426740892,1862.2309458669624,3.3355734950869853,2.178400890970668,4.542426686314755,0.4714535897383377,-2.0055567331475808,-2.018766969100753,-0.0023418313489393,0.1212929272047895,15.239769089136006,5.066163609661971,24.96276210259813,3.3024846432103345,5428.594,2.36392444773088,19.89659849293616,0.0036651476409796,2.375001430799064
B0050,7,04335.csv,1.359027658891632,1.648789607776492,82.42577782403515,0,4,-4986.050426740892,1862.2309458669624,3.2573285012561177,2.1918281570306326,4.180885798287954,0.3231671362894387,-1.9976916428210447,-2.016882367193576,-0.00096620554656,0.1731001000386336,12.391726056611567,5.505267020863149,19.265522316221983,2.728190226114425,2646.797,1.989057641257321,13.760255295358832,0.0051988328894731,2.506954760103784
B0050,8,04337.csv,1.3742172692238257,1.648789607776492,83.34703607678931,0,4,-4986.050426740892,1862.2309458669624,3.2495783074004967,2.1945981119604814,4.184295530413868,0.3432376396291255,-1.9978786539081472,-2.016230384723665,-0.0008078978327771,0.1718573794395101,12.491970904185653,6.4376618061725805,18.66332781758057,3.130443091708212,2705.594,1.9896974184533869,12.225666011407988,0.0045186624495057,2.4739356701270148
B0050,9,04339.csv,1.3528030430821978,1.648789607776492,82.04825143861424,0,4,-4986.050426740892,1862.2309458669624,3.267575856775779,2.1871747097810523,4.186758460479898,0.3318089696583581,-1.9973459914842016,-2.0165268325750443,-0.0010864412677022,0.174733857749984,12.223956310303723,5.691397399881454,19.24741197475352,2.7820442155175864,2627.828,1.9995837506988456,13.556014574872064,0.0051586384553601,2.5094189868198247
B0050,10,04341.csv,1.3607406193458431,1.648789607776492,82.5296698212998,0,4,-4986.050426740892,1862.2309458669624,3.1510598793508446,2.1918823058659096,4.185256536983114,0.4408635179612672,-1.998781859378724,-2.017293825164074,-0.0019052899181587,0.1646551445008069,13.386384235573518,6.282431267421633,22.784422727870645,4.146747869849688,2981.312,1.993374231117204,16.501991460449013,0.0055351440776574,2.27150056932414
B0050,11,04345.csv,0.5268786924650971,1.648789607776492,31.95548358505424,0,4,0.102682232070076,0.1690229975991349,3.5669768532640598,0.3203299638987588,4.160830604206153,0.5771103611878987,-0.981190437842449,-2.014695797616069,0.0076620884978671,1.007283061398303,9.39503756076183,6.486912837601938,13.887369323051947,2.3420074987001844,1941.797,3.8405006403073942,7.400456485450009,0.0038111380774869,3.8843120444321344
B0050,12,04347.csv,1.4002714246164416,1.648789607776492,84.92723498571813,0,4,0.102682232070076,0.1690229975991349,3.252056715450036,2.184263094213456,4.184284380356375,0.2881910842401491,-1.9975116671519328,-2.0203138964301943,-0.0004135413432259,0.1751156636423588,12.718196082251708,5.523037677188137,17.779357290699473,2.6939124900010816,2663.625,1.9999382284865028,12.256319613511335,0.0046013682907734,2.6028611482677784
B0050,13,04349.csv,1.4289274755270829,1.648789607776492,86.66524029430846,0,4,0.102682232070076,0.1690229975991349,3.0874838435029104,2.1762467490120763,4.184699738172036,0.3227482038984753,-1.9977018363826191,-2.0182354363143165,-2.080941182058583e-05,0.1692931798168358,14.939082954475598,6.154497922963432,22.23552363801744,3.6654642597607694,2862.25,2.0084529891599594,16.081025715054007,0.0056183162599542,2.433716069360039
B0050,14,04351.csv,0.076583541740148,1.648789607776492,,0,4,0.102682232070076,0.1690229975991349,3.527243039562959,2.1381406475642324,3.691318669736286,0.2573826751674723,-0.1977094301032126,-2.0100328722713914,0.0010017792081184,0.5960556941707942,7.209330122235992,5.107502494872204,10.434223507755965,1.3978505294497283,1894.485,1.5530987233910412,5.326721012883761,0.0028116987006409,3.6317289069569503
B0050,15,04353.csv,0.5736933387569048,1.648789607776492,34.794817728780465,0,4,0.102682232070076,0.1690229975991349,3.2035526569134523,2.1260336204243564,3.795648723658772,0.3176785170925403,-1.2349850771455335,-2.0132843977975976,0.0007884947759117,0.980556242813018,12.119721382650448,4.427213945189828,18.15521296792552,3.609026796053744,1799.25,1.6696151032344155,13.727999022735696,0.0076298452259195,3.546497643262509
B0050,16,04357.csv,0.3014742035427856,1.648789607776492,18.28457688724425,0,4,0.1080963797632516,0.1913368939378321,3.4168857432287325,2.186548090086204,3.757656239642927,0.2945929620991944,-0.6917680676449822,-2.0132816182317166,-8.12706965232208e-05,0.9561814848548518,9.057556338502184,5.371475858985706,14.027851994614435,2.41566345912812,1741.204,1.5710704919883385,8.65637613562873,0.0049714887719237,3.622981433089274
B0050,17,04359.csv,0.0,1.648789607776492,,0,4,0.1080963797632516,0.1913368939378321,3.322716204974352,3.2123720225635264,3.757429844123109,0.1411583049907927,-1.843513884384404,-2.012044263459244,-0.0003280551663796,0.5674277257544058,7.604996558081503,5.999408447664574,9.290927916610505,1.0878411463403137,236.156,0.5449564742222535,3.291519468945931,0.0139379032035854,3.219965171691078
B0050,18,04361.csv,0.1795654263232146,1.648789607776492,10.890742243661466,0,4,0.1080963797632516,0.1913368939378321,3.290574483611846,0.1970552492968445,4.171560623651518,1.369937666792896,-0.3449244129710352,-2.014103231474595,0.00940416994131,0.7574739044829238,7.204792493597744,4.322848390943331,9.918067818733402,1.3703736437104816,1899.218,3.9745053743546737,5.595219427790071,0.0029460648686933,4.060531284943818
B0050,19,04363.csv,1.179168781562907,1.648789607776492,71.51723761487668,0,4,0.1080963797632516,0.1913368939378321,3.210764993027875,0.1927377074618698,4.062962069472706,0.3528652969058339,-1.9854902626239652,-2.017632920268886,0.0037686521621014,0.2333523101666213,12.058448732368104,6.381610401948285,19.262784970646152,2.853132688850238,2305.25,3.8702243620108367,12.881174568697867,0.0055877560215585,2.4475847969980653
B0050,20,04365.csv,0.0961913170505672,1.648789607776492,,0,4,0.1080963797632516,0.1913368939378321,3.520738945664213,2.1295104990476927,3.705386395014377,0.3147466920797628,-0.2895802350133808,-2.0114062797913776,0.0007872900400683,0.7040114083871492,7.604057088612014,4.6612470313829695,10.698614481562748,1.3335598119222525,1690.594,1.5758758959666843,6.0373674501797785,0.0035711515894293,3.659377645520512
B0050,21,04369.csv,0.2780851770910449,1.648789607776492,16.866019519983645,0,4,0.1115873080193426,0.1874779473862687,3.351098653030788,2.199179035422044,3.763545734911403,0.3431155084509703,-0.7305332698154489,-2.012015024168927,0.0009899673190403,0.9678644927019484,10.185710952125977,5.941784298170032,15.425941131175092,2.605063066661664,1800.421,1.5640359094983576,9.48415683300506,0.0052677439515563,3.6040549686929433
B0050,22,04371.csv,,1.648789607776492,,0,4,0.1115873080193426,0.1874779473862687,3.40018711839692,0.4130567628886104,3.818979027069523,1.1180419260194827,-0.0026691029202024,-0.0056342576621893,0.0019697582279572,0.0013524176415678,5.65936924570859,4.145554558318415,6.6283285313681,0.6602451407268494,1633.25,0.061781257624597,2.482773973049685,0.0015201432561149,3.817480980676745
B0050,23,04373.csv,,1.648789607776492,,0,4,0.1115873080193426,0.1874779473862687,0.2966779489160762,0.2699084666247476,0.3599544547321904,0.0183145250580218,-0.000204816099594,-0.0031944628257135,0.0023806806614454,0.0008524570170871,5.884714514591004,4.278658411930267,6.566309956548845,0.5109278005114761,1737.172,0.059976191656085,2.287651544618578,0.0013168825796286,0.272540402905499
B0050,24,04375.csv,,1.648789607776492,,0,4,0.1115873080193426,0.1874779473862687,0.2419777315173317,0.2339836210065135,0.2492950753551196,0.004567910301928,-0.0003686155594945,-0.0027701520947664,0.0036371072006491,0.0008691612377571,5.647486022663556,4.256497460341938,6.606324237240683,0.6200425244658063,1614.406,0.0143627477314524,2.3498267768987446,0.0014555364492567,0.2352357419374819
B0050,25,04377.csv,,1.648789607776492,,0,4,0.1115873080193426,0.1874779473862687,0.2347227633226908,0.2259955398929921,0.2459800772270432,0.0042540767336653,-0.0003350898998805,-0.0022529445382954,0.002348216855097,0.0009325230018776,5.894264423762076,4.285879485827624,6.577509402056284,0.5245347692187101,1708.86,0.018985256755387,2.2916299162286604,0.0013410284729168,0.2268580431028997
B0051,1,04443.csv,0.6434735598158292,2.330873478782131,27.60654173953881,0,4,,,3.1549295868000704,2.469359676853076,3.8000325140227753,0.2501844262934029,-1.4446529772433483,-1.9904601456447133,0.0013116512309689,0.8871946410371061,13.521306814955082,9.111380110221903,17.933039751399626,2.420421561708074,1713.235,1.3306728371696992,8.821659641177723,0.0051491241080048,3.5003416010552986
B0051,2,04447.csv,1.293180461998278,2.330873478782131,55.48050864922784,0,4,0.0638844452297328,0.1650552657421569,3.351501394820497,2.494398109831089,4.166332642660912,0.2877034886774095,-1.542691727192151,-1.99003056135952,0.0031720907397802,0.8290963390184855,12.329416092737752,5.559342704925847,17.97953483271074,2.6705702577515407,3170.984,1.6719345328298227,12.420192127784894,0.0039168258584038,3.7142650182544106
B0051,3,04449.csv,1.2288940261191657,2.330873478782131,52.722468092144425,0,4,0.0638844452297328,0.1650552657421569,3.410335381330824,2.493737690186406,4.197817181186768,0.2856698351374756,-1.4746378269373634,-1.9907652212254523,0.0018351090044872,0.8706193507620527,11.78616330029516,5.537156809077428,16.976273689395825,2.446325756863072,3135.344,1.7040794910003625,11.439116880318398,0.003648440770875,3.736366803548172
B0051,4,04451.csv,1.2039031789717949,2.330873478782131,51.65030148272261,0,4,0.0638844452297328,0.1650552657421569,3.399036037954353,2.484825203522635,4.201090648817504,0.3010069500697696,-1.5006800020025486,-1.990224766082128,0.0011545811125547,0.8556237034294888,11.79177216318508,4.373525140056248,18.15291521418941,2.817658498212071,3049.781,1.7162654452948694,13.77939007413316,0.0045181572296939,3.737443778377335
B0051,5,04453.csv,2.330873478782131,2.330873478782131,100.0,0,4,0.0638844452297328,0.1650552657421569,3.35046347393405,2.481006838176381,4.4605398643795535,0.3218360832763173,-1.896821592318448,-1.9923919648262227,0.0027262269910298,0.4130390989267412,14.855344209164883,5.098450949325577,20.74350641722436,2.9704131689408726,4565.859,1.9795330262031725,15.645055467898782,0.0034265305757139,3.0336842193359463
B0051,6,04457.csv,1.0092808819126011,2.330873478782131,43.30054338427434,0,4,0.0793182123358629,0.1850923141282679,3.550786981618681,2.4989144012367213,4.183564695802171,0.3187571640121974,-0.7374819898351749,-1.990655656298888,0.0022228249442601,0.9592830763634588,9.407360590589006,4.186097078007529,19.42896460124537,3.9852901204006295,5428.594,1.6846502945654498,15.24286752323784,0.0028078849741273,3.769202423215893
B0051,7,04459.csv,0.9565659895125322,2.330873478782131,41.03894948482287,0,4,0.0793182123358629,0.1850923141282679,3.3747303939191564,2.4909800416005967,4.201222601303239,0.3412339855100047,-1.4120917458916038,-1.9928667511122289,0.0010371434859419,0.9025916289111332,12.00427347710193,5.426447209679076,18.9541455757646,3.232585165288448,2646.797,1.710242559702642,13.527698366085524,0.005110969358846,3.742472460805613
B0051,8,04461.csv,0.901956291365404,2.330873478782131,38.69606392521449,0,4,0.0793182123358629,0.1850923141282679,3.4288897043375743,2.494677278512384,4.202406487867388,0.3288703685808046,-1.2823219733883886,-1.990238497569237,0.0006812868774389,0.9519496591633624,11.420322251577586,6.059036363902386,17.468709072861763,3.016655364593403,2705.594,1.707729209355004,11.409672708959375,0.0042170675677723,3.7571976718015274
B0051,9,04463.csv,0.8897906666138162,2.330873478782131,38.17412977210274,0,4,0.0793182123358629,0.1850923141282679,3.391239374171384,2.4990630530936326,4.204413406598424,0.3526730486148151,-1.3407891208749412,-1.990706372919536,0.0010369244546384,0.9323909539308036,11.80356781146328,5.591121385175445,19.153660408464766,3.323166509467759,2627.828,1.7053503535047914,13.562539023289322,0.0051611212846842,3.74928748025286
B0051,10,04465.csv,0.8830717036634559,2.330873478782131,37.885870327241285,0,4,0.0793182123358629,0.1850923141282679,3.458540277576628,2.49110131411956,4.203308441652878,0.3330535858702509,-1.1389566244625628,-1.990986162648124,0.0013412610800227,0.9837323681459692,10.939133221658826,4.940486515770837,16.52477794467856,3.163060695593979,2981.312,1.7122071275333175,11.584291428907726,0.003885635394386,3.7612546274722
B0051,11,04469.csv,0.8431270354481757,2.330873478782131,36.17214933041776,0,4,0.0752560606873869,0.1902290927957217,3.331880238029603,2.487899627353052,4.187936112831865,0.3171704723611457,-1.6577316261962292,-1.9921565534257668,0.0022593304792197,0.7409913147912969,11.883224057630692,6.288909422298661,17.11375752268931,3.044915355772193,1941.797,1.6999526940088678,10.824848100390646,0.0055746548688614,3.70860016445796
B0051,12,04471.csv,0.826559103449663,2.330873478782131,35.46134575616416,0,4,0.0752560606873869,0.1902290927957217,3.4455112582421257,2.4928843010694406,4.204131585576503,0.3368320842633842,-1.2024628091563312,-1.9907118191391828,0.0011385679482569,0.9726759550232804,11.104558398908887,5.099449929132662,17.63739523383682,3.2694537259628613,2663.625,1.7112472845070623,12.537945304704158,0.0047070985235174,3.762965145074248
B0051,13,04473.csv,0.8352681546837963,2.330873478782131,35.83498470797392,0,4,0.0752560606873869,0.1902290927957217,3.4313160640623783,2.4993609910440835,4.20261624712583,0.3587942236278666,-1.168347837338951,-1.99014628502916,0.0006626894133903,0.979026602408542,11.406827135294929,6.015605534281872,18.52236923892433,3.27189244890774,2862.25,1.7032552560817464,12.50676370464246,0.0043695567139985,3.757780858441847
B0051,14,04475.csv,0.8025719464987874,2.330873478782131,34.432239836463665,0,4,0.0752560606873869,0.1902290927957217,3.3091927488307733,2.498094046924129,4.204441713018145,0.3469541076479868,-1.665118160522683,-1.9918526087146264,0.002239088154357,0.7344430215781391,12.198436592525171,5.385185542414158,18.39923327528304,3.267375784426197,1894.485,1.706347666094016,13.014047732868884,0.0068694382551822,3.7038336090507022
B0051,15,04477.csv,0.7839218784699513,2.330873478782131,33.63210768863981,0,4,0.0752560606873869,0.1902290927957217,3.321646649287508,2.495501924298458,4.205629455017258,0.3282003393930467,-1.6832381832629877,-1.991528593862549,0.0022906662061056,0.718286704091553,11.825318185585296,4.0024683515999895,17.275372082939334,3.2602704674155047,1799.25,1.7101275307187995,13.272903731339344,0.0073769091184323,3.701514674070298
B0051,16,04481.csv,0.7910763493036002,2.330873478782131,33.93905145451882,0,4,0.0781802277846298,0.1646760292726133,3.2949705809839465,2.490477437469913,4.18869211223692,0.3244621079186689,-1.7405566859787576,-1.990859718937767,0.0006567456152538,0.6574060680074947,11.83597928071688,5.697805223790791,16.60444518809659,3.32931983570278,1741.204,1.6982146747670068,10.9066399643058,0.0062638495916077,3.673564088158362
B0051,17,04483.csv,0.0,2.330873478782131,,0,4,0.0781802277846298,0.1646760292726133,3.712953718696353,3.546618065659587,4.197410333228745,0.1704947384268119,-1.8228736152324203,-1.9900013859472847,-0.0014923093023744,0.5607983383730071,7.054471734319081,5.861636797924052,8.422696645654868,0.8407169539041057,236.156,0.6507922675691575,2.5610598477308164,0.0108447799239943,3.555800891332227
B0051,18,04485.csv,0.7654538269480236,2.330873478782131,32.839784480621795,0,4,0.0781802277846298,0.1646760292726133,3.3300145239416707,2.491598912047876,4.1821997161959255,0.3405145162483469,-1.5726949110278066,-1.994157229105373,0.0026026422672707,0.8100562758744125,12.009985166510232,3.957976104923049,17.682518901037938,3.214748986111355,1899.218,1.6906008041480494,13.72454279611489,0.0072264178183414,3.724951828901093
B0051,19,04487.csv,0.773177347633947,2.330873478782131,33.171141834688,0,4,0.0781802277846298,0.1646760292726133,3.391911995963896,2.4869071541416994,4.194584498935661,0.3571958616984325,-1.314248973317158,-1.9911277842699449,0.0002846629432911,0.9422355995659047,11.689546036688196,6.220888547997254,16.94512387438401,3.095120507792488,2305.25,1.7076773447939613,10.724235326386754,0.0046520921055793,3.753382494061469
B0051,20,04489.csv,0.7605293776416485,2.330873478782131,32.628513926848626,0,4,0.0781802277846298,0.1646760292726133,3.267971796503206,2.499952602276462,4.197406401996851,0.3438866297169587,-1.7652832229320168,-1.990804461946515,0.0009007613061717,0.6280721978068254,11.987366110206718,6.260405354471425,17.545176388637014,3.5401697847004825,1690.594,1.697453799720389,11.284771034165589,0.0066750331742367,3.6480459112252817
B0051,21,04493.csv,0.7376430319247004,2.330873478782131,31.64663541970176,0,4,0.0822217340232647,0.1594446953812804,3.293393827536012,2.4997210982004625,4.189508964301152,0.3601061664050571,-1.639295567416511,-1.990688448137932,0.0008332610521895,0.7580772043328375,12.368454802055908,5.826687243750715,18.870237090882178,3.4755317571471305,1800.421,1.689787866100689,13.043549847131462,0.0072447221217323,3.7094560781125887
B0051,22,04495.csv,0.739179500257907,2.330873478782131,31.7125535549928,0,4,0.0822217340232647,0.1594446953812804,3.271485849685164,2.491516785323916,4.19596724295681,0.3395942010141489,-1.755416228780336,-1.9935500054668205,0.000738898325468,0.6403728290752935,11.81014948809308,5.279036135378427,16.8501327260127,3.5681578967380334,1633.25,1.7044504576328938,11.571096590634273,0.0070847063160166,3.651249709033319
B0051,23,04497.csv,0.7014575429842594,2.330873478782131,30.09419212881376,0,4,0.0822217340232647,0.1594446953812804,3.30778530525047,2.496222014851971,4.190531975284901,0.3624552059717663,-1.6005657555126516,-1.993456926596487,-0.002102449039809,0.7913306114436407,12.09457421285805,5.705707902684859,18.12397455517185,3.257270319568008,1737.172,1.6943099604329297,12.41826665248699,0.0071485533110636,3.719736132336936
B0051,24,04499.csv,0.7047349480541781,2.330873478782131,30.23480057881127,0,4,0.0822217340232647,0.1594446953812804,3.2841455177779646,2.488325882818304,4.178476681914968,0.3401875162742557,-1.688137636758635,-1.9932734131292416,-0.0028049556572372,0.7160343750219632,11.79702749942571,4.62220261072529,16.26047891418261,3.495777891703186,1614.406,1.690150799096664,11.63827630345732,0.0072090145251301,3.6964273888632295
B0051,25,04501.csv,0.677848893570423,2.330873478782131,29.081325080098104,0,4,0.0822217340232647,0.1594446953812804,3.3119152698386265,2.495715251425015,4.1919700049548565,0.3651597599633231,-1.5784322210682304,-1.9937534992241324,-0.0016923945684621,0.8081061551207243,12.079392114792578,5.747210329435954,18.15350870977148,3.2280421611454133,1708.86,1.6962547535298411,12.406298380335524,0.0072599852418194,3.725588326737903
B0052,1,04381.csv,0.8606591508342232,1.4183095114360322,60.6820404075842,0,4,,,3.134533959399899,2.691234036028442,3.83956882325682,0.199597262138009,-1.8085460674911935,-1.9979778414937188,0.0038808628094001,0.5805209549917427,13.147685384792432,9.06962408861446,16.429874854641657,1.887585521126517,1713.235,1.1483347872283778,7.360250766027196,0.004296112772636,3.391970340386821
B0052,2,04385.csv,1.4183095114360322,1.4183095114360322,100.0,0,4,0.072504594632496,0.173360961064253,3.3543285492513166,2.694829986819334,4.150553672824585,0.2551506533569456,-1.6188443277128228,-1.9975690832350856,0.0035513340178752,0.7800630381905694,11.746281905613133,5.6048850827966,16.315701424377302,2.280383647414687,3170.984,1.4557236860052507,10.710816341580705,0.0033777579267447,3.714006540252563
B0052,3,04387.csv,1.3707123028693164,1.4183095114360322,96.64408874206,0,4,0.072504594632496,0.173360961064253,3.3958185323324503,2.6969580006046856,4.176524869238658,0.2573309586744454,-1.5816653430049945,-1.99887278060858,0.004463378186989,0.8086278356428309,11.375626826625542,5.598362446781771,15.689005573106092,2.100967177211295,3135.344,1.479566868633972,10.09064312632432,0.0032183527952034,3.7263859538140496
B0052,4,04389.csv,1.3515647352626494,1.4183095114360322,95.29406130078026,0,4,0.072504594632496,0.173360961064253,3.398418097739408,2.697283446718984,4.178983136527925,0.2507820344502433,-1.6050658905122477,-1.9980539993077264,0.0049266922940434,0.7911162103179333,11.242586382966396,4.808830747218545,14.97127576364998,2.298619500743757,3049.781,1.4816996898089403,10.162445016431434,0.0033321884477709,3.7271126662023737
B0052,5,04391.csv,,1.4183095114360322,,0,4,0.072504594632496,0.173360961064253,0.2368976601225322,0.2268252104332805,0.2409705720685858,0.0032593266875876,0.0009519931365801,-0.0026076554994707,0.0044615692112832,0.0011586729183949,5.5591158087032575,3.8635535255180384,6.581808344024416,0.6071400802049799,4565.859,0.0,2.7182548185063773,0.0005953435746715,0.2404029939273408
B0052,6,04395.csv,,1.4183095114360322,,0,4,-1132.4980536723524,58358.57546583202,0.3389198844968853,0.3259144093812141,0.4013740814936729,0.0179727187505189,0.0016060669911138,-0.002460237793367,0.0055728368121939,0.001265186068716,5.817834945150515,4.3048268681272654,6.737694429645351,0.5832026393491266,5428.594,0.0754596721124588,2.4328675615180853,0.0004481579505702,0.326444703593874
B0052,7,04397.csv,,1.4183095114360322,,0,4,-1132.4980536723524,58358.57546583202,0.3234807888442701,0.3222221275291471,0.3247660042446946,0.0005334654189083,0.0016235355548411,-0.0016507455988616,0.0048922114406281,0.0010937563212955,5.782840820033069,4.294134789182306,6.627599429348354,0.5729270905146143,2646.797,0.0022302517786417,2.3334646401660484,0.0008816182881294,0.3229773765932945
B0052,8,04399.csv,,1.4183095114360322,,0,4,-1132.4980536723524,58358.57546583202,0.3239029429220704,0.3218827423030691,0.3249405523148152,0.0005135804882814,0.0017009736020435,-0.0024835009189281,0.0058819367513436,0.0011399980921681,5.813684831217029,4.337401843395162,6.583040639790345,0.5865203840909494,2705.594,0.0028753756555995,2.2456387963951823,0.0008299984389362,0.3231196473909592
B0052,9,04401.csv,,1.4183095114360322,,0,4,-1132.4980536723524,58358.57546583202,0.324473351966894,0.3232168838079549,0.325615660720445,0.0005270754658905,0.0016835484501731,-0.0016193702031863,0.0056418781587152,0.0012740502091093,5.767637628902302,4.088460854301281,6.6517285530931165,0.6059388824918833,2627.828,0.002135631511723,2.563267698791836,0.0009754320673924,0.323990331356516
B0052,10,04403.csv,,1.4183095114360322,,0,4,-1132.4980536723524,58358.57546583202,0.3246618757239438,0.3230251103407697,0.3259509224348625,0.0006173750846078,0.00176918481946,-0.0025621144997701,0.0056489146604673,0.0012578118809912,5.786917078715292,4.152170544763002,6.598762794223108,0.6270214700479672,2981.312,0.0024637152398875,2.4465922494601067,0.000820642807415,0.3236572657308985
B0052,11,04407.csv,,1.4183095114360322,,0,4,-5756.374362090784,2179.0503088778023,0.3532047626526672,0.3432939472815726,0.3955571188397784,0.0102131913037734,0.0011016079679528,-0.0040317226171572,0.0044420044238845,0.0013192494167307,5.683693761052382,4.295326888372164,6.621977237527879,0.6329968666692507,1941.797,0.0522631715582058,2.326650349155716,0.0011981944297759,0.3439125864511317
B0052,12,04409.csv,,1.4183095114360322,,0,4,-5756.374362090784,2179.0503088778023,0.3233612009000584,0.3211377350306882,0.3274744903526401,0.0012028625908692,0.0017674388415942,-0.0022462149133408,0.0053189356737964,0.0011678749368807,5.727340157746257,4.209613925149064,6.646274566862874,0.6399119658967471,2663.625,0.004653371280371,2.43666064171381,0.0009147911743258,0.3214721294854188
B0052,13,04411.csv,,1.4183095114360322,,0,4,-5756.374362090784,2179.0503088778023,0.3239159337049775,0.3217376539313532,0.326717874874792,0.0013552998944825,0.0018028458478069,-0.0011136033839645,0.0048887195075065,0.0011217748725011,5.900398923756336,4.2463804778295415,6.672403840084891,0.5857891038585393,2862.25,0.0043830833357074,2.426023362255349,0.0008475931041157,0.3220413435675857
B0052,14,04413.csv,,1.4183095114360322,,0,4,-5756.374362090784,2179.0503088778023,0.3252437419858235,0.3234955258719347,0.3273918513110536,0.00108942060816,0.0009999293403992,-0.0018832581571349,0.0039499069486707,0.0010926584909007,5.883705249180587,4.301808315088896,6.586040670084572,0.5015335022388153,1894.485,0.0035977464911968,2.2842323549956767,0.0012057273375063,0.3239503438458294
B0052,15,04415.csv,,1.4183095114360322,,0,4,-5756.374362090784,2179.0503088778023,0.3257026258942197,0.3237199275721395,0.3279186387508218,0.0010619569688008,0.0012246272453871,-0.0020233078842302,0.0044332755781813,0.0012201221520952,5.705300542411731,4.21985790678756,6.6242080981673,0.5854328612524099,1799.25,0.0035684536910752,2.4043501913797405,0.0013363069008641,0.3245204692694383
B0052,16,04419.csv,,1.4183095114360322,,0,4,-7997.932807178092,1148.3462586736832,0.4073647899207004,0.3810248926630337,0.5149253197410989,0.0236843602833289,0.0009738784326757,-0.0021243526893894,0.0034419632406462,0.0010800156497184,5.659816925973588,4.229630605693718,6.59530928801328,0.646618493183892,1741.204,0.1339004270780652,2.3656786823195626,0.0013586453295073,0.3820372677620393
B0052,17,04421.csv,,1.4183095114360322,,0,4,-7997.932807178092,1148.3462586736832,0.3295911981833904,0.3288279450149741,0.3304422255855551,0.0003958414897086,0.0014850775059943,-0.0014054630872054,0.0037539270352613,0.0012256738231137,6.161148563000329,6.043681510135424,6.28820769613908,0.0748805076304841,236.156,0.0012768715552861,0.2445261860036556,0.0010354434611174,0.3290475043859839
B0052,18,04423.csv,,1.4183095114360322,,0,4,-7997.932807178092,1148.3462586736832,0.3234524095139687,0.3194939610849327,0.3268780977694632,0.0021266924362547,0.001012544667686,-0.0028406177148489,0.0078785385351691,0.0014396042482438,5.75534290155213,4.250224268238789,6.582054970348843,0.5218828133099516,1899.218,0.0071520661467069,2.3318307021100546,0.0012277846472127,0.3213054842300299
B0052,19,04425.csv,,1.4183095114360322,,0,4,-7997.932807178092,1148.3462586736832,0.3219233732695901,0.3184212338752171,0.3285254196383198,0.00259667080466,0.0014556084963795,-0.0021744937725428,0.0053640057463974,0.0013227326520516,5.773897577009191,4.334620862969653,6.588698518838487,0.5646762640291595,2305.25,0.0100551825500904,2.2540776558688336,0.000977801824474,0.3192313600781763
B0052,20,04427.csv,,1.4183095114360322,,0,4,-7997.932807178092,1148.3462586736832,0.3217911426868086,0.3170418237707028,0.3283222855989348,0.0024301663190562,0.0007146315354781,-0.0053675537477101,0.0056664452505802,0.001337007808655,5.7051337493509084,4.116363083382981,6.60717530952573,0.6959121693410654,1690.594,0.0103748101868542,2.490812226142749,0.0014733355413202,0.317716890660219
B0052,21,04431.csv,,1.4183095114360322,,0,4,448.2291202648121,39358.51455443919,0.4906874413217856,0.4493991260435427,0.7680244991448124,0.0581725204300181,0.0006360953513319,-0.0046554791818517,0.0040808215848378,0.0013016204882287,5.961640391926228,4.30153025031131,6.61496479869181,0.5458570876686046,1800.421,0.3186253731012697,2.3134345483805,0.0012849408823716,0.4509923575061715
B0052,22,04433.csv,,1.4183095114360322,,0,4,448.2291202648121,39358.51455443919,0.3249632488656067,0.3178791442491548,0.3361141058865468,0.0032814068431225,0.0007483565391353,-0.001055249806083,0.0032393522005432,0.0009643464497271,5.640355163569891,4.105312741328231,6.6145133816337776,0.6800765719209569,1633.25,0.0172908744123266,2.5092006403055462,0.0015363236738438,0.3184361696131469
B0052,23,04435.csv,,1.4183095114360322,,0,4,448.2291202648121,39358.51455443919,0.3200749504297926,0.3153630335182592,0.3261771649155523,0.004279426659939,0.0009327810681929,-0.0017286751543799,0.0036759481454355,0.0012316966796667,5.878312867355149,4.274591490668015,6.546796095221561,0.5251569204902168,1737.172,0.010706018993947,2.2722046045535462,0.0013079905758057,0.317639047362359
B0052,24,04437.csv,,1.4183095114360322,,0,4,448.2291202648121,39358.51455443919,0.322777572934972,0.3154931438300191,0.3312920115805132,0.0032508132191381,0.0008479125301492,-0.0040549082788355,0.0056317516518788,0.0011849627950834,5.623840641053641,4.247288105777669,6.595730103984381,0.6353097438293724,1614.406,0.0157988677504941,2.348441998206712,0.0014546786856631,0.3164734270258034
B0052,25,04439.csv,,1.4183095114360322,,0,4,448.2291202648121,39358.51455443919,0.3208764063278491,0.3153986271768572,0.3284411359130549,0.0047562166779925,0.0010572655790795,-0.0039525019185848,0.0126431625349494,0.0016148368114099,5.882304744716434,4.247028337117804,6.555064601703525,0.5463213794376154,1708.86,0.0125574231461143,2.308036264585721,0.0013506292291853,0.31804601243654
B0053,1,06672.csv,1.06914178861943,1.1540727934432229,92.64075842474394,0,4,,,3.0828389099409663,1.9808329057464715,4.082016063841389,0.3681146457357664,-1.993560711727946,-2.0157846600725544,-0.0024914557337994,0.1933806479275795,11.988576567861957,5.6480393241342135,19.02185891684059,3.438035211397731,2349.64,2.101120028382032,13.373819592706376,0.0056918590050843,2.353754002451228
B0053,2,06676.csv,1.1540727934432229,1.1540727934432229,100.0,0,4,0.0996980829489472,0.1678926795728959,3.110328642546824,1.973555856067144,4.178658528567033,0.4024090724428493,-1.9952648424142536,-2.0158554217685096,0.0006393162265119,0.186021869926399,12.059863244911188,5.543675124020882,18.304754041202315,3.2612314705306877,2560.688,2.2049448260173428,12.761078917181433,0.0049834571479154,2.3155087156427765
B0053,3,06678.csv,1.1501525413826983,1.1540727934432229,99.66031154336214,0,4,0.0996980829489472,0.1678926795728959,3.1104628288221936,1.9558143264177168,4.192255020207044,0.4205509676461141,-1.9952720113784064,-2.015745008559969,2.0450141392531515e-05,0.1876806046805435,11.967885395858058,6.154198814950669,19.33942752368694,3.1407526122006137,2522.375,2.2364406937893277,13.185228708736272,0.005227307085083,2.235663285396593
B0053,4,06680.csv,1.1305863853936766,1.1540727934432229,97.96491103654964,0,4,0.0996980829489472,0.1678926795728959,3.115027942360279,1.99748310559266,4.192588912486402,0.4102137268204141,-1.9947394897780597,-2.0158186517663363,-0.0002898797024177,0.1892635115635341,11.985900972885712,5.896215310159421,18.729143210051177,3.165794829853861,2488.719,2.195105806893742,12.832927899891756,0.0051564390756416,2.279166503740917
B0053,5,06682.csv,1.121790272357562,1.1540727934432229,97.2027309482494,0,4,0.0996980829489472,0.1678926795728959,3.109376043532363,1.974695202836088,4.192849949462827,0.4152324205656958,-1.994716528121975,-2.0154879896693143,-0.0010990640357604,0.1900664496382702,12.004376962205336,5.959010081605195,18.709411575172343,3.182115777881716,2474.844,2.2181547466267397,12.750401493567148,0.005152002103392,2.2652617151616754
B0053,6,06684.csv,1.1135982401443856,1.1540727934432229,96.49289424993027,0,4,0.0996980829489472,0.1678926795728959,3.1067532264566258,1.9637397944562875,4.193081087954604,0.4115202896904334,-1.994462268339957,-2.01514791138818,-0.0001586110429059,0.1904573626564223,12.133888437168595,5.846660329659284,18.63570596513145,3.3482732603740124,2473.875,2.229341293498316,12.789045635472169,0.0051696410026667,2.29424377686199
B0053,7,06688.csv,1.0864654057095062,1.1540727934432229,94.14184372789802,0,4,0.0997211625758571,0.1685832323391912,3.083406677687234,1.944364958852849,4.179165887700054,0.4222546389814299,-1.9944377413009735,-2.0165720599153336,-0.0010307934301536,0.1900542042274744,12.32708937826574,4.908867265489057,21.292305794774187,3.8203261748291215,2495.5,2.23479590872178,16.38343852928513,0.0065651927586796,2.274874403717436
B0053,8,06690.csv,1.0647493568993147,1.1540727934432229,92.26015576734912,0,4,0.0997211625758571,0.1685832323391912,3.080580001769896,1.9470490842081751,4.191975122366585,0.431428349758546,-1.9945357941517967,-2.0161080991224587,-0.0009173979841988,0.1908625712328288,12.164497494980395,4.163834525552001,21.01159959420005,3.930575899438427,2481.078,2.2449260381584093,16.847765068648048,0.0067905019788366,2.265422283169765
B0053,9,06692.csv,1.0809288094959644,1.1540727934432229,93.66209962120062,0,4,0.0997211625758571,0.1685832323391912,3.0828198149689934,1.9602813323957715,4.191963518196991,0.4471293054215453,-1.99428874746264,-2.0159395612536084,0.0007767461392423,0.1922234816735491,12.128732336863894,6.560250515665322,20.939938897683515,3.4540375425285346,2460.125,2.23168218580122,14.379688382018193,0.0058451047739518,2.2010756220677576
B0053,10,06694.csv,1.0852752041846463,1.1540727934432229,94.03871318607936,0,4,0.0997211625758571,0.1685832323391912,3.095128536447283,1.9605995541160253,4.192155796080977,0.4163464003723608,-1.99423279352749,-2.015751416688318,-0.0014786883453424,0.1930158526448414,12.245191547318631,5.925238378002409,19.28383683899809,3.4995939217172527,2440.547,2.2315562419649515,13.358598460995683,0.0054736083595176,2.284358281777572
B0053,11,06696.csv,1.0504799933740894,1.1540727934432229,91.0237204570034,0,4,0.0997211625758571,0.1685832323391912,3.078011917190656,1.9595048550370973,4.192319942921637,0.4311095757778598,-1.9941297761315324,-2.0145490297544875,0.0004769357655561,0.1929938950047384,12.190916714981144,4.216243718800515,21.101391697483887,3.9449100063830858,2449.922,2.23281508788454,16.88514797868337,0.0068921165566427,2.262111250180742
B0053,12,06700.csv,1.0853550177054303,1.1540727934432229,94.04562899946976,0,4,0.1005922423642111,0.1637383357163175,3.0992512260717127,1.984585820237712,4.178294459840927,0.4104584934878756,-1.993681474074749,-2.017540600725712,-0.0013334970754673,0.1948204649551018,12.163073942837917,6.132961419005288,18.64340722345076,3.240578180126332,2408.781,2.193670450290901,12.510445804445474,0.0051936833628484,2.274379752881231
B0053,13,06702.csv,1.0508395690790722,1.1540727934432229,91.05487756485878,0,4,0.1005922423642111,0.1637383357163175,3.0759964813859115,1.944670916271544,4.192753069603226,0.4305805771950789,-1.994006147873811,-2.0152928005596524,-0.0009249428037251,0.1940151830816296,12.292542702117029,4.384930600130763,21.313677971413888,3.8710099821220343,2442.547,2.2480821533316817,16.928747371283126,0.0069307765096365,2.2616666388147246
B0053,14,06704.csv,1.060906788333118,1.1540727934432229,91.92719855806146,0,4,0.1005922423642111,0.1637383357163175,3.076814828498021,1.9692766515934297,4.192029518756707,0.4485403462925347,-1.9936703356758645,-2.016114129246863,0.0011360498138273,0.1953868704528369,12.129527968970198,6.632750483611317,20.92811979857166,3.465116020453366,2420.671,2.222744946822922,14.295369314960343,0.005905539957706,2.1934314591082877
B0053,15,06706.csv,1.070582461063814,1.1540727934432229,92.7655921832875,0,4,0.1005922423642111,0.1637383357163175,3.0908348956433267,1.991566826677512,4.192422731350341,0.4152711744860938,-1.993640914837378,-2.0152155871167707,-0.0009644415013623,0.1957565676137868,12.364595355360214,5.945060994833763,19.930786955410536,3.636689942018721,2409.906,2.200855904672829,13.985725960576772,0.0058034321507049,2.296072644019825
B0053,16,06708.csv,1.024036665663697,1.1540727934432229,88.73241544915396,0,4,0.1005922423642111,0.1637383357163175,3.070553607905953,1.9588680902433293,4.192159667005352,0.4393964619135396,-1.9937041845656749,-2.0158432646768185,-0.0010442208821026,0.196283999140149,12.128324396717016,4.996866437841353,21.0220574646762,3.911132157694921,2416.672,2.2332915767620225,16.025191026834847,0.0066310988941961,2.246785752256904
B0053,17,06712.csv,1.0670957253433857,1.1540727934432229,92.46346776442606,0,4,0.0994015439552692,0.166904876534016,3.087460321440554,1.9836880271317603,4.177933640317498,0.41091533835962,-1.9931353663259237,-2.015297860734077,-0.0009203110711447,0.1970889283570267,12.302129277138697,6.030995537951039,19.091622529647232,3.5186870386596407,2395.75,2.1942456131857377,13.060626991696193,0.0054515817558994,2.2999509450523354
B0053,18,06714.csv,1.0279237850447498,1.1540727934432229,89.06923297081613,0,4,0.0994015439552692,0.166904876534016,3.0715434654202056,1.968810244689163,4.192397472111982,0.4302127554099461,-1.993126693764504,-2.015387641467015,0.0004730600690917,0.1967266602542914,12.366585260617876,4.410907685703091,21.30570494347084,3.880551803005012,2410.688,2.223587227422819,16.89479725776775,0.0070082886121172,2.271276343970944
B0053,19,06716.csv,1.0325426399701008,1.1540727934432229,89.469455118985,0,4,0.0994015439552692,0.166904876534016,3.0648787393041275,1.940239319338743,4.191651190035001,0.4483097084685602,-1.9933351618651365,-2.017433515230241,-0.0022575515022887,0.1975606231062853,12.13341884254367,6.183556319848309,21.06885524244432,3.830874746078731,2402.125,2.2511330926249693,14.885298922596013,0.0061967212041821,2.209563893826013
B0053,20,06718.csv,1.055948784653705,1.1540727934432229,91.49758929012086,0,4,0.0994015439552692,0.166904876534016,3.0920593287919123,1.9763616179319543,4.191822005194803,0.4200827076685405,-1.992634824405149,-2.016831246534153,-0.0003775870843525,0.1996198297047536,12.146814956196248,6.218257931736524,19.0403826843671,3.241157629885206,2355.265,2.2154603872628487,12.822124752630575,0.0054440263633309,2.245386174075583
B0053,21,06720.csv,1.0445313831308718,1.1540727934432229,90.50827548013416,0,4,0.0994015439552692,0.166904876534016,3.0752264215555254,1.958878972318411,4.192766032434195,0.4240218144780773,-1.9928701313578605,-2.0149856192697904,0.0013789590238786,0.1982787037781574,12.493460218119653,5.631538993521259,21.22988294194384,3.8555685797123775,2396.719,2.233887060115784,15.59834394842258,0.0065082072401573,2.2735508311310872
B0053,22,06724.csv,1.035313906812183,1.1540727934432229,89.70958441220004,0,4,0.1014664503272224,0.1650786182762299,3.063652287832334,1.9866817453254884,4.151701089360854,0.4119413945217077,-1.9928226279037264,-2.0155113891751384,-0.000372793138604,0.1967504455013266,12.212439916474112,4.834059703350848,20.949809700571592,3.9504264306956687,2442.344,2.164748824870272,16.115749997220746,0.0065984767081216,2.301798906840109
B0053,23,06728.csv,1.076341053101982,1.1540727934432229,93.26457214979264,0,4,0.1011177165294839,0.1670114106313426,3.081738329329653,1.960538225019884,4.177926260298856,0.4119144712848819,-1.992894098916617,-2.0152683941461595,-0.0007667134481947,0.1967288925450701,12.533800131697806,5.816404832755973,20.122996890408825,3.7120281235942056,2444.703,2.217130956136577,14.306592057652852,0.005852077760633,2.3064587124590785
B0053,24,06730.csv,1.0352223140423542,1.1540727934432229,89.70164793103964,0,4,0.1011177165294839,0.1670114106313426,3.0712653565298207,1.9904175883780109,4.19142646613203,0.4390387798618647,-1.992442672698046,-2.0162575030692795,-0.0004304055028616,0.2004792600707915,12.15752125414067,5.994937390316825,20.906313087706064,3.786034788382557,2412.25,2.2008491020427403,14.91137569738924,0.0061815216902846,2.2452231630168336
B0053,25,06732.csv,1.0514287056908256,1.1540727934432229,91.1059260442182,0,4,0.1011177165294839,0.1670114106313426,3.0775076513338275,1.9817745728975944,4.191965715839513,0.4216493326145542,-1.9925886065719591,-2.017437032117796,0.0004057176879188,0.1992371293226043,12.500489505201012,5.843094607514775,21.20076254299653,3.8356513342387992,2403.234,2.2101911429419183,15.357667935481754,0.0063904172192477,2.284022981442035
B0053,26,06734.csv,1.060332934638968,1.1540727934432229,91.87747433811536,0,4,0.1011177165294839,0.1670114106313426,3.081721091323029,1.9986378497920827,4.19127356264746,0.4342414306364585,-1.9921660756338,-2.014921575124692,-0.0005409954422397,0.2011370164152145,12.129752391274424,6.534507460429901,20.01669492389786,3.325047538409303,2361.047,2.1926317313902928,13.48218746346796,0.005710257976003,2.1914233655904054
B0053,27,06736.csv,1.0236966462748538,1.1540727934432229,88.70295288918591,0,4,0.1011177165294839,0.1670114106313426,3.065618110074437,1.9475532037509715,4.192474641560636,0.4309557127927725,-1.992579022263777,-2.0155065877750697,-0.0001431873562248,0.2001693086623403,12.4375808996521,5.292102618551012,21.30088854975241,3.889180073920636,2392.468,2.244797141137586,16.0087859312014,0.0066913270861726,2.269659549478571
B0053,28,06740.csv,1.0465884668750889,1.1540727934432229,90.6865210601274,0,4,0.1021762818092291,0.1658215071854956,3.078450046499129,1.9971786671898824,4.17716731983324,0.4110398968705432,-1.992255631288736,-2.0152751887801044,-0.0010996594085787,0.2010499465988361,12.499986997045514,6.062594917966209,19.859103950325803,3.687300212451818,2373.89,2.1799512394910283,13.796509032359594,0.0058117726736957,2.306784474682628
B0053,29,06742.csv,1.0031121684812232,1.1540727934432229,86.91931515761648,0,4,0.1021762818092291,0.1658215071854956,3.0625561806089783,1.954304860794578,4.191922035679278,0.4331584602206052,-1.9924849523302155,-2.0172461252654528,0.0011518379007899,0.2012573800055707,12.407329307373493,4.155331079532283,21.371062787995548,3.952546823205693,2383.234,2.2376171748847,17.215731708463267,0.0072236850046882,2.2664167210808843
B0053,30,06744.csv,1.0461578935615607,1.1540727934432229,90.6492120345638,0,4,0.1021762818092291,0.1658215071854956,3.070668465167841,1.972812167862101,4.1914917424018325,0.4451702755901097,-1.991918687181604,-2.0162327917586262,-0.0008815153454927,0.2030652504261793,12.12683073125857,6.613111096765472,20.121473725568496,3.3283624542015104,2342.453,2.218679574539732,13.508362628803024,0.0057667593026639,2.1539086794274573
B0053,31,06746.csv,1.0156263513525603,1.1540727934432229,88.00366468413124,0,4,0.1021762818092291,0.1658215071854956,3.0689252222547845,1.9932654775438805,4.192505197154108,0.4253009280361535,-1.9920764243229472,-2.015275118915808,0.0006252834043416,0.2028276337414781,12.488226976946088,5.384038595466962,21.375504791399432,3.838166433070727,2359.296,2.199239719610228,15.991466195932473,0.0067780669301064,2.2838430516426884
B0053,32,06748.csv,1.0250054893129452,1.1540727934432229,88.81636367622876,0,4,0.1021762818092291,0.1658215071854956,3.059463155886766,1.9677305370734943,4.191388693209469,0.4522986816080285,-1.9916033205160304,-2.0163318275424214,0.0002033850866796,0.2037199134504228,12.141455926320956,6.733785656878497,20.75519907919811,3.5559652875843564,2345.453,2.2236581561359747,14.021413422319617,0.0059781259408394,2.170353655794586
B0053,33,06752.csv,0.9801331625592912,1.1540727934432229,84.92819240933878,0,4,0.1019045384887791,0.1710377846083801,3.0515604930870808,1.9646771872417268,4.176817913788527,0.4334455932282837,-1.9918811626801765,-2.015461100618231,0.0012327070269828,0.2032736779194414,12.395143910298115,3.8100701431339856,21.495108529574846,3.987385154995764,2360.172,2.211976162200449,17.685038386440862,0.0074931142249127,2.26354363968898
B0053,34,06754.csv,1.036777776420363,1.1540727934432229,89.83642819679463,0,4,0.1019045384887791,0.1710377846083801,3.077258112412092,1.9842967959422224,4.191203897341503,0.4318223441334611,-1.991620909948196,-2.015619248928888,-0.000232972154091,0.2053398622743412,12.19451958922961,6.571237691712169,19.650976156235696,3.310431600349779,2315.407,2.2069071013992807,13.079738464523526,0.0056490018664206,2.1945874378978045
B0053,35,06756.csv,1.026830062058722,1.1540727934432229,88.97446226031661,0,4,0.1019045384887791,0.1710377846083801,3.0764274410465147,1.9519786488395736,4.191950279497998,0.4217042557411259,-1.991691964766,-2.0158297917061314,-0.0004911582308015,0.2052834791732158,12.32467046038635,6.1462236331107984,18.85601423191303,3.4386981548574447,2322.156,2.2398880689921574,12.70979059880223,0.0054732716487618,2.2585712777665714
B0053,36,06758.csv,1.0150379662805102,1.1540727934432229,87.95268132542172,0,4,0.1019045384887791,0.1710377846083801,3.0735171627901745,1.9991200294367053,4.191989330112193,0.4177221040456201,-1.9916164333598747,-2.016194986579563,0.0005143921546676,0.2053688132544085,12.456556362135045,5.991686497438792,19.66943680638515,3.6655164024212703,2327.1570000000065,2.192869300675488,13.677750308946358,0.00587745060129,2.292803872891838
B0053,37,06760.csv,0.9904614739486176,1.1540727934432229,85.82313694386086,0,4,0.1019045384887791,0.1710377846083801,3.0586262243104274,1.9919158008530224,4.192193889063254,0.4304000469081054,-1.9915769869135744,-2.016217922284512,-0.0008923751552711,0.2053054859121366,12.493233578273262,5.005649306807032,21.138845685984403,3.900330463427364,2335.0,2.200278088210231,16.13319637917737,0.0069092918112108,2.2726355621414727
B0053,38,06764.csv,1.0145765174582757,1.1540727934432229,87.91269694793216,0,4,0.1021725584755827,0.1638124856960519,3.0655406838342585,1.94559141180858,4.176984220978375,0.4189454750619631,-1.9913283590219129,-2.015859431138657,0.0002985192303386,0.2059426808065725,12.497083720348076,6.107617724558953,19.288047919779903,3.598449603026293,2329.375,2.230778374064568,13.18043019522095,0.0056583547926894,2.275108508293161
B0053,39,06766.csv,0.9811308944080388,1.1540727934432229,85.01464552169149,0,4,0.1021725584755827,0.1638124856960519,3.0545790418645686,1.974560984027517,4.191893131054369,0.4341013814062103,-1.991453914785753,-2.019579743107578,-0.0010481129479596,0.2057556964266344,12.499664099435382,4.640287420859574,21.3268013324968,3.95788327402996,2333.875,2.217332147026852,16.686513911637228,0.0071497033524234,2.265399750440444
B0053,40,06768.csv,1.0041687429386437,1.1540727934432229,87.01086696123089,0,4,0.1021725584755827,0.1638124856960519,3.050692756091621,1.945088917895143,4.191053526742021,0.4567925698937887,-1.991333341091594,-2.016238639458721,-0.000143612777545,0.206925459854018,12.233147481743185,6.703945330872971,20.84260661100648,3.5484781314605898,2317.453,2.2459646088468777,14.13866128013351,0.006100948446477,2.163608527519983
B0053,41,06770.csv,1.007820487960787,1.1540727934432229,87.32728937781418,0,4,0.1021725584755827,0.1638124856960519,3.0706836502741286,1.9541644750198832,4.191344296215671,0.42084544429123,-1.99097599738962,-2.0172163751638545,0.0034891455382591,0.2081960107132652,12.380002749755878,6.278938371508271,18.56010936417985,3.5269295325642496,2295.109,2.237179821195787,12.28117099267158,0.0053510186194518,2.2704359212620915
B0053,42,06772.csv,0.982454133084564,1.1540727934432229,85.12930368572093,0,4,0.1021725584755827,0.1638124856960519,3.051595420919736,1.935548354335742,4.1920711169862885,0.4342357221048442,-1.9908720980814456,-2.016287937204292,-0.0004130883441005,0.2092034987220208,12.616251645969692,5.426196267928294,21.59240098021019,3.96414404478098,2326.657,2.256522762650546,16.166204712281896,0.0069482543891436,2.2533334271180414
B0053,43,06776.csv,1.1096775355538029,1.1540727934432229,96.15316658172272,0,4,0.1004089202755683,0.1667393739054837,3.072187965091245,1.981406351768184,4.132408076306833,0.3806894373064124,-1.9918802848881905,-2.0155258990014104,-0.0003234771223779,0.2006615034646108,12.829588969895449,5.4465816574183386,20.679962323191948,3.900517152439529,2479.297,2.1505078035560112,15.233380665773607,0.0061442338960494,2.347317869929405
B0053,44,06780.csv,1.1136801589914762,1.1540727934432229,96.4999924891017,0,4,0.1027718376726618,0.1672444723442067,3.094404341842919,1.993141806070916,4.175775307137671,0.3947330679649425,-1.9920173318720955,-2.015457752881536,0.00047400875962,0.2016686691952788,12.58985421750493,6.1046272872518585,18.9874805225948,3.520407187550363,2463.578,2.182299441982372,12.882853235342942,0.0052293263031829,2.347152440225069
B0053,45,06782.csv,1.0385009100572404,1.1540727934432229,89.98573711791879,0,4,0.1027718376726618,0.1672444723442067,3.070776135685358,1.947894370100842,4.19084164853627,0.4276643034244077,-1.9921854505345815,-2.0161593144943324,0.0007358271196004,0.2023309140429228,12.499581621225966,5.236010150862445,21.621996984314368,4.115876503652885,2458.812,2.242947278435428,16.385986833451923,0.0066641885729579,2.287905026750677
B0053,46,06784.csv,1.0768815902180078,1.1540727934432229,93.3114095000098,0,4,0.1027718376726618,0.1672444723442067,3.093317588803282,1.9856387948209864,4.19061444729718,0.4050812249309606,-1.991561493780433,-2.0159544884457428,-0.000166373267636,0.2046884061335546,12.55044884575378,6.159663782524879,18.973652680872625,3.532778018061177,2400.672,2.204927006844112,12.813988898347748,0.0053376674940798,2.319371979198395
B0053,47,06786.csv,1.0721705505837382,1.1540727934432229,92.90319957936744,0,4,0.1027718376726618,0.1672444723442067,3.0749380759068083,1.949232767477218,4.191036582578031,0.4303419282953859,-1.991363658666096,-2.015999719716144,-0.0011993209666156,0.2052463112572737,12.432369953422183,6.664645815607591,20.978900321002104,3.698353215212247,2396.407,2.2418038151008126,14.314254505394512,0.0059732151113706,2.21547871303148
B0053,48,06788.csv,1.0124588999851116,1.1540727934432229,87.72920614170269,0,4,0.1027718376726618,0.1672444723442067,3.0677280268889118,1.971670057823583,4.190677216614621,0.4294329624506688,-1.991302617182915,-2.016625929850398,-0.0011465796503559,0.2057722554933126,12.51661002939304,4.819866959645669,21.79016577987201,4.100778771639072,2392.375,2.2190071587910385,16.97029882022634,0.0070934944648001,2.278533578284113
B0053,49,06792.csv,1.0279944857549583,1.1540727934432229,89.0753591623883,0,4,0.1014554230700909,0.1711389079529937,3.063843811858756,1.9947630114629613,4.174970264553197,0.4298057572160085,-1.990880837032101,-2.015107043691624,0.0001656697838019,0.2069821721875019,12.386978430486096,5.579247052636922,21.259687238039497,3.9515868042355113,2373.687,2.180027876331088,15.680440185402574,0.0066059426476205,2.2511545017685517
B0053,50,06794.csv,1.0304147279049998,1.1540727934432229,89.28507228999963,0,4,0.1014554230700909,0.1711389079529937,3.069633671738992,1.93495405419616,4.191223425605613,0.4210543039164979,-1.99127383323294,-2.01589697281402,-0.0002129207747509,0.2064401542772167,12.86442209459833,5.440421040819881,22.11367611975276,4.06698555048979,2385.922,2.256269371409453,16.67325507893288,0.0069881811219867,2.295054808641085
B0053,51,06796.csv,1.0556163273995052,1.1540727934432229,91.46878198644916,0,4,0.1014554230700909,0.1711389079529937,3.0774703956362286,1.9626921591466933,4.1907916530158085,0.4280673421749387,-1.99085556520326,-2.015193789051477,-0.0019060860682032,0.2084396439071421,12.452887134609783,6.572423757587878,20.51266351352416,3.519397162357258,2345.0,2.228099493869115,13.940239755936284,0.0059446651411242,2.204096737827861
B0053,52,06798.csv,1.0011115418162628,1.1540727934432229,86.74596156360346,0,4,0.1014554230700909,0.1711389079529937,3.065650898720959,1.965011869626919,4.191391388470691,0.423930327657254,-1.9910466332112344,-2.015263550837058,-0.0001999016038291,0.2080200902908892,12.717167506079072,4.487249730728364,21.838243278861643,4.09002111082374,2363.047000000006,2.226379518843772,17.350993548133278,0.0073426358206727,2.2958417570834797
B0053,53,06800.csv,1.0466839215498662,1.1540727934432229,90.69479217398778,0,4,0.1014554230700909,0.1711389079529937,3.087680483774557,1.998288646492444,4.1908069648629,0.4092913961234207,-1.990491302640596,-2.0167120885262446,5.900360699598403e-05,0.2102702203857749,12.479976931874727,6.396599642741529,19.19841243068418,3.473008917393773,2316.687,2.192518318370456,12.801812787942652,0.0055259138536809,2.281462721372366
B0053,54,06804.csv,1.047181656018543,1.1540727934432229,90.73792068992756,0,4,0.1019507489324868,0.1658850218902032,3.080080108538352,1.987337089818558,4.176075101120923,0.4115310280985609,-1.9901940926688608,-2.015138320039454,-0.0001893862638354,0.2108943613437109,12.53086381740867,6.475850983046928,19.94793881732045,3.494866416337497,2322.0,2.1883083675724304,13.47208783427352,0.0058019327451651,2.257280993872026
B0053,55,06806.csv,1.0102740078425778,1.1540727934432229,87.53988600912984,0,4,0.1019507489324868,0.1658850218902032,3.0638130274525714,1.9333820178355807,4.1919833117809935,0.4239720770617075,-1.9906079852392544,-2.017603787583275,-0.0006837028578907,0.2091259610197131,12.900294389057349,5.219841286029437,22.11167709201849,4.101648186674314,2357.687,2.2586012939454125,16.891835805989054,0.0071645794399294,2.280631139855009
B0053,56,06808.csv,0.0,1.1540727934432229,,0,4,0.1019507489324868,0.1658850218902032,4.060790325607858,3.8013484699433535,4.190597056442859,0.2246832541938457,-0.6718360254347512,-2.011883291667193,-0.0015391791119224,1.1605150069896717,6.164758961234488,5.839075704114906,6.582625875555882,0.3802500287360968,23.0,0.3890769804940071,0.743550171440976,0.0323282683235207,3.8013484699433535
B0055,1,07314.csv,0.7989997927037011,1.319892156462878,60.53523303334919,0,4,,,3.24393616697826,2.493079498483449,3.843735024444539,0.3106172165416748,-1.1715210918629737,-1.990840186664541,0.0042823961648897,0.9797662282686106,11.879033293126689,5.905007114660983,18.02446981350722,3.3741865215087543,2660.313,1.35065552596109,12.119462698846238,0.0045556529246168,3.613621276942887
B0055,2,07318.csv,1.319892156462878,1.319892156462878,100.0,0,4,0.0961908583965746,0.2017671893861614,3.2904290284649416,2.480538609588174,4.174020568347548,0.2597240285372553,-1.74860076458836,-1.9904809087057087,0.0053861380226678,0.6481554399427039,12.415262417855027,4.942623651334148,16.633080095446793,2.506226367655621,2826.0,1.6934819587593744,11.690456444112645,0.0041367503340809,3.688556835857144
B0055,3,07320.csv,1.2769832801132015,1.319892156462878,96.74906194876812,0,4,0.0961908583965746,0.2017671893861614,3.326231366449631,2.48985034932468,4.1994512899066025,0.2804986487872958,-1.7060235650197326,-1.99068249202928,0.003747548082239,0.6949630234440948,12.360226804144617,5.997529564281996,18.02222405324747,2.7048684537618035,2818.578,1.7096009405819226,12.024694488965473,0.0042662273277395,3.7107461548067215
B0055,4,07322.csv,1.2572591312230863,1.319892156462878,95.2546861549932,0,4,0.0961908583965746,0.2017671893861614,3.338535407708074,2.485404008194569,4.201354950378872,0.2695627380081309,-1.7298155313553945,-1.9912233324564588,0.001363995791464,0.6696501792059063,12.182802262813878,5.026960406334869,16.276920867509258,2.626460553295925,2713.812,1.7159509421843029,11.249960461174387,0.0041454457645461,3.7091849869429834
B0055,5,07324.csv,1.206763751299412,1.319892156462878,91.4289660250248,0,4,0.0961908583965746,0.2017671893861614,3.369050331157636,2.484071154442301,4.2022865042877005,0.2856551572815346,-1.630519419462631,-1.9905957922031048,0.0017320881760283,0.7650246980134167,11.995175259559732,5.865948272472199,17.386184005164274,2.519459341633182,2786.578,1.7182153498453996,11.520235732692075,0.0041341874272645,3.729254969431848
B0055,6,07326.csv,1.2077322536103197,1.319892156462878,91.50234340712116,0,4,0.0961908583965746,0.2017671893861614,3.3596802370189534,2.481388096934316,4.202804398571556,0.2771173321585299,-1.6935037519026297,-1.9916252726422965,0.0004260224573474,0.7075370634776282,12.01585259085846,5.190771825672599,16.287370504806514,2.5798940604250347,2667.89,1.7214163016372397,11.096598679133916,0.0041593164182683,3.721150588745732
B0055,7,07330.csv,1.2009614290093835,1.319892156462878,90.98936023892954,0,4,0.0959763432768074,0.1840796258694923,3.331138062731705,2.4857750442530606,4.194689870235318,0.279491847362963,-1.796982266620521,-1.9907997928291328,0.0037839412750622,0.5873285000030485,12.31051634460958,4.583842371477875,18.76540773861097,3.037384430011983,2530.172,1.7088597817477873,14.181565367133096,0.0056049807551158,3.545102038459801
B0055,8,07332.csv,1.189059086549973,1.319892156462878,90.0875939543789,0,4,0.0959763432768074,0.1840796258694923,3.335155652675837,2.4898705968582,4.203456278554985,0.2765231874165645,-1.8221216958276871,-1.9913346793894355,0.0025079335764194,0.5510499101272549,12.203269426883178,5.053303205495654,17.743208793113464,2.93998709962242,2446.062,1.7135856816967854,12.68990558761781,0.0051878920434632,3.40403072207816
B0055,9,07334.csv,1.169708782604433,1.319892156462878,88.62154206136697,0,4,0.0959763432768074,0.1840796258694923,3.397039754952534,2.486378896244576,4.203931038045003,0.2773957131756805,-1.60517659481492,-1.9910133759936124,0.0032813052512828,0.7856439222074227,11.974188885781311,5.301590477162979,16.27240932778339,2.521588448939416,2713.25,1.7175521418004265,10.970818850620413,0.0040434235144643,3.736704418533033
B0055,10,07336.csv,1.1483647194613424,1.319892156462878,87.00443546378784,0,4,0.0959763432768074,0.1840796258694923,3.3803008994123225,2.484196378836121,4.204477051328936,0.2957878188911048,-1.6273590433187917,-1.991488728701696,0.0028535599024067,0.7678264524895696,12.146032186206996,5.8612804541487264,18.496064110315466,3.002372670635501,2676.578,1.7202806724928146,12.63478365616674,0.0047204989565657,3.732968971736032
B0055,11,07338.csv,1.1527726060972296,1.319892156462878,87.33839355379573,0,4,0.0959763432768074,0.1840796258694923,3.344612876092421,2.488899766066993,4.204395922551529,0.2827183804505206,-1.8077804758929823,-1.990666668360672,0.0004039487468772,0.5720353591999178,12.075029193191549,5.2119884831744345,17.233592924973692,2.891141493880788,2394.734,1.7154961564845363,12.021604441799258,0.0050200166038479,3.4885958299594715
B0055,12,07342.csv,1.1318370471727228,1.319892156462878,85.75223677409252,0,4,0.0978518208220766,0.1796663621748983,3.401696293991564,2.4856427415338582,4.196508158151434,0.2863506745019652,-1.5934585102181222,-1.9902971005145704,0.0024125926743342,0.794494773823247,11.953480850146518,5.705410445510598,17.25233196126928,2.5536716115743934,2673.0,1.7108654166175756,11.546921515758685,0.0043198359580092,3.7403111443345054
B0055,13,07344.csv,1.1326525803383347,1.319892156462878,85.81402463771597,0,4,0.0978518208220766,0.1796663621748983,3.377782507073848,2.4945204316368925,4.2049198480597365,0.2988947176854675,-1.6457766002423246,-1.990731521433284,0.0019106021357381,0.751928551982334,12.091243346975183,4.902169412870768,18.84637103862602,3.0091420952653727,2619.578,1.710399416422844,13.944201625755252,0.0053230717412328,3.730790716164641
B0055,14,07346.csv,1.1160565716574584,1.319892156462878,84.55664852561365,0,4,0.0978518208220766,0.1796663621748983,3.411152214850695,2.489824423973652,4.204749253288386,0.2851392384707784,-1.5844221226745288,-1.991422567659727,0.0047423574400032,0.8013395982049237,11.84145066042513,5.753127682539503,16.69866695291335,2.508227576187759,2640.016,1.7149248293147346,10.945539270373846,0.004146012475066,3.7434851414780193
B0055,15,07348.csv,1.0984641825068853,1.319892156462878,83.22378287712627,0,4,0.0978518208220766,0.1796663621748983,3.4062074380814424,2.4929609831648176,4.205529950993648,0.2938575065189499,-1.5875314249026022,-1.9907556302335792,0.0034910948504664,0.7990060369970609,11.85500353854918,5.968718586088171,17.281200338137296,2.640957468227437,2621.187,1.71256896782883,11.312481752049123,0.0043157858451339,3.744140537855415
B0055,16,07350.csv,1.092569410309668,1.319892156462878,82.77717273793016,0,4,0.0978518208220766,0.1796663621748983,3.4006629565141497,2.4987737122938984,4.205627291462969,0.3011573982002005,-1.5865260183824126,-1.991522785179081,0.0018374760510517,0.7995564820652137,11.91733362745109,6.123949353685871,17.87487048558903,2.8315516820582807,2616.453,1.7068535791690709,11.75092113190316,0.0044911646155704,3.7439110526054575
B0055,17,07354.csv,1.109167680712031,1.319892156462878,84.03472020656912,0,4,0.097531103850855,0.1713255438972697,3.373436366456084,2.4960528571959832,4.197933604847559,0.3057700306605213,-1.6558769500299215,-1.9908882502143304,0.0013482790166261,0.7428737437680821,12.135031767584422,4.49280427247954,18.56561933924195,3.184653717785237,2565.109,1.7018807476515754,14.072815066762413,0.0054862444702203,3.7282845737925374
B0055,18,07356.csv,1.107503502890571,1.319892156462878,83.90863582813628,0,4,0.097531103850855,0.1713255438972697,3.375129892014157,2.4950345179419164,4.205390438967899,0.3055091717445081,-1.6682381023500132,-1.9907992030652173,0.0029195283409771,0.731915064312135,12.085534035682384,4.9201973970875486,18.731388722663795,3.1379115577228025,2532.531,1.7103559210259824,13.811191325576246,0.0054535132346163,3.726881450283191
B0055,19,07358.csv,1.106751675424531,1.319892156462878,83.85167454820453,0,4,0.097531103850855,0.1713255438972697,3.3799212171444224,2.499203075422064,4.205435554958762,0.3064539246734946,-1.6518184000413114,-1.9911585440753383,0.002172830590767,0.7466144056182916,12.035133443915594,5.243499809183194,18.85911132920102,2.965591505295274,2556.593,1.706232479536698,13.615611520017826,0.0053256859891339,3.730526414451028
B0055,20,07360.csv,1.0726694124582823,1.319892156462878,81.26947396466714,0,4,0.097531103850855,0.1713255438972697,3.4131937901660443,2.4858947643408493,4.183847655178161,0.2883697338122615,-1.5631982736121797,-2.0081513637326145,0.0023980838431653,0.8166915748353278,11.694010522378294,5.726221729849384,16.474886676905992,2.534066077924709,2577.891,1.6979528908373114,10.748664947056607,0.004169557575187,3.745238568811612
B0055,21,07362.csv,1.0776844021506693,1.319892156462878,81.64942846836132,0,4,0.097531103850855,0.1713255438972697,3.3882127771112662,2.490219926603604,4.205811869776469,0.3146016764885625,-1.6102431965480546,-1.990451483901724,0.0023980631984279,0.7813778914234873,12.02595112446758,5.897932892357624,18.42983942194132,3.1036246483673837,2572.36,1.7155919431728657,12.531906529583694,0.0048717545481906,3.7389925211765376
B0055,22,07366.csv,1.1981714734535909,1.319892156462878,90.7779827000805,0,4,0.0975919890866962,0.1632732966555418,3.3833310240018224,2.49591717391522,4.185284066167707,0.2865906988631488,-1.6643817613294818,-1.9908816662096405,0.0023527014541292,0.7345698461806102,11.84728862446686,5.492060015387616,16.79121110894689,2.630331524833656,2697.75,1.6893668922524872,11.299151093559274,0.0041883610762892,3.714616925392359
B0055,23,07370.csv,1.162538155268093,1.319892156462878,88.07826833243169,0,4,0.0984142673170484,0.1704903849366,3.406033299298373,2.493901769830843,4.196690472475704,0.2860365272692032,-1.629380871239606,-1.991512324127019,0.0042422871447303,0.7660455719740732,11.64238700767333,5.668092553976134,16.558207457541112,2.506195493271659,2683.406,1.702788702644861,10.890114903564978,0.0040583180120954,3.727723624388649
B0055,24,07372.csv,1.1556827465844224,1.319892156462878,87.55887675561968,0,4,0.0984142673170484,0.1704903849366,3.395122860818019,2.490665842720209,4.205348595061986,0.2969101886640418,-1.6480629343875917,-1.991058496787956,0.0009821633720412,0.7499069724220853,11.772012658338625,5.429660968759904,16.176716026227933,2.664930227042549,2646.156,1.7146827523417771,10.747055057468028,0.0040613837798935,3.724838287014887
B0055,25,07374.csv,1.137444098422356,1.319892156462878,86.17704809084881,0,4,0.0984142673170484,0.1704903849366,3.3678744885149583,2.491266216084571,4.205552375701064,0.3163994995161766,-1.6963503354994716,-1.9907463266064145,0.0033936943173849,0.70487096595123,11.983454214473864,5.220369333730443,18.28920429337146,3.0253773969236097,2593.531,1.7142861596164929,13.068834959641016,0.005039012435032,3.715393156165461
B0055,26,07376.csv,1.1126375352125493,1.319892156462878,84.29760944971886,0,4,0.0984142673170484,0.1704903849366,3.3809383898685605,2.492760704750605,4.2052142034116535,0.3164172837662115,-1.647762002114427,-1.9907919913750125,0.0015718230358572,0.7502757874265852,11.908597488676612,4.059057953389152,18.65863623047158,3.2360649022219223,2604.125,1.7124534986610485,14.599578277082427,0.0056063277596438,3.7264017748000247
B0055,27,07378.csv,1.098656067845981,1.319892156462878,83.23832083298547,0,4,0.0984142673170484,0.1704903849366,3.41469739374783,2.486626233949432,4.205763745942962,0.2969688853682209,-1.6019969747290892,-1.991007869042188,0.003139047521193,0.7882772229275187,11.5894392622721,6.012193151140061,16.83473057053666,2.558143678120527,2588.594,1.7191375119935297,10.8225374193966,0.0041808554834773,3.738507322921021
B0055,28,07382.csv,1.098530275888464,1.319892156462878,83.22879036059794,0,4,0.1001161409222528,0.1667195684592821,3.41231159843661,2.495104294734825,4.198995746839671,0.2932352579129552,-1.607009362096321,-1.990345948099886,0.0034818707960933,0.7841876738531155,11.629714317449922,5.870935139797071,16.756789919207705,2.556104825843301,2579.203,1.703891452104846,10.885854779410634,0.0042206273718705,3.736780623306609
B0055,29,07384.csv,1.1029370400968537,1.319892156462878,83.56266341127194,0,4,0.1001161409222528,0.1667195684592821,3.40438229399094,2.487763139286609,4.2061133400646735,0.2979524662787943,-1.627589670095513,-1.991281599746559,0.0020568504479771,0.7678124206751239,11.647248561632294,5.731201872960767,16.24699765148442,2.6108878791051677,2555.453,1.7183502007780644,10.515795778523652,0.0041150417474019,3.73357228609753
B0055,30,07386.csv,1.0949644922735318,1.319892156462878,82.95863316650656,0,4,0.1001161409222528,0.1667195684592821,3.3673428364678037,2.497867584305148,4.20656078786278,0.3246155487699726,-1.6825636345526909,-1.9916328373941727,0.0021452957889262,0.7183625209586999,12.022205345514337,5.019667115044019,19.12998485714981,3.287369700667516,2525.609,1.708693203557632,14.110317742105796,0.0055868971571236,3.7200879836859353
B0055,31,07388.csv,1.0890679714830998,1.319892156462878,82.51189054730395,0,4,0.1001161409222528,0.1667195684592821,3.410419638073745,2.482550786926367,4.205789072356055,0.297070447904441,-1.612755670182398,-1.9905681770945949,0.0048992280817572,0.7799086454482298,11.54222490222824,5.933226299085981,16.36765160927189,2.608024823582584,2536.172,1.7232382854296877,10.434425310185908,0.0041142419797182,3.737292448318065
B0055,32,07390.csv,1.073323391636053,1.319892156462878,81.31902188981908,0,4,0.1001161409222528,0.1667195684592821,3.3875483794093744,2.498794021092515,4.206468698154612,0.3197316075109145,-1.6303240143418964,-1.990833007177876,0.0021630836415904,0.7652863653841129,11.825965633220362,5.144155527321384,18.15665009637772,3.1844323984997747,2536.204,1.7076746770620974,13.012494569056337,0.0051306971241494,3.73267519637297
B0055,33,07394.csv,1.095373856745309,1.319892156462878,82.9896481604038,0,4,0.0959148476411232,0.1606795896891386,3.353344563900017,2.4986675609061084,4.19878751718924,0.3283843262772377,-1.71799533716817,-1.990852926244492,0.0028822715331249,0.6825051831609196,12.03863906152037,5.434214970889567,18.80550760238104,3.2050468288098317,2488.86,1.7000017090619783,13.371292631491476,0.0053724567197397,3.7099200903288807
B0055,34,07396.csv,1.0639517466243125,1.319892156462878,80.60899077357583,0,4,0.0959148476411232,0.1606795896891386,3.403128476363774,2.495967983888696,4.205549436509086,0.3100085144191564,-1.6148091574306578,-1.990543780937116,0.0037963361825877,0.7782357471446777,11.59317451081218,6.196484124316794,17.559578387097904,2.861510293270743,2518.547,1.70958145262039,11.363094262781113,0.0045117658168702,3.736870787868088
B0055,35,07398.csv,1.085798072407703,1.319892156462878,82.26415068011967,0,4,0.0959148476411232,0.1606795896891386,3.3737196134296283,2.494521891499824,4.206680085108051,0.3209087783314079,-1.6806946415000543,-1.9908289073916383,0.0028915382938365,0.7206333096446643,11.873598601586018,5.53725249055581,17.467083355342886,2.969613075323528,2485.766,1.7121581936082269,11.929830864787077,0.0047992573978351,3.721871285960292
B0055,36,07400.csv,1.0588748965507555,1.319892156462878,80.22434949446087,0,4,0.0959148476411232,0.1606795896891386,3.382746702873388,2.4940939052144744,4.206242808359698,0.3253244845349783,-1.63831200906344,-1.99092503062938,0.0026901014635949,0.758780951559817,11.809310238880515,5.005149643020689,18.49462899513655,3.25615772580203,2506.718,1.7121489031452235,13.48947935211586,0.0053813310281076,3.730661543360076
B0055,37,07402.csv,1.0813260035191288,1.319892156462878,81.92532990096157,0,4,0.0959148476411232,0.1606795896891386,3.364191938389696,2.488192777263103,4.206501526529983,0.326906352982529,-1.701910823714865,-1.990154379954445,0.0015151692121164,0.6995375039518201,11.933034010302556,5.491386768106055,17.91164881741511,3.0405448923120253,2459.297,1.7183087492668805,12.420262049309056,0.0050503302566989,3.716365757538597
B0055,38,07406.csv,1.061601862588323,1.319892156462878,80.4309547102139,0,4,0.0973463150121152,0.1621587836501836,3.408219619852174,2.483590427491968,4.198066617715753,0.3020685980866114,-1.6137161861379503,-1.9913019551390152,0.0040899056863324,0.7791514568096329,11.53732922797716,5.963161321140903,16.71929796179109,2.5779479326343404,2488.734,1.714476190223785,10.756136640650189,0.0043219310061461,3.7373916880486178
B0055,39,07408.csv,1.0593920670581127,1.319892156462878,80.26353227957136,0,4,0.0973463150121152,0.1621587836501836,3.3720438606583496,2.494836964233761,4.2069940867465805,0.3312079634072613,-1.6587094218378893,-1.9913493608624204,0.0019834896350736,0.740847169624987,11.942237573488166,4.189009368019207,18.743872075423457,3.3530772070151427,2491.375,1.7121571225128194,14.55486270740425,0.005842100329097,3.72596178401844
B0055,40,07410.csv,1.0742513141424723,1.319892156462878,81.38932479311886,0,4,0.0973463150121152,0.1621587836501836,3.3954495279595998,2.495294559262084,4.206185443933068,0.3079274978481763,-1.6449474011417666,-1.9913634315445168,0.0027453667564063,0.7531328824818362,11.654440484569944,5.793714360247393,16.07532193134441,2.703477752338199,2467.328,1.7108908846709836,10.281607571097016,0.0041671020517324,3.730585416820077
B0055,41,07412.csv,1.04056147341315,1.319892156462878,78.83685559596823,0,4,0.0973463150121152,0.1621587836501836,3.3886471333647554,2.493930027919102,4.206494698836393,0.323953265943356,-1.6341793441136752,-1.9918655941270955,0.0029433881304167,0.7623248665874016,11.722702041818202,6.251113028855723,18.1055360480279,3.059114874006261,2466.125,1.7125646709172917,11.854423019172176,0.004806902739793,3.733245561925902
B0055,42,07414.csv,1.0575656535324895,1.319892156462878,80.12515631327139,0,4,0.0973463150121152,0.1621587836501836,3.356819503345258,2.4968794236107965,4.204041730199119,0.3386377940239576,-1.6871055404907072,-1.9909179006012367,0.0021348260516324,0.7136501987670603,12.139105911879913,5.116748649373631,19.22539590220654,3.4367246888550937,2459.312999999994,1.7071544553723288,14.10864725283291,0.0057368245737053,3.7182876447983655
B0055,43,07418.csv,1.0983528970914622,1.319892156462878,83.21535147499404,0,4,0.0957513027495029,0.1613095878772497,3.38173030037378,2.4980844986118784,4.186445589660851,0.3135946416980715,-1.6534663598224018,-1.9901698852064904,0.0027554239621475,0.7445583099942965,11.725785170275977,6.011078978848951,17.79698901775945,2.796395074668207,2559.125,1.6883610910489724,11.7859100389105,0.0046054452357389,3.7199313524417783
B0055,44,07422.csv,1.109758993739737,1.319892156462878,84.07952030821458,0,4,0.0982934825737443,0.1591460762969972,3.332585578324588,2.497690135885909,4.198472809564929,0.3457140530086496,-1.746935874580489,-1.9895632028305583,0.0016337951411109,0.649531324821529,12.14093273670559,5.016805714592111,19.90310164984231,3.5002772441688057,2534.156,1.7006831751527445,14.886295935250198,0.0058742618588793,3.6944377398288695
B0055,45,07424.csv,1.0793315779206871,1.319892156462878,81.77422470735345,0,4,0.0982934825737443,0.1591460762969972,3.415794800601349,2.495812780943487,4.205147121886639,0.2990310946887273,-1.6100189784192442,-1.9901409410080384,0.0041302137494647,0.7816248775958641,11.32244979928203,6.003174490550036,16.28428434167548,2.51799111592462,2521.985,1.7092679316438066,10.281109851125445,0.0040765943695642,3.735740626283858
B0055,46,07426.csv,1.0716159094756148,1.319892156462878,81.18965661159712,0,4,0.0982934825737443,0.1591460762969972,3.364395338116308,2.497968365806555,4.207061766566151,0.3363881710475184,-1.6797818306005563,-1.990707591128993,0.0024325175728162,0.721086293579546,11.89972574061436,4.366396831280806,18.858200111612096,3.352263862059029,2503.172,1.7090934007595964,14.49180328033129,0.0057893757521781,3.718568892790088
B0055,47,07428.csv,1.0746464211019795,1.319892156462878,81.419259584198,0,4,0.0982934825737443,0.1591460762969972,3.3556150350421454,2.494850314865808,4.206586679847002,0.3395353646152839,-1.703206082949298,-1.990485251168809,0.0020283573965965,0.6979995792807144,11.9698483506891,5.206133332056047,19.26539604228336,3.371864056789764,2474.344,1.7117363649811943,14.059262710227312,0.0056820162072158,3.713743655978555
B0055,48,07430.csv,1.08643683065179,1.319892156462878,82.31254541001934,0,4,0.0982934825737443,0.1591460762969972,3.2813552523710348,2.497025585392751,4.136062355148983,0.3313586161057698,-1.8582921214004529,-1.9905983386514208,0.002499906189932,0.4916211942997817,11.944879920447905,5.259112558612603,19.91574517945343,3.534193330683697,2349.64,1.639036769756232,14.656632620840828,0.0062378205260554,3.124103454528827
B0055,49,07434.csv,1.1340138347387958,1.319892156462878,85.9171583970762,0,4,0.0960595078437481,0.1541064904497954,3.3340325216514985,2.497531566741249,4.194893964041484,0.3418427270746833,-1.7577069451672969,-1.9908092541495768,0.0025191038749758,0.6372879265172486,12.028925123088165,5.216087256419887,19.74476118019262,3.413713861625029,2560.688,1.6973623973002354,14.528673923772732,0.0056737384342695,3.687232267684742
B0055,50,07436.csv,1.1176964717951587,1.319892156462878,84.68089353530407,0,4,0.0960595078437481,0.1541064904497954,3.355658576925396,2.4925446639956585,4.205199298124983,0.3328135533427257,-1.7278318736099232,-1.9908548428883857,0.0030767238763984,0.6716428426504919,11.71503135296823,5.744165438234034,18.239458117812696,3.08861817358844,2522.375,1.7126546341293245,12.49529267957866,0.0049537807342598,3.7036192727349264
B0055,51,07438.csv,1.1046468529644289,1.319892156462878,83.6922052726432,0,4,0.0960595078437481,0.1541064904497954,3.353357049023896,2.497355535023157,4.205853256210238,0.3351675549802461,-1.7321258947169127,-1.9913602598228903,0.0006172357972143,0.6669389629340879,11.810607676487717,5.507329315542777,19.14324542302631,3.203674017024737,2488.719,1.708497721187081,13.635916107483537,0.005479090290018,3.7037216827186152
B0055,52,07440.csv,1.089700148407426,1.319892156462878,82.55978665163572,0,4,0.0960595078437481,0.1541064904497954,3.356165416087441,2.496005450177785,4.205832053797409,0.3349308307601401,-1.720909576078404,-1.9907888064016417,0.0030356138462177,0.6793897542473725,11.765625767571136,5.573561761773879,18.957146305546704,3.18280863873157,2474.844,1.709826603619624,13.383584543772823,0.0054078497649843,3.7079389860028296
B0055,53,07442.csv,1.075533547538172,1.319892156462878,81.48647162359445,0,4,0.0960595078437481,0.1541064904497954,3.3655236596965747,2.4945789390502733,4.205960258814088,0.3322642418421686,-1.6928963609340808,-1.990266430302993,0.0013938634104431,0.7081541895844613,11.666664960009529,5.471875013474925,18.56961122669724,3.1273176817174284,2473.875,1.7113813197638144,13.097736213222312,0.0052944211866898,3.716134267886872
B0055,54,07446.csv,1.0609866776144368,1.319892156462878,80.38434598003288,0,4,0.0980537839894344,0.1570535339827561,3.3657531038090425,2.497451626540361,4.1982654098780685,0.3357163537398893,-1.6674344219063135,-1.991098985092008,0.0018782138053998,0.732570658776937,11.70893917625306,4.7559665018276,18.38960415048188,3.2055689406399885,2495.5,1.7008137833377075,13.633637648654275,0.005463288979625,3.721476142875156
B0055,55,07448.csv,1.0518218041615568,1.319892156462878,79.68998065571422,0,4,0.0980537839894344,0.1570535339827561,3.3849405998756663,2.494771530909891,4.206713417529564,0.3281235142521264,-1.6377223794615257,-1.9906339241312176,0.0022043450938765,0.7589158654305581,11.450092345609722,4.341162665276274,17.859841515218953,3.0932395475167804,2481.078,1.7119418866196736,13.51867884994268,0.0054487117494664,3.7296954832125264
B0055,56,07450.csv,1.0553857898132757,1.319892156462878,79.96000162934209,0,4,0.0980537839894344,0.1570535339827561,3.410105370394735,2.4850759949386982,4.206861671465562,0.3045846799899235,-1.6143852867459765,-1.990683911752466,0.0028249023072608,0.778693825905917,11.131625464424475,6.07471040588154,15.816276936907297,2.4584920787287823,2460.125,1.721785676526864,9.741566531025756,0.003959785186129,3.7362607347966943
B0055,57,07452.csv,1.0533102333691788,1.319892156462878,79.80274965735833,0,4,0.0980537839894344,0.1570535339827561,3.3607031370514133,2.4972833794296387,4.203250203022516,0.3388991544155125,-1.6847849277248683,-1.9905747713276665,0.0005137994958183,0.7162986904335491,11.73883233236768,5.569532980827864,18.755426828419857,3.177977949237992,2440.547,1.705966823592877,13.185893847591991,0.0054028436443108,3.719130590250618
B0055,58,07454.csv,1.0315365260084348,1.319892156462878,78.15309159596833,0,4,0.0980537839894344,0.1570535339827561,3.3928240190547645,2.4994934553850463,4.206868467936627,0.3233676606559199,-1.6204098129461206,-1.990246399339889,0.0017702403766918,0.7734530806144814,11.33070420089266,4.361361037075223,17.253309886018204,3.003434536655862,2449.922,1.707375012551581,12.89194884894298,0.0052621874692104,3.7355076197907895
B0055,59,07458.csv,1.0533401053259417,1.319892156462878,79.80501286928944,0,4,0.0945385434995231,0.1599802865899194,3.3379943082200825,2.496397324750552,4.199652821200027,0.3469044731157218,-1.7350634493263108,-1.990571689998828,0.0022491755572575,0.6638216063455092,11.71743632355557,5.751869487900278,19.044660235871767,3.204720121658324,2408.781,1.7032554964494744,13.29279074797149,0.0055184721018521,3.7036479712484662
B0055,60,07460.csv,1.0317876798810788,1.319892156462878,78.17211995911256,0,4,0.0945385434995231,0.1599802865899194,3.383748883671106,2.498591356778633,4.206354715936561,0.3296319970718259,-1.6355169727932206,-1.992243974592476,0.0012301642827289,0.7609448372911602,11.448023523006356,4.340189960269769,17.632782962314124,3.0195504054283893,2442.547,1.7077633591579278,13.292593002044356,0.0054421032643565,3.7314625530021
B0055,61,07462.csv,1.0354207912157296,1.319892156462878,78.44737815478115,0,4,0.0945385434995231,0.1599802865899194,3.4034852057714984,2.4793908002585576,4.207116858721508,0.3103957443206543,-1.620774629606393,-1.9907853647960991,0.0027021133440438,0.7737104358062598,11.113362092407373,6.143775309699732,15.652866929465386,2.5151346640412706,2420.671,1.7277260584629506,9.509091619765654,0.0039282874953951,3.736154370453209
B0055,62,07464.csv,1.0322251791310608,1.319892156462878,78.2052665497518,0,4,0.0945385434995231,0.1599802865899194,3.348847901013984,2.495919101086891,4.203805356740808,0.3487646259994038,-1.695046194498669,-1.9905834799687467,0.0025523051765695,0.7063057197534683,11.759912549960136,5.571328973227946,18.851175405608,3.2878615938858906,2409.906,1.7078862556539165,13.279846432380053,0.0055105246563061,3.716043990550693
B0055,63,07466.csv,1.011543397303472,1.319892156462878,76.6383368785419,0,4,0.0945385434995231,0.1599802865899194,3.400337322032959,2.487748902505861,4.206451344410812,0.3193927096670155,-1.607752495748955,-1.9921786004311488,0.0020930660281791,0.7837888326494308,11.095152329208846,4.968805766113298,16.682382112943166,2.862213383912189,2416.672,1.7187024419049513,11.713576346829868,0.0048469864122354,3.739088692105497
B0055,64,07470.csv,1.0413760568150228,1.319892156462878,78.89857150191433,0,4,0.0953261246934921,0.1564819179161687,3.334305277604064,2.496210707787105,4.199840856194157,0.3519926929063718,-1.7288529172580396,-1.989844699379149,0.0027024064178281,0.6706571391029508,11.855416870953553,5.660378328396747,19.331265935552995,3.397136318737358,2395.75,1.7036301484070524,13.67088760715625,0.0057063080902248,3.704084765950345
B0055,65,07472.csv,1.02174193386881,1.319892156462878,77.4110164126539,0,4,0.0953261246934921,0.1564819179161687,3.3786546268712,2.499306018937951,4.206363005983127,0.3327893131192579,-1.6438464708058846,-1.9901768106891888,0.0023935756065588,0.7535408529549507,11.501464461877692,4.351576620593823,17.796486773673443,3.047212798141282,2410.688,1.7069659799872618,13.44491015307962,0.005577208727583,3.729496128307671
B0055,66,07474.csv,1.0133135547969283,1.319892156462878,76.77245067600549,0,4,0.0953261246934921,0.1564819179161687,3.413323315609648,2.495131192399576,4.206927414011855,0.306017782555382,-1.5920409233304795,-1.990803712367652,0.0031216492128016,0.7957357114480256,10.922543090852551,5.971615781064481,15.641866781260571,2.629360446622842,2402.125,1.7117962216122793,9.670251000196089,0.0040257068221662,3.743773580139752
B0055,67,07476.csv,1.029994255962691,1.319892156462878,78.03624340968341,0,4,0.0953261246934921,0.1564819179161687,3.3358445561886736,2.498865224973231,4.202275822485786,0.3492892435030416,-1.731928125216886,-1.9894496431673536,0.0022943405872625,0.6668918568121494,11.679121657086682,5.84288321199093,18.47501778028561,3.207758821610716,2355.265,1.7034105975125553,12.63213456829468,0.0053633602029048,3.705407433541544
B0055,68,07478.csv,1.0189349807814327,1.319892156462878,77.1983510768056,0,4,0.0953261246934921,0.1564819179161687,3.353709465020553,2.499842473941914,4.20659875616185,0.3491082910482969,-1.6777504908523246,-1.990447808855782,0.0010294081398047,0.7228751605082481,11.716719550648063,5.307125762559343,18.598567041058164,3.2559678106342336,2396.719,1.7067562822199362,13.29144127849882,0.0055456819420628,3.721577019698342
B0055,69,07482.csv,1.0290879520854015,1.319892156462878,77.9675784151343,0,4,0.0955986501310135,0.1574347424641926,3.366457418651549,2.4984245148092805,4.18778132479275,0.3326603451856837,-1.6531774202404774,-1.9897273979460817,0.0010693248909807,0.7447469153200276,11.332026451776493,4.793714682634252,17.70296113245331,3.1191515829191667,2442.344,1.6893568099834697,12.909246449819058,0.0052855971353007,3.7227533584712553
B0055,70,07486.csv,1.0567629241900045,1.319892156462878,80.0643385155025,0,4,0.0953317195752566,0.1527808323572457,3.319131030823727,2.498165502515704,4.19944321827157,0.3617922912666358,-1.748766373641858,-1.990141425142264,0.0024530517649134,0.6477630453051786,11.967823512320054,5.442704349708029,19.648490501323845,3.5390095799225865,2444.703,1.7012777157558665,14.205786151615817,0.0058108433423674,3.691482383834188
B0055,71,07488.csv,1.0291668536316647,1.319892156462878,77.97355629339327,0,4,0.0953317195752566,0.1527808323572457,3.4032103094968886,2.4838403700559373,4.205593767786481,0.3126772173254731,-1.6200178882302807,-1.989425250782484,0.0020891871811015,0.7736516006312848,11.01544977025214,5.773805005802396,16.178060673787062,2.7323977179285786,2412.25,1.7217533977305437,10.404255667984666,0.0043130917889873,3.735085212636312
B0055,72,07490.csv,1.032129844490102,1.319892156462878,78.1980436383577,0,4,0.0953317195752566,0.1527808323572457,3.343831990901096,2.4989275943849365,4.202887645707948,0.3525505136291551,-1.703990940961131,-1.990115909060455,0.0019185498554081,0.6969935523640988,11.818028778074437,5.4874434269864585,18.88644438182567,3.333017305123752,2403.234,1.7038853789731223,13.39900095483921,0.0055754042073469,3.713097931169452
B0055,73,07492.csv,1.0409230283951276,1.319892156462878,78.86424836288536,0,4,0.0953317195752566,0.1527808323572457,3.3724641292622257,2.497716849078165,4.206513407222774,0.3252558104911141,-1.6883184479362592,-1.99260580638712,0.0025736712210441,0.7127676380732928,11.295282200562326,6.0802173107416,16.020151248713987,2.774207687890118,2361.047,1.7087965581446087,9.939933937972388,0.0042099686867615,3.7200062905124094
B0055,74,07494.csv,1.011161098766987,1.319892156462878,76.60937250182272,0,4,0.0953317195752566,0.1527808323572457,3.3553714698756965,2.497475666164784,4.203597448523021,0.3511827639431877,-1.671488542905288,-1.990141813358955,0.0016074549539084,0.7286332762648419,11.589249198689654,5.04978045716812,18.292174814306744,3.179312883174441,2392.468,1.7061217823582369,13.242394357138624,0.0055350351006319,3.7225437240105
B0055,75,07498.csv,1.0337876112911784,1.319892156462878,78.32364229374474,0,4,0.0970492370316739,0.1578826080591113,3.327985568079429,2.499631738732727,4.19879054583806,0.3555503388511542,-1.738115100941277,-1.989834931537412,0.0031801191906238,0.660169878948989,11.857143843844955,5.684780648332787,19.26049129848449,3.435684961680282,2373.89,1.699158807105333,13.575710650151702,0.0057187614633162,3.699938086505549
B0055,76,07500.csv,1.003994224020383,1.319892156462878,76.06638308321672,0,4,0.0970492370316739,0.1578826080591113,3.380340612404249,2.499611198369732,4.206474987547079,0.3348291006213095,-1.6383784100519558,-1.9899806169770808,0.0025505804709288,0.7582035299400515,11.276289724634314,4.098023303253593,17.24384546974176,2.9778736991374704,2383.234,1.7068637891773468,13.145822166488166,0.0055159594762781,3.731336855494323
B0055,77,07502.csv,1.0334195479955004,1.319892156462878,78.29575643247375,0,4,0.0970492370316739,0.1578826080591113,3.379505906360248,2.4972946109355068,4.203906513751972,0.3212294356626662,-1.672030203070361,-1.9903659110556824,0.0030844110871244,0.728454957650278,11.220787392479364,6.154043751745358,15.900824096276386,2.665499386280637,2342.453,1.706250584704354,9.746780344531029,0.0041609288828979,3.7253336343532992
B0055,78,07504.csv,1.009893656411646,1.319892156462878,76.5133462962623,0,4,0.0970492370316739,0.1578826080591113,3.3419486124359232,2.4950143445404667,4.203458601351602,0.3549037182556344,-1.7040964736723387,-1.9909373483293216,0.0010004868661221,0.6969786182226454,11.759447806620914,5.071936740792496,18.94850032004803,3.3115567897141305,2359.296,1.708444256811135,13.876563579255537,0.0058816543491175,3.7131565865616474
B0055,79,07506.csv,1.0126262447940628,1.319892156462878,76.72037748203279,0,4,0.0970492370316739,0.1578826080591113,3.3994343538904057,2.496127080556164,4.206479388387375,0.3110464560452726,-1.6294399730001763,-1.990502094790344,0.0021262594521734,0.7663220715304874,10.988248985047369,6.25364067071202,14.95747625778177,2.577568117101924,2345.453,1.7103523078312106,8.70383558706975,0.0037109400985949,3.7358505589167623
B0055,80,07510.csv,0.9948742055727694,1.319892156462878,75.37541614300443,0,4,0.0967383381331187,0.1514956779140662,3.3674537565378784,2.498292598142556,4.200091561431062,0.3432245871624267,-1.6515379727772603,-1.989645979871128,0.0030464662893548,0.746829713177772,11.355681286808547,3.8800548728711344,17.70459844093717,3.063551142538143,2360.172,1.701798963288506,13.824543568066034,0.0058574305466152,3.729083700767372
B0055,81,07512.csv,1.0240799556179332,1.319892156462878,77.58815374449385,0,4,0.0967383381331187,0.1514956779140662,3.3529430513041807,2.4995493131113817,4.203624990778383,0.3368474953528003,-1.7174483877318063,-1.9914645709614995,0.0026884006882836,0.6831986623306556,11.443287391092776,6.148340867351155,16.746714545942115,2.944185977245072,2315.407,1.7038888940107886,10.59837367859096,0.0045773264391923,3.7120349949505176
B0055,82,07514.csv,1.0208889510043029,1.319892156462878,77.34639121882041,0,4,0.0967383381331187,0.1514956779140662,3.313138824967226,2.4954991257797223,4.203121026339225,0.3630408882719936,-1.7693261826528028,-1.9904890532016013,0.0017931896221138,0.6231568659745707,11.785825239943042,5.787016143586005,19.20127329879016,3.40783309865208,2322.156,1.707621900559503,13.414257155204156,0.0057766391040068,3.677655612687191
B0055,83,07516.csv,1.016100815944114,1.319892156462878,76.98362407631232,0,4,0.0967383381331187,0.1514956779140662,3.331207681083792,2.495394779769103,4.206360725269558,0.3558829827025728,-1.7382171562180335,-1.9905162279081985,0.0015693472491334,0.6604692736115172,11.72640480534808,5.641238888974559,18.921215014535083,3.3758447252659587,2327.1570000000065,1.710965945500455,13.279976125560523,0.0057065235072496,3.7016607027637822
B0055,84,07518.csv,0.9987875345106276,1.319892156462878,75.671904679488,0,4,0.0967383381331187,0.1514956779140662,3.361184494584018,2.4987692806726884,4.206662505631524,0.344224364707545,-1.675984130985824,-1.9908925129030703,0.0017426438602133,0.7248587592005278,11.472788708066494,4.756256149278372,17.83845317353606,3.107067042619845,2335.0,1.7078932249588354,13.082197024257688,0.0056026539718448,3.723095171362482
B0055,85,07522.csv,1.0158868294923784,1.319892156462878,76.96741165693489,0,4,0.0957668537291583,0.1571078100358343,3.317225424194071,2.4984561833393784,4.198906004577256,0.3608407856563033,-1.7579493131782606,-1.9908017427512696,0.0035235815041069,0.6373195532443829,11.802235485150677,5.698404620370843,19.413252469388496,3.4367427003978843,2329.375,1.7004498212378776,13.714847849017652,0.0058877801337344,3.688329068505389
B0055,86,07524.csv,0.9963437517762594,1.319892156462878,75.48675449714906,0,4,0.0957668537291583,0.1571078100358343,3.367194898395345,2.495225392424711,4.2063268655944,0.3424771985413338,-1.6637548048231787,-1.9912354426427308,0.002721909037869,0.7362174226059778,11.363194027921852,4.512189814493232,17.555469742468727,3.024519221543182,2333.875,1.7111014731696894,13.043279927975494,0.005588679739907,3.726157634117746
B0055,87,07526.csv,1.0053777381419529,1.319892156462878,76.17120332287004,0,4,0.0957668537291583,0.1571078100358343,3.394889434849019,2.48261274521935,4.207127040760322,0.3166712880961802,-1.6389209925149488,-1.990118242201512,0.0025048898448595,0.7580722131182812,10.949818258159802,6.211606004685817,15.18160164516741,2.4884983214487737,2317.453,1.7245142955409722,8.969995640481592,0.0038706267788307,3.7334108936907255
B0055,88,07528.csv,1.009132291002791,1.319892156462878,76.4556623858665,0,4,0.0957668537291583,0.1571078100358343,3.310050856120256,2.497894652809196,4.202430409703646,0.36349321928142,-1.7742280928785612,-1.990653705320796,0.0002211101454508,0.6170740478740678,11.706437723845246,5.940874439372288,19.119001932657707,3.400414789330279,2295.109,1.704268414400928,13.17812749328542,0.0057418307772247,3.614742101378436
B0055,89,07530.csv,0.9984581240784204,1.319892156462878,75.64694730470595,0,4,0.0957668537291583,0.1571078100358343,3.3458687278652697,2.498867447840723,4.206373386837717,0.3543822152723945,-1.6962395390509193,-1.9910685168887925,0.0025384475979368,0.7051851073640546,11.583533228310795,5.136537248585617,18.259385299695204,3.223322864788562,2326.657,1.7075059389969938,13.122848051109589,0.0056402160056723,3.717436767117216
B0055,90,07534.csv,1.0892389324114138,1.319892156462878,82.52484319100873,0,4,0.094272851252728,0.1543495432705305,3.2453384054657453,2.49494387511604,4.181574605333568,0.3758158280897178,-1.867980838781304,-1.9898551893530096,0.0019286316389317,0.4730453124133189,11.961499960858754,5.168854919273502,20.334330441428275,3.8336639797834144,2479.297,1.6866307302175274,15.165475522154772,0.0061168450258903,3.0663433536770244
B0055,91,07538.csv,1.0793936031703524,1.319892156462878,81.77892397383228,0,4,0.0974710990124724,0.1576091210071961,3.3032859676964024,2.499224528115884,4.194441045655941,0.3649485363730268,-1.7868262879672985,-1.989802834953792,0.0016730136650589,0.6002431731582906,11.522596039987194,5.778759295022704,18.82433959610769,3.2964546221900477,2463.578,1.6952165175400569,13.045580301084987,0.0052953794444848,3.551759340702226
B0055,92,07540.csv,1.032614295314224,1.319892156462878,78.23474745705607,0,4,0.0974710990124724,0.1576091210071961,3.3954172971180325,2.492495487385769,4.204880578247997,0.3269620881294849,-1.61471261152207,-1.990332615385347,0.0021399166713433,0.7778464699912226,10.721858182752005,4.90935771345217,16.215064274032724,2.786057931906893,2458.812,1.7123850908622282,11.305706560580552,0.0045980361900708,3.733247224948681
B0055,93,07542.csv,1.0498572649026638,1.319892156462878,79.54113976373122,0,4,0.0974710990124724,0.1576091210071961,3.319390417324327,2.495661665849974,4.202840264863921,0.362891483767488,-1.7601408237271083,-1.9905492967668528,0.0021684043207868,0.6343326702797605,11.411543894379705,5.843736618132186,18.624861324787787,3.1927278819974045,2400.672,1.7070696114414168,12.7811247066556,0.0053239779139572,3.6873683943757833
B0055,94,07544.csv,1.0453902697248565,1.319892156462878,79.20270338800654,0,4,0.0974710990124724,0.1576091210071961,3.384442477808506,2.498900329146198,4.205754690488186,0.3197783748396798,-1.6551157920024593,-1.98999253160494,0.0014848417196671,0.7440155770139286,10.810513729948518,6.247749132704212,15.137573162785118,2.648521336092741,2396.407,1.7068543613419882,8.889824030080906,0.0037096469965581,3.726752311124044
B0055,95,07546.csv,1.0001607736713514,1.319892156462878,75.77594644941591,0,4,0.0974710990124724,0.1576091210071961,3.396001919549735,2.489889091081545,4.207084563921945,0.3278057847821254,-1.6115078715312523,-1.9901197988107224,0.0018180403797146,0.7804502396909582,10.714176302518482,4.553234100913507,16.113386903826303,2.751786655197028,2392.375,1.7171954728403995,11.560152802912796,0.0048320822625687,3.737360038344109
B0055,96,07550.csv,1.0084094786878155,1.319892156462878,76.40089940303974,0,4,0.0977872215415929,0.1508852414965815,3.4091500642055776,2.498768290819146,4.198111672339926,0.3066018366807443,-1.5964976013167924,-1.9897475031713527,0.0030381689253116,0.792136933995235,10.478734086554464,5.225750777207206,14.51027225857862,2.567693378496177,2373.687,1.6993433815207797,9.284521481371414,0.0039114346084262,3.740725692433408
B0055,97,07552.csv,1.003655158082039,1.319892156462878,76.04069417093068,0,4,0.0977872215415929,0.1508852414965815,3.318069571504016,2.4975933279193185,4.203133911551857,0.3736357180453923,-1.724633006126093,-1.9897262444197568,0.0058359026979377,0.6749614404698484,11.577446477629389,5.149777395390148,18.79688115527297,3.362807516268668,2385.922,1.7055405836325388,13.647103759882825,0.0057198448901023,3.70521816217158
B0055,98,07554.csv,1.028526967659532,1.319892156462878,77.92507612257027,0,4,0.0977872215415929,0.1508852414965815,3.3705488423522825,2.495932540383024,4.206432255358412,0.3303297819231021,-1.6761541599227183,-1.9919373010273944,0.0019369491435675,0.7242905135197432,10.889278314878904,6.180586109765796,15.51511607516065,2.661228807522532,2345.0,1.7104997149753882,9.334529965394854,0.0039806097933453,3.724005094852118
B0055,99,07556.csv,0.9816844358987022,1.319892156462878,74.376109524696,0,4,0.0977872215415929,0.1508852414965815,3.358032061134384,2.493973960448579,4.203481073295822,0.3554632991444755,-1.6566423606087437,-1.9911024104896389,0.0015022496896493,0.742157214305738,11.125862267460422,4.230529685833689,17.410882869971065,3.0187361157200217,2363.047000000006,1.709507112847243,13.180353184137376,0.0055776940467698,3.726230406944005
B0055,100,07558.csv,1.0127121434171131,1.319892156462878,76.72688548517756,0,4,0.0977872215415929,0.1508852414965815,3.330593214259216,2.4945849403498523,4.20306302939134,0.3554438723858668,-1.7366403960823258,-1.9901681479381788,0.0025435201299524,0.6620429328208168,11.180258248103398,6.030631603343591,17.541633082707207,3.0218772669705647,2316.687,1.708478089041488,11.511001479363618,0.0049687340065203,3.704151351428068
B0055,101,07562.csv,1.0201379996149256,1.319892156462878,77.2894963137556,0,4,0.0968087979207628,0.1548973820370723,3.345081227582777,2.4970956728658367,4.197674431245264,0.3442621026858704,-1.7132159087232544,-1.9909302972480336,0.0033791207132014,0.6875542798935121,11.102809730123198,6.114851213625412,16.68412644043965,2.8608195542025467,2322.0,1.700578758379427,10.569275226814236,0.0045517981166297,3.7130712321460857
B0055,102,07564.csv,0.9907591663373164,1.319892156462878,75.0636452748086,0,4,0.0968087979207628,0.1548973820370723,3.3411218242164646,2.496842059818817,4.20280430699626,0.3631122934036059,-1.6853564371512757,-1.9899104414591309,0.0015846798064991,0.7155126870314747,11.41292758502581,4.948656251290236,18.127312484256297,3.175031699589161,2357.687,1.7059602917115986,13.17865623296606,0.0055896547052115,3.7191737550567527
