battery_id,test_id,type,ambient_temperature,Capacity,Re,Rct,cycle,timestamp
1,test_1_0,0,38.68450123265755,1.1055684455957706,0.05977208820434581,0.17591381510278348,0,2025-12-21 23:34:59.297088
1,test_1_1,-1,19.748301928218524,0.9588323313091958,0.052286050147832296,0.13693040325554826,1,2025-12-22 23:34:59.299159
1,test_1_2,1,31.034412250381315,1.1336897558385464,0.06145408091275926,0.13388629804141342,2,2025-12-23 23:34:59.299297
1,test_1_3,-1,10.752518137865433,0.9152892659671499,0.04224671153592728,0.1300540905218379,3,2025-12-24 23:34:59.299426
1,test_1_4,-1,34.47439821046639,1.0927912012377383,0.05249202970225695,0.159080807022346,4,2025-12-25 23:34:59.299509
1,test_1_5,1,40.80850586039026,1.1032818711533026,0.05415898813357572,0.18660591131763704,5,2025-12-26 23:34:59.299580
1,test_1_6,0,17.955465496234098,0.9005843843797029,0.04182589032417873,0.1465301737233536,6,2025-12-27 23:34:59.299659
1,test_1_7,1,33.817610389486106,1.2243067849809963,0.061905523781975086,0.1681112541537696,7,2025-12-28 23:34:59.299720
1,test_1_8,-1,17.801557916052914,0.9079965312068643,0.04598049286015762,0.1279235687231041,8,2025-12-29 23:34:59.299779
1,test_1_9,-1,32.21502462358646,1.0778086876087891,0.0553377782755099,0.14780765523449937,9,2025-12-30 23:34:59.299837
1,test_1_10,-1,32.54997797244736,1.0855764572621298,0.059963986639051815,0.17448133742177338,10,2025-12-31 23:34:59.299892
1,test_1_11,1,23.880121794930584,0.9777946978604437,0.05382301292158342,0.14303510862860072,11,2026-01-01 23:34:59.299947
1,test_1_12,1,38.56240028570823,1.045908617310602,0.05178208590026785,0.18405356502415018,12,2026-01-02 23:34:59.300001
1,test_1_13,0,32.84208187653938,0.9405133934607997,0.06153246039299529,0.15630489791550192,13,2026-01-03 23:34:59.300053
1,test_1_14,-1,24.39135912525254,1.134038743399445,0.04695262836809513,0.14970215119349356,14,2026-01-04 23:34:59.300105
1,test_1_15,0,14.749091111891353,0.8776735855047656,0.04613693648525634,0.16268772219049818,15,2026-01-05 23:34:59.300158
1,test_1_16,-1,26.903369849651675,1.0020194788351782,0.04785859594600169,0.14376241402591408,16,2026-01-06 23:34:59.300213
1,test_1_17,0,36.58186652932028,1.0665433289876582,0.0559053025969229,0.17920782930485146,17,2026-01-07 23:34:59.300266
1,test_1_18,0,22.90307563163002,0.871682453920605,0.0501500510857254,0.16207606038562544,18,2026-01-08 23:34:59.300318
1,test_1_19,1,29.609556154202934,0.9897306154803777,0.050413447479044415,0.1607515717728772,19,2026-01-09 23:34:59.300395
1,test_1_20,-1,28.45517943888766,1.0596013936721778,0.05293989364412348,0.13451985951926992,20,2026-01-10 23:34:59.300475
1,test_1_21,-1,19.862125084917537,0.8573063448740416,0.054391646390096575,0.14252777078633022,21,2026-01-11 23:34:59.300531
1,test_1_22,1,16.775106312199377,0.8474899063237595,0.04787207309987229,0.1365399488413351,22,2026-01-12 23:34:59.300586
1,test_1_23,0,49.63242112485286,1.0701771005852594,0.06592275677719925,0.19712872197452203,23,2026-01-13 23:34:59.300638
1,test_1_24,-1,35.657937085493046,1.0497313036297278,0.057487898342808694,0.19058604521640246,24,2026-01-14 23:34:59.300696
1,test_1_25,1,13.502074225056415,0.856389385724197,0.04712963162523258,0.14682197861880342,25,2026-01-15 23:34:59.300762
1,test_1_26,0,39.013215646936246,1.0062696538401608,0.05709761218702857,0.1792056548751107,26,2026-01-16 23:34:59.300827
1,test_1_27,-1,19.33702270397228,0.9207796996423334,0.06085201131641021,0.1405397264247123,27,2026-01-17 23:34:59.300926
1,test_1_28,1,15.485282493519602,0.8360062145482187,0.05245588074710573,0.1505600985229139,28,2026-01-18 23:34:59.300999
1,test_1_29,1,15.853090687387226,0.886015234701147,0.04333821599832133,0.14981932132738818,29,2026-01-19 23:34:59.301056
1,test_1_30,0,12.691356835660448,0.7906487824652715,0.04589507877852238,0.14732463043283098,30,2026-01-20 23:34:59.301106
1,test_1_31,1,30.015963653461725,0.9865908320187174,0.05877511959959721,0.1688925687830671,31,2026-01-21 23:34:59.301168
1,test_1_32,0,29.71707291526979,0.9495453508615812,0.05233492750291052,0.17664497157265588,32,2026-01-22 23:34:59.301218
1,test_1_33,1,33.47401432576639,1.0475882959417748,0.06554809080143557,0.17694080090038136,33,2026-01-23 23:34:59.301271
1,test_1_34,1,5.654298044989503,0.7752809231712516,0.04327198426697307,0.12884871021279484,34,2026-01-24 23:34:59.301320
1,test_1_35,-1,32.87084603742452,0.939938957348886,0.062444309010995895,0.16371163624435484,35,2026-01-25 23:34:59.301375
1,test_1_36,-1,34.58413836213298,0.9926361657996436,0.0538872935874766,0.18685673630052366,36,2026-01-26 23:34:59.301430
1,test_1_37,0,32.20387242038197,1.0277481936938582,0.0752291351457836,0.15971806563682486,37,2026-01-27 23:34:59.301481
1,test_1_38,0,33.27183249036024,0.99734047885263,0.06139636534325329,0.17893750978450373,38,2026-01-28 23:34:59.301531
1,test_1_39,-1,28.9433995146483,1.0270060786589614,0.05032311599570264,0.17808638561898685,39,2026-01-29 23:34:59.301580
1,test_1_40,0,26.905987051145228,1.0804577527294663,0.05615756045575661,0.16614962211987616,40,2026-01-30 23:34:59.301629
1,test_1_41,1,24.27171087343127,0.9012936288222347,0.05853530552764272,0.16699409607494936,41,2026-01-31 23:34:59.301679
1,test_1_42,0,7.509305658283864,0.7175251062236437,0.04335189839669452,0.13424573397229597,42,2026-02-01 23:34:59.301727
1,test_1_43,0,42.629374723032285,1.1182284071733317,0.06601394515473322,0.20049395969376416,43,2026-02-02 23:34:59.301776
1,test_1_44,-1,30.607845263682343,0.9674400251521047,0.05288272952412977,0.17747562913942644,44,2026-02-03 23:34:59.301824
1,test_1_45,0,29.677170774981168,0.9757128497311596,0.05472538858030484,0.1536490786346494,45,2026-02-04 23:34:59.301873
1,test_1_46,-1,33.71913988812393,1.0050355872088386,0.06233810779689749,0.17978981694372603,46,2026-02-05 23:34:59.301946
1,test_1_47,0,18.128248246674897,0.7897960512328018,0.05462827496261129,0.15255099021545263,47,2026-02-06 23:34:59.301997
1,test_1_48,1,22.63181393259991,0.8684346878004688,0.058687103879410514,0.1543180377123897,48,2026-02-07 23:34:59.302044
1,test_1_49,-1,26.40907368071322,0.8551653640095274,0.0633342973322409,0.1699786018405143,49,2026-02-08 23:34:59.302089
1,test_1_50,-1,26.28551000071081,0.8676722228820989,0.05561066861216853,0.1843914558269877,50,2026-02-09 23:34:59.302134
1,test_1_51,1,12.087838868638173,0.8359231040741091,0.04872943110975488,0.14198026184669782,51,2026-02-10 23:34:59.302186
1,test_1_52,0,29.420740168667315,1.0082242188717445,0.06368196488364798,0.1746506798827205,52,2026-02-11 23:34:59.302231
1,test_1_53,0,20.660584009899484,0.8514126914087865,0.05217576757220276,0.1754071004974381,53,2026-02-12 23:34:59.302277
1,test_1_54,-1,21.654987641590516,0.8879407776129288,0.0593790629276187,0.15054999609127773,54,2026-02-13 23:34:59.302324
1,test_1_55,-1,30.778971350988346,0.8610471041758939,0.05872975084065881,0.17975090458873394,55,2026-02-14 23:34:59.302370
1,test_1_56,0,43.43715797751846,1.0758103012352058,0.07772459335441335,0.18375848982311996,56,2026-02-15 23:34:59.302414
1,test_1_57,0,32.74634053429337,1.024501292295331,0.05814170604580456,0.18660394157569796,57,2026-02-16 23:34:59.302462
1,test_1_58,-1,4.062059959649371,0.727751188653922,0.04793616668426365,0.12987245186638272,58,2026-02-17 23:34:59.302509
1,test_1_59,1,26.307405772860914,0.9777919268682785,0.05127416111115858,0.16716476679512152,59,2026-02-18 23:34:59.302555
1,test_1_60,1,40.44474838707792,1.2016997285304554,0.06732224510203583,0.2071808059478061,60,2026-02-19 23:34:59.302601
1,test_1_61,-1,43.089568290201626,1.1079482756163923,0.07166066570468427,0.20967611319844245,61,2026-02-20 23:34:59.302646
1,test_1_62,-1,30.883172064845766,1.0421903247466588,0.051244761335376046,0.1788122036665143,62,2026-02-21 23:34:59.302691
1,test_1_63,0,18.00621951603518,0.7611726370922794,0.05696263967819707,0.15057046374665747,63,2026-02-22 23:34:59.302734
1,test_1_64,0,20.354702513550322,0.8099071540053461,0.056696994464488275,0.17154552825629577,64,2026-02-23 23:34:59.302778
1,test_1_65,0,24.59914862626997,0.8065528934075248,0.05421119404352957,0.1901291770609053,65,2026-02-24 23:34:59.302826
1,test_1_66,-1,31.29628841923612,0.9723100460830477,0.06401237760271403,0.1911623389217377,66,2026-02-25 23:34:59.302872
1,test_1_67,1,41.88017032368914,0.8846953521461504,0.07686463243073363,0.22294157624150124,67,2026-02-26 23:34:59.302941
1,test_1_68,0,36.61937317746775,0.8666193911773235,0.05898471963823668,0.1849269522300219,68,2026-02-27 23:34:59.302993
1,test_1_69,1,33.57864658788466,0.8546361360399711,0.06611820177837853,0.1999378965760259,69,2026-02-28 23:34:59.303037
1,test_1_70,-1,21.89733243406544,0.8983507167748206,0.05747518133142443,0.17426582678533886,70,2026-03-01 23:34:59.303080
1,test_1_71,1,27.67636014163125,0.8617666863394324,0.06598211150809613,0.17905827371821073,71,2026-03-02 23:34:59.303122
1,test_1_72,1,16.952633149245038,0.7496270509595201,0.054621961964230886,0.16156379703604506,72,2026-03-03 23:34:59.303164
1,test_1_73,1,41.7529324966822,0.9793138013005153,0.0710463028516281,0.20695431128074865,73,2026-03-04 23:34:59.303207
1,test_1_74,0,27.03822727527467,0.9026703977569153,0.06788220213788418,0.17347424245365223,74,2026-03-05 23:34:59.303249
1,test_1_75,0,27.374852516219395,0.7912460090042829,0.061694634565455195,0.1896780559684218,75,2026-03-06 23:34:59.303292
1,test_1_76,1,39.753562169495524,0.9341832616363088,0.06762744625200397,0.20438650886239887,76,2026-03-07 23:34:59.303338
1,test_1_77,0,20.77822825049003,0.7743098119479899,0.05198046760134184,0.15273209194403428,77,2026-03-08 23:34:59.303383
1,test_1_78,-1,32.708631014640396,0.874524613412213,0.06464906888620482,0.20288996950526897,78,2026-03-09 23:34:59.303426
1,test_1_79,-1,24.5475037626068,0.8133943702968435,0.05305377113016134,0.1667594943268957,79,2026-03-10 23:34:59.303469
1,test_1_80,-1,17.269902161445337,0.7873481980980526,0.05590566734028051,0.1635876628482096,80,2026-03-11 23:34:59.303511
1,test_1_81,-1,43.5996700648693,1.1313455502612908,0.07434898056711382,0.20437725482190885,81,2026-03-12 23:34:59.303553
1,test_1_82,0,27.094968626323585,0.8099153821202681,0.0698519721667334,0.18442718791430765,82,2026-03-13 23:34:59.303596
1,test_1_83,0,19.00607354555978,0.8889913317188983,0.05347024213857898,0.15878134691493226,83,2026-03-14 23:34:59.303638
1,test_1_84,1,11.621551761916217,0.664030419982201,0.05046617491838349,0.1469527927777135,84,2026-03-15 23:34:59.303683
1,test_1_85,-1,19.23096344337597,0.8003267918765236,0.06649414034235483,0.17664985389145332,85,2026-03-16 23:34:59.303725
1,test_1_86,0,26.510799621527283,0.8365745784861378,0.06553563177842173,0.1889037059643639,86,2026-03-17 23:34:59.303767
1,test_1_87,0,38.538723741654124,1.0073853603257155,0.06710307764056404,0.18335036482757813,87,2026-03-18 23:34:59.303810
1,test_1_88,-1,20.156243080306965,0.7985979470205748,0.06446028394078442,0.17236049902916747,88,2026-03-19 23:34:59.303850
1,test_1_89,0,9.008765274625175,0.7562080689343892,0.05315471376219855,0.14797814580167998,89,2026-03-20 23:34:59.303914
1,test_1_90,0,22.420978354564568,0.7598275031242238,0.05568668865070631,0.17821901137920232,90,2026-03-21 23:34:59.303970
1,test_1_91,0,45.47398921130238,0.9384924758245488,0.07283178159384589,0.21969341196518702,91,2026-03-22 23:34:59.304013
1,test_1_92,1,50.392577912108926,0.9937680796262824,0.083473074195521,0.21897377577776483,92,2026-03-23 23:34:59.304053
1,test_1_93,0,31.86051459998439,0.9069424623743286,0.07381924337124822,0.18267043125643725,93,2026-03-24 23:34:59.304095
1,test_1_94,1,37.739933905888186,0.9296865972452397,0.07059355798412037,0.2221279261080835,94,2026-03-25 23:34:59.304135
1,test_1_95,1,3.2913417186959,0.6708027039542621,0.048395488247722836,0.1434699360852542,95,2026-03-26 23:34:59.304175
1,test_1_96,-1,24.444523011033812,0.8870024766645938,0.055421498377539,0.163631112680278,96,2026-03-27 23:34:59.304214
1,test_1_97,1,10.588042395040013,0.691759082987391,0.055442867890256285,0.165300184595539,97,2026-03-28 23:34:59.304254
1,test_1_98,1,14.407864781110485,0.7375333978240718,0.052031209027901995,0.15833969498476697,98,2026-03-29 23:34:59.304297
1,test_1_99,1,28.529599755389018,0.8352668684256667,0.0708087859262669,0.18979695344563685,99,2026-03-30 23:34:59.304337
1,test_1_100,0,23.08467176086707,0.7472645701971946,0.05920662214321554,0.16532548869802205,100,2026-03-31 23:34:59.304381
1,test_1_101,1,22.263902564960315,0.7605306031474593,0.057576426091476646,0.1721291951099523,101,2026-04-01 23:34:59.304452
1,test_1_102,-1,22.79030400466777,0.7468225324377572,0.06306589819746096,0.17839821701686867,102,2026-04-02 23:34:59.304499
1,test_1_103,0,28.156359766812386,0.831219376368535,0.061560076782343015,0.18993055476603798,103,2026-04-03 23:34:59.304540
1,test_1_104,0,27.52479788343585,0.8542091564535446,0.061291880893044555,0.2071183623583689,104,2026-04-04 23:34:59.304584
1,test_1_105,-1,36.195749114345766,0.9135742738306355,0.0726909298633182,0.23943589596782514,105,2026-04-05 23:34:59.304626
1,test_1_106,1,22.73250572701774,0.7553540262878566,0.06690443418054932,0.1721616261128893,106,2026-04-06 23:34:59.304665
1,test_1_107,0,18.456266538869844,0.728464059235474,0.05966247399923632,0.1631603819053118,107,2026-04-07 23:34:59.304705
1,test_1_108,0,3.8930047884982173,0.5592068794952474,0.05147293124074951,0.143607736006903,108,2026-04-08 23:34:59.304745
1,test_1_109,0,16.387157986717362,0.7169046454194358,0.06556281583043505,0.17055488994415036,109,2026-04-09 23:34:59.304788
1,test_1_110,-1,35.67456172234752,0.9818146207025261,0.07905284916816968,0.18383988790700026,110,2026-04-10 23:34:59.304825
1,test_1_111,-1,34.412845780604755,0.9307834485124732,0.06352183415536371,0.1831301686830762,111,2026-04-11 23:34:59.304863
1,test_1_112,0,2.220495821894424,0.6206800259111283,0.049240101027444964,0.1426878126214401,112,2026-04-12 23:34:59.304899
1,test_1_113,-1,16.69049883588962,0.6852525996658153,0.055517191617045804,0.17206296906133933,113,2026-04-13 23:34:59.304936
1,test_1_114,-1,27.73577403138628,0.8162487345718746,0.06634209438897304,0.19506774674533073,114,2026-04-14 23:34:59.304972
1,test_1_115,1,33.31818176105263,0.9345525301661202,0.07014581542807644,0.20958739393001197,115,2026-04-15 23:34:59.305009
1,test_1_116,0,30.70598668593159,0.7268157258685475,0.07185888625809797,0.19188982933496432,116,2026-04-16 23:34:59.305046
1,test_1_117,-1,42.08995663188834,0.8472562518980592,0.08030948978113797,0.22322667307136668,117,2026-04-17 23:34:59.305083
1,test_1_118,-1,27.677426657032612,0.7093888292493988,0.07137621043238238,0.1821747796248139,118,2026-04-18 23:34:59.305120
1,test_1_119,1,21.154444557701748,0.7043695504282299,0.06336086363815116,0.17359781419776282,119,2026-04-19 23:34:59.305157
1,test_1_120,1,27.609064338316735,0.7112317714327402,0.06868423590890128,0.18843936627029198,120,2026-04-20 23:34:59.305196
1,test_1_121,1,49.33848078402416,1.0152245234070483,0.08676245111889846,0.22700382033299202,121,2026-04-21 23:34:59.305233
1,test_1_122,0,31.438026017043185,0.7967420246638549,0.07115413822442938,0.2071781460249875,122,2026-04-22 23:34:59.305270
1,test_1_123,0,23.443227646079205,0.7637167871447628,0.062180960472645104,0.18834790731297524,123,2026-04-23 23:34:59.305311
1,test_1_124,-1,29.75493641449174,0.8190359009258036,0.07311637399565815,0.20526805315584845,124,2026-04-24 23:34:59.305348
1,test_1_125,-1,28.607784246734283,0.8086210752751002,0.0742059393175867,0.175135858620013,125,2026-04-25 23:34:59.305385
1,test_1_126,1,21.016266098230513,0.8034453091659078,0.06788681105945484,0.20083832634364635,126,2026-04-26 23:34:59.305460
1,test_1_127,-1,9.204792426874063,0.6607872764913141,0.06547156611686486,0.1783093833311218,127,2026-04-27 23:34:59.305507
1,test_1_128,1,25.956204458893925,0.7424415060641285,0.07163613016522508,0.2029516231686398,128,2026-04-28 23:34:59.305547
1,test_1_129,0,16.19136355511739,0.5753643157539392,0.06760571482070446,0.18656059662180233,129,2026-04-29 23:34:59.305613
1,test_1_130,1,47.70692857804396,0.932997067335945,0.0797948721157488,0.24429842240765534,130,2026-04-30 23:34:59.305654
1,test_1_131,0,28.87844881530466,0.8132176750790387,0.07508990471235456,0.19541978917279318,131,2026-05-01 23:34:59.305689
1,test_1_132,-1,27.605289870740158,0.7560837443875008,0.07856808856871525,0.1942916380860489,132,2026-05-02 23:34:59.305732
1,test_1_133,1,28.773004930448522,0.7513230448666561,0.06496831573287168,0.1964496323858997,133,2026-05-03 23:34:59.305768
1,test_1_134,0,23.648996920850628,0.7953465668405846,0.06438192132349414,0.1917258983916655,134,2026-05-04 23:34:59.305806
1,test_1_135,1,39.96044311489183,0.7988177811408759,0.07074652377354755,0.20304393044065955,135,2026-05-05 23:34:59.305841
1,test_1_136,1,20.601357123845823,0.7382942681853689,0.05773262191033296,0.1836009726584633,136,2026-05-06 23:34:59.305877
1,test_1_137,1,27.238840242791312,0.7515321578674985,0.07325939321877313,0.20435078346822336,137,2026-05-07 23:34:59.305913
1,test_1_138,-1,43.86828112124237,0.8797961838531173,0.07424408543334433,0.21631683707297902,138,2026-05-08 23:34:59.305947
1,test_1_139,-1,21.107118082725073,0.6672591793672548,0.06325052348839041,0.19212973720070628,139,2026-05-09 23:34:59.305980
1,test_1_140,-1,40.29550319460614,0.8375877679676288,0.08519416500829417,0.20652651199301036,140,2026-05-10 23:34:59.306013
1,test_1_141,1,38.18838621090771,0.7718150555997577,0.08133322149565801,0.22766119749832991,141,2026-05-11 23:34:59.306046
1,test_1_142,0,31.281400134806695,0.8102353681325717,0.06066597974632819,0.2066235093093973,142,2026-05-12 23:34:59.306079
1,test_1_143,1,25.826559594450316,0.7660696335858695,0.06919054359895253,0.19419666717794096,143,2026-05-13 23:34:59.306116
1,test_1_144,-1,24.457051334821877,0.6996826640213706,0.06721680550070458,0.16947437251591965,144,2026-05-14 23:34:59.306149
1,test_1_145,-1,30.166693086481228,0.8075106562366052,0.06294691540732628,0.1972143110064466,145,2026-05-15 23:34:59.306182
1,test_1_146,-1,25.592184340144883,0.702533472373448,0.064054987304899,0.22508498499114768,146,2026-05-16 23:34:59.306215
1,test_1_147,0,36.288887430469075,0.7141777840419837,0.06653499268659338,0.21443546973309313,147,2026-05-17 23:34:59.306248
1,test_1_148,-1,-1.5935135704937267,0.6139653037764653,0.046934758165945924,0.15604019258642757,148,2026-05-18 23:34:59.306281
1,test_1_149,-1,21.285591340042085,0.7396902847300177,0.057037959005067106,0.18832140815934675,149,2026-05-19 23:34:59.306319
1,test_1_150,0,22.056333389816942,0.6885506285899572,0.06679141352812369,0.1984608481659542,150,2026-05-20 23:34:59.306353
1,test_1_151,-1,17.27332857726529,0.6310380419086493,0.06414885349987763,0.18872129870986373,151,2026-05-21 23:34:59.306384
2,test_2_0,-1,29.89374561227918,1.0867868990734117,0.046525349342481925,0.15183872888045521,0,2026-03-26 23:34:59.306446
2,test_2_1,-1,29.203245871845205,1.1259887335356393,0.054764764153841856,0.1702423094671018,1,2026-03-27 23:34:59.306623
2,test_2_2,0,22.428777287527815,0.9505962177377668,0.04424640052304613,0.14197323707719564,2,2026-03-28 23:34:59.306682
2,test_2_3,0,16.836945909451543,0.8271951789347727,0.05498835057495953,0.12877061245931737,3,2026-03-29 23:34:59.306717
2,test_2_4,0,35.156869450634844,1.0602387387280237,0.056091193392911964,0.1638621618826795,4,2026-03-30 23:34:59.306893
2,test_2_5,0,27.57473234582658,1.0474624092267708,0.05123551317749138,0.1547192556900458,5,2026-03-31 23:34:59.307150
2,test_2_6,1,38.460442074647176,1.153906523482327,0.058943235082951476,0.1723532272683426,6,2026-04-01 23:34:59.307539
2,test_2_7,-1,41.20768023467274,1.2181230192076005,0.061467631515455645,0.17221667369824648,7,2026-04-02 23:34:59.307635
2,test_2_8,-1,28.47581705361671,1.0000296258692165,0.053690601562488297,0.1626659330548382,8,2026-04-03 23:34:59.307680
2,test_2_9,0,38.12091949749643,1.1400132177322189,0.06664521416643703,0.17997675066787705,9,2026-04-04 23:34:59.307719
2,test_2_10,0,32.1759157979305,0.9280242209186038,0.06030584098068491,0.1916601933237235,10,2026-04-05 23:34:59.307765
2,test_2_11,1,18.53790638177001,0.8549709987144006,0.051848686141917136,0.14536442344809813,11,2026-04-06 23:34:59.307801
2,test_2_12,1,35.1437006501813,1.0459725951928156,0.06512134090451727,0.19515377659306396,12,2026-04-07 23:34:59.307836
2,test_2_13,0,20.044926635305163,0.9417886362339617,0.05307982967160116,0.16674918037975664,13,2026-04-08 23:34:59.307869
2,test_2_14,-1,30.810220098659855,0.9617251050216027,0.059153280275744555,0.1565325204162771,14,2026-04-09 23:34:59.307901
2,test_2_15,1,29.323087311907702,0.9491338857792276,0.06395121963349235,0.1726158667639222,15,2026-04-10 23:34:59.307985
2,test_2_16,1,23.76106021259441,0.89813770473033,0.0576663475438927,0.14467233087000628,16,2026-04-11 23:34:59.308017
2,test_2_17,-1,18.412311742186432,0.8789207932674798,0.04518261261773059,0.15399852454253257,17,2026-04-12 23:34:59.308063
2,test_2_18,-1,21.491346930264605,0.8915727251915524,0.04927972086486175,0.13952253151962843,18,2026-04-13 23:34:59.308100
2,test_2_19,1,48.02911897723113,1.2090673365417006,0.06538415870623807,0.19342608532935834,19,2026-04-14 23:34:59.308136
2,test_2_20,0,34.2948250734477,1.0052104343330244,0.06522771928826124,0.17122788562104493,20,2026-04-15 23:34:59.308191
2,test_2_21,-1,35.101414604286184,0.9623792929530007,0.0595361606980849,0.19274180205625566,21,2026-04-16 23:34:59.308233
2,test_2_22,-1,31.10585745283823,0.9476267191727474,0.054159163410482505,0.18366947705965544,22,2026-04-17 23:34:59.308266
2,test_2_23,0,25.113484789762193,0.9202306653906852,0.06279262146514478,0.17076642980211412,23,2026-04-18 23:34:59.308298
2,test_2_24,0,26.33847654246,0.8080290487256345,0.058909604962213674,0.18163653053604503,24,2026-04-19 23:34:59.308332
2,test_2_25,1,23.459632840332677,0.8726451312787029,0.05497550975586044,0.1673833712991309,25,2026-04-20 23:34:59.308364
2,test_2_26,0,25.29756139495745,0.8637426766728941,0.06271637656861512,0.17360525092270254,26,2026-04-21 23:34:59.308400
2,test_2_27,-1,39.14040461002768,1.1042491039606428,0.06982427664153106,0.18370158569410314,27,2026-04-22 23:34:59.308432
2,test_2_28,1,16.053926977804963,0.7864676113952626,0.05229301535325942,0.17037916553829893,28,2026-04-23 23:34:59.308465
2,test_2_29,0,35.435459092865536,0.9585764065781992,0.05579974166026125,0.18656165589554854,29,2026-04-24 23:34:59.308531
2,test_2_30,1,34.95857528718494,0.7804228722376068,0.07056484867744499,0.19147609071863758,30,2026-04-25 23:34:59.308787
2,test_2_31,-1,39.0934744018558,0.9594762662644113,0.07553512248691686,0.19626370642649107,31,2026-04-26 23:34:59.308849
2,test_2_32,0,9.787551254113545,0.8152019340090599,0.049156613394178435,0.14523521256330912,32,2026-04-27 23:34:59.308889
2,test_2_33,1,32.936579419803536,0.8011320318168486,0.056975351400672045,0.18373079193389952,33,2026-04-28 23:34:59.308943
2,test_2_34,-1,32.44038270649161,0.7821500703094685,0.06492743914909119,0.19808804442246689,34,2026-04-29 23:34:59.308990
2,test_2_35,1,15.01645959261209,0.7327836965577669,0.05711704177910049,0.1766183782159556,35,2026-04-30 23:34:59.309024
2,test_2_36,-1,18.361030864533344,0.7489796863094826,0.054619615151485,0.19108778684172556,36,2026-05-01 23:34:59.309056
2,test_2_37,0,21.684133757368414,0.7738677148964536,0.061156630862587366,0.18741044399319462,37,2026-05-02 23:34:59.309088
2,test_2_38,0,19.690030449981823,0.7712109374482602,0.07159497486892218,0.1675596273055072,38,2026-05-03 23:34:59.309121
2,test_2_39,-1,30.714806965769846,0.8649215681439227,0.07000979943704712,0.18153217225793294,39,2026-05-04 23:34:59.309152
2,test_2_40,1,35.48530938507601,0.851624875668385,0.06426625141132937,0.21328833694341448,40,2026-05-05 23:34:59.309185
2,test_2_41,-1,9.84255885002768,0.6419182692312106,0.057311677921658775,0.15949904097601691,41,2026-05-06 23:34:59.309221
2,test_2_42,1,7.381362579602616,0.5492068940065044,0.04971302185515336,0.15243204581939052,42,2026-05-07 23:34:59.309253
2,test_2_43,1,26.047352986381306,0.8092469880540918,0.0712442118299651,0.18109073405047496,43,2026-05-08 23:34:59.309285
2,test_2_44,1,25.358945497677,0.7734670561777875,0.06250720014850222,0.19838097164241153,44,2026-05-09 23:34:59.309320
2,test_2_45,0,29.625485526475405,0.8677131747633016,0.06291171559755127,0.1810854990026996,45,2026-05-10 23:34:59.309352
2,test_2_46,-1,20.258544188765434,0.774430600184601,0.06330734212682555,0.17524937872450558,46,2026-05-11 23:34:59.309384
2,test_2_47,-1,30.943688089231696,0.7354470617678553,0.06651002383391803,0.1927596412833611,47,2026-05-12 23:34:59.309416
2,test_2_48,0,29.949555175615252,0.7649271970150454,0.06577640989732096,0.19437692415585206,48,2026-05-13 23:34:59.309448
2,test_2_49,-1,25.464365481561487,0.7469952590353641,0.07392694623147647,0.19579846471340992,49,2026-05-14 23:34:59.309485
2,test_2_50,1,18.295684329537405,0.6742354605283862,0.05890103886246594,0.1772153981491901,50,2026-05-15 23:34:59.309519
2,test_2_51,0,10.585057519363847,0.6491455999958154,0.05831295708652482,0.17701271724980466,51,2026-05-16 23:34:59.309551
2,test_2_52,1,18.752932768378965,0.7170571655830842,0.0671547245281914,0.18825629360267576,52,2026-05-17 23:34:59.309587
2,test_2_53,0,43.46806040086968,0.8832665948221338,0.07768849896944463,0.2300073047066055,53,2026-05-18 23:34:59.309618
2,test_2_54,1,19.74194612687043,0.6554085637681872,0.06592749245880819,0.19046868146344773,54,2026-05-19 23:34:59.309650
2,test_2_55,-1,12.750649498110478,0.6733603604301219,0.058804701644945036,0.1729703036926194,55,2026-05-20 23:34:59.309682
2,test_2_56,1,20.052966310822175,0.7320942818566967,0.06671532178901138,0.1972003668426707,56,2026-05-21 23:34:59.309714
3,test_3_0,-1,24.00824136220617,0.9267020701617106,0.0538231439679324,0.15494988955944144,0,2026-01-09 23:34:59.309759
3,test_3_1,1,22.93432831568671,0.9170388070005946,0.057243653696883695,0.15606307773471514,1,2026-01-10 23:34:59.309793
3,test_3_2,0,31.898632497963007,1.022457240413873,0.0571925867302621,0.16545723582623073,2,2026-01-11 23:34:59.309825
3,test_3_3,1,29.56753219153784,1.0343041505008335,0.0585971427155538,0.16161442572615678,3,2026-01-12 23:34:59.309856
3,test_3_4,0,22.431896915809663,1.044765560065169,0.0372141411132699,0.15261938043696688,4,2026-01-13 23:34:59.309890
3,test_3_5,-1,24.50233490350915,1.0459505275041312,0.05294410039820634,0.14086796718084052,5,2026-01-14 23:34:59.309922
3,test_3_6,1,28.164260730490838,0.9441179337619402,0.055639664397897866,0.1417352436283748,6,2026-01-15 23:34:59.309954
3,test_3_7,-1,44.65327508453712,1.0982827982596304,0.06799363523533325,0.16523795897441418,7,2026-01-16 23:34:59.309985
3,test_3_8,1,41.18802025020598,1.1340008736018123,0.05264888679429052,0.16688933376197662,8,2026-01-17 23:34:59.310017
3,test_3_9,0,29.254575617849646,0.9388167351178744,0.05750208735371487,0.16810160008606814,9,2026-01-18 23:34:59.310049
3,test_3_10,-1,29.367139668903384,1.0335931406687173,0.056201018964701366,0.1539972169932679,10,2026-01-19 23:34:59.310080
3,test_3_11,-1,24.10304373192474,0.9504181678794608,0.05142670317757112,0.13815980554879004,11,2026-01-20 23:34:59.310112
3,test_3_12,-1,4.582651315757094,0.7654928869807933,0.04133438589386004,0.12462253740434404,12,2026-01-21 23:34:59.310147
3,test_3_13,1,15.212333521387466,0.8544202107750161,0.05171918962244566,0.14542984058004196,13,2026-01-22 23:34:59.310179
3,test_3_14,1,17.014546843938177,0.8683853644042091,0.045897174843112,0.14539978910694962,14,2026-01-23 23:34:59.310210
3,test_3_15,-1,40.23684199440605,1.1255111053821183,0.06528987624940798,0.19636084827823228,15,2026-01-24 23:34:59.310242
3,test_3_16,0,31.351718016819696,1.0622632297259345,0.057827089674339756,0.17544520653648593,16,2026-01-25 23:34:59.310276
3,test_3_17,0,44.76544273728228,1.131643940844856,0.07739645387804577,0.1951039786298416,17,2026-01-26 23:34:59.310308
3,test_3_18,0,46.825070241770874,1.1567300651692236,0.07223393144413304,0.19587077866367825,18,2026-01-27 23:34:59.310339
3,test_3_19,-1,35.75082821035963,1.1533871141687928,0.05599081839932247,0.1932214431442768,19,2026-01-28 23:34:59.310373
3,test_3_20,1,19.26299996061421,0.8850068888199228,0.05196563515218048,0.15341034770579234,20,2026-01-29 23:34:59.310410
3,test_3_21,1,24.864504519525404,0.9766060819560176,0.043112343485145074,0.14925849238946248,21,2026-01-30 23:34:59.310568
3,test_3_22,1,23.89266570919304,0.9150173978550319,0.05376422944923128,0.1673077369618984,22,2026-01-31 23:34:59.310747
3,test_3_23,0,32.57455749317041,1.0807832272067266,0.05603011052879484,0.18555647047619717,23,2026-02-01 23:34:59.310855
3,test_3_24,0,20.4111573713106,0.9131680247418928,0.05614423192318762,0.16779181053123607,24,2026-02-02 23:34:59.310907
3,test_3_25,1,11.369603414488784,0.871863317203119,0.048328899527209646,0.1300004079820201,25,2026-02-03 23:34:59.310945
3,test_3_26,0,28.95803533437409,1.0553615999219828,0.0632171216449083,0.15959513778323423,26,2026-02-04 23:34:59.310978
3,test_3_27,0,36.72729019259364,1.018486410225123,0.05664800814259173,0.17864616656031912,27,2026-02-05 23:34:59.311010
3,test_3_28,0,43.044970883616095,1.0940940435806885,0.05899050570208036,0.20769879855886372,28,2026-02-06 23:34:59.311043
3,test_3_29,1,8.7378228541126,0.7938323052451315,0.04253280119620527,0.1274177758739339,29,2026-02-07 23:34:59.311075
3,test_3_30,-1,28.465038817307157,0.8976593175605286,0.06240536457558712,0.16202747527139494,30,2026-02-08 23:34:59.311110
3,test_3_31,0,34.95548585362279,0.9805033337321626,0.0559243582525183,0.17609364109581288,31,2026-02-09 23:34:59.311153
3,test_3_32,1,13.548225759646193,0.9079480615204139,0.04592300226355381,0.14202728251250454,32,2026-02-10 23:34:59.311185
3,test_3_33,-1,37.0569146008143,0.9645173660326959,0.05311433712766994,0.16364653431975745,33,2026-02-11 23:34:59.311217
3,test_3_34,0,23.387915314301317,0.9432143010320769,0.058997601474595165,0.17092912063223067,34,2026-02-12 23:34:59.311249
3,test_3_35,1,24.627777634901584,0.9047203710389367,0.05407936110622875,0.16183723712707954,35,2026-02-13 23:34:59.311280
3,test_3_36,0,16.05436767586216,0.7802721111660025,0.053321236202255484,0.1506432706350087,36,2026-02-14 23:34:59.311312
3,test_3_37,1,30.034290826018776,0.9374247929524736,0.045467542788490314,0.15593929589428224,37,2026-02-15 23:34:59.311344
3,test_3_38,0,14.60094072874469,0.9127687700197566,0.04929515602036666,0.15713096777084887,38,2026-02-16 23:34:59.311378
3,test_3_39,-1,16.899269157905103,0.8044824027479738,0.05366163504705614,0.15683675965442023,39,2026-02-17 23:34:59.311410
3,test_3_40,1,15.828401948039641,0.8750669859996825,0.0501329482633983,0.15487128414745685,40,2026-02-18 23:34:59.311442
3,test_3_41,-1,26.667696195965178,0.9200289795295576,0.05810138432503267,0.17004048783440176,41,2026-02-19 23:34:59.311474
3,test_3_42,-1,13.569950872695165,0.8507493230012669,0.05513562786280671,0.1524968858328082,42,2026-02-20 23:34:59.311506
3,test_3_43,0,20.599926090045976,0.903387526222265,0.06265908712598847,0.14938936902375657,43,2026-02-21 23:34:59.311538
3,test_3_44,1,19.92320217534338,0.893109080766252,0.05185173921890015,0.1555997162779515,44,2026-02-22 23:34:59.311569
3,test_3_45,0,12.723921848630075,0.7774869511216117,0.05402684153250201,0.15686089748880583,45,2026-02-23 23:34:59.311601
3,test_3_46,1,16.008383729979606,0.851597850556633,0.05001835845306502,0.13888101187977397,46,2026-02-24 23:34:59.311635
3,test_3_47,-1,40.52561815489642,0.9589594795476647,0.05643306946588724,0.1834749424462666,47,2026-02-25 23:34:59.311666
3,test_3_48,1,24.652966799701098,0.9416284661612279,0.06821115026319202,0.1644421402431582,48,2026-02-26 23:34:59.311707
3,test_3_49,1,47.52435805344309,1.190415348338122,0.07647664915128827,0.19792529563497802,49,2026-02-27 23:34:59.311739
3,test_3_50,1,13.186060167011986,0.8098460030116087,0.05098107070976535,0.14964563640786352,50,2026-02-28 23:34:59.311771
3,test_3_51,0,30.754686674944303,1.0590204064827227,0.06482226109429393,0.18609933848014898,51,2026-03-01 23:34:59.311810
3,test_3_52,1,37.61820412934109,1.0041913082562581,0.07536798838251774,0.18789544758750376,52,2026-03-02 23:34:59.311842
3,test_3_53,1,10.904886825268056,0.7053790041097528,0.05637386794950484,0.14514142083968,53,2026-03-03 23:34:59.311873
3,test_3_54,1,15.157276247074964,0.7902385900001105,0.04811563992076253,0.14568967373728117,54,2026-03-04 23:34:59.311905
3,test_3_55,0,26.634774791674534,0.8931965141383994,0.06313447063645784,0.16504207937924806,55,2026-03-05 23:34:59.311937
3,test_3_56,1,22.753668500029754,0.8056884764946974,0.06170691386595056,0.15760604773692122,56,2026-03-06 23:34:59.311968
3,test_3_57,-1,18.378874831755905,0.7885028562084361,0.057091033648316206,0.16893916599354222,57,2026-03-07 23:34:59.312000
3,test_3_58,0,25.63688393651616,0.9450242857589224,0.058717680511754654,0.16707220082108806,58,2026-03-08 23:34:59.312032
3,test_3_59,1,29.22013160706969,0.916399470411382,0.07308379854999543,0.19325866425845895,59,2026-03-09 23:34:59.312063
3,test_3_60,-1,18.070948022040927,0.7394778975132651,0.06307459108621258,0.14902311590256326,60,2026-03-10 23:34:59.312096
3,test_3_61,-1,33.922636603701335,0.9976208383530115,0.0594806824906587,0.19310664341639217,61,2026-03-11 23:34:59.312128
3,test_3_62,1,12.62179055912884,0.7641708828961874,0.04855405564594553,0.1713314670432554,62,2026-03-12 23:34:59.312160
3,test_3_63,0,6.0781575117633295,0.7159482636445134,0.04675867593982077,0.16083047014139704,63,2026-03-13 23:34:59.312191
3,test_3_64,0,47.10523001591351,1.0474548933385113,0.07190661013036086,0.22430601510896414,64,2026-03-14 23:34:59.312222
3,test_3_65,0,9.50468730421488,0.752172565288345,0.04479898861860792,0.15304296963386899,65,2026-03-15 23:34:59.312254
3,test_3_66,1,36.04049136483354,0.8653906029211479,0.055919191853393405,0.20495395255564638,66,2026-03-16 23:34:59.312309
3,test_3_67,1,35.45735132540341,0.9952236318909493,0.06348637999993618,0.17529266474730282,67,2026-03-17 23:34:59.312353
3,test_3_68,-1,42.157018343943875,0.9480167560465073,0.07564369374971597,0.21893242480667185,68,2026-03-18 23:34:59.312386
3,test_3_69,-1,23.024647743030318,0.7737300493945168,0.05569706250252517,0.16671464410581718,69,2026-03-19 23:34:59.312418
3,test_3_70,0,18.981127887987665,0.8146043838467825,0.06141982076346727,0.16754717231082897,70,2026-03-20 23:34:59.312452
3,test_3_71,0,9.61964292234559,0.7821659926710157,0.055027792304390186,0.14742996267258227,71,2026-03-21 23:34:59.312486
3,test_3_72,0,42.268338422187604,1.0229831734051076,0.08274428377772713,0.20458949017000147,72,2026-03-22 23:34:59.312518
3,test_3_73,-1,15.793264069206337,0.7837771116350072,0.055708450277250764,0.16599838602288472,73,2026-03-23 23:34:59.312549
3,test_3_74,-1,21.99906038762616,0.7922309911519118,0.05352312301618232,0.1845998384451342,74,2026-03-24 23:34:59.312581
3,test_3_75,0,32.893156118546,0.7704093889180746,0.0634214413743394,0.1841331645505842,75,2026-03-25 23:34:59.312612
3,test_3_76,-1,21.908835357974986,0.915340683802994,0.06143551183553153,0.17491261733172733,76,2026-03-26 23:34:59.312644
3,test_3_77,-1,20.921769139314556,0.8000711562093838,0.07089349389469483,0.16886001824933225,77,2026-03-27 23:34:59.312676
3,test_3_78,1,32.08089121856676,0.8447030754659206,0.06482133137286106,0.19295459644531512,78,2026-03-28 23:34:59.312707
3,test_3_79,1,19.69492377061843,0.7521316287161441,0.062447203150876894,0.17441797191920608,79,2026-03-29 23:34:59.312739
3,test_3_80,0,22.097254558113487,0.7997321576778108,0.05974940431639916,0.18377204398186314,80,2026-03-30 23:34:59.312773
3,test_3_81,1,19.775978657729745,0.7412809230495365,0.0609886154486672,0.17650348375907368,81,2026-03-31 23:34:59.312805
3,test_3_82,0,38.13068515588715,0.8548629193796803,0.06851844430656569,0.1928440462380871,82,2026-04-01 23:34:59.312839
3,test_3_83,0,33.17766299200287,0.9379833463002268,0.0701582924957922,0.1957504430141731,83,2026-04-02 23:34:59.312871
3,test_3_84,0,34.97812718264028,0.9071789831584366,0.06824524236803675,0.2053090786656344,84,2026-04-03 23:34:59.312902
3,test_3_85,0,18.534704788075622,0.7797600732304237,0.058975405703007334,0.1533321880998875,85,2026-04-04 23:34:59.312935
3,test_3_86,1,22.692995868045216,0.7691600783413981,0.06457061285584487,0.17860366480434606,86,2026-04-05 23:34:59.312966
3,test_3_87,-1,21.629140288819606,0.7663533961981231,0.06815865647028341,0.1779845389795144,87,2026-04-06 23:34:59.312997
3,test_3_88,-1,19.3954490172006,0.6984932674329641,0.05846040447251851,0.1655554752387731,88,2026-04-07 23:34:59.313029
3,test_3_89,-1,36.906462747863415,0.903394933121676,0.07094723000572471,0.2101917025352582,89,2026-04-08 23:34:59.313060
3,test_3_90,1,22.910395126679695,0.8047929297193583,0.07341051676650645,0.16977159066194503,90,2026-04-09 23:34:59.313093
3,test_3_91,0,6.980195624199801,0.5954983263101588,0.051287124790365214,0.1414235403561752,91,2026-04-10 23:34:59.313126
3,test_3_92,0,14.535220573755716,0.6913650896020551,0.05195106641374501,0.16318666656543848,92,2026-04-11 23:34:59.313157
3,test_3_93,-1,13.813685718011923,0.7401560049093462,0.053290664021375174,0.16523862813398585,93,2026-04-12 23:34:59.313188
3,test_3_94,-1,30.128436130793773,0.8775405217947696,0.06482901177789589,0.18228634617704217,94,2026-04-13 23:34:59.313219
3,test_3_95,1,15.269310591184444,0.7085678641656843,0.06064488330934906,0.16872244912532683,95,2026-04-14 23:34:59.313251
3,test_3_96,0,30.53833331781546,0.7348818102549629,0.06797859170294719,0.19228478487209844,96,2026-04-15 23:34:59.313283
3,test_3_97,-1,2.236264914079978,0.514446167053313,0.048165876676092144,0.13726271563114403,97,2026-04-16 23:34:59.313328
3,test_3_98,0,21.20242660019758,0.7633853652821423,0.05876374411005552,0.17784371009643998,98,2026-04-17 23:34:59.313360
3,test_3_99,-1,27.992925804064917,0.9110312788809405,0.06371002673135995,0.20046439965371776,99,2026-04-18 23:34:59.313392
3,test_3_100,-1,25.626853968868733,0.7470652539292257,0.06629253864622718,0.1767823474144351,100,2026-04-19 23:34:59.313434
3,test_3_101,1,30.75369627192375,0.7846538236472035,0.06853778922764434,0.21034474769958517,101,2026-04-20 23:34:59.313467
3,test_3_102,1,11.720819283127268,0.6328886912101238,0.062293647949124904,0.15482848049021383,102,2026-04-21 23:34:59.313499
3,test_3_103,0,26.884160082974283,0.7272859415539398,0.057661918732638866,0.2050661097523426,103,2026-04-22 23:34:59.313531
3,test_3_104,-1,19.975375130893834,0.7557856270873078,0.06856736966945419,0.16769978093740068,104,2026-04-23 23:34:59.313563
3,test_3_105,0,24.471400457086997,0.7162823239913908,0.06106267159252677,0.1980432589138972,105,2026-04-24 23:34:59.313594
3,test_3_106,-1,27.68592278863257,0.7482993710635812,0.07247474905952009,0.1955342829110273,106,2026-04-25 23:34:59.313627
3,test_3_107,0,28.642734058044386,0.7884060866986271,0.07279616401233559,0.1860275907588148,107,2026-04-26 23:34:59.313659
3,test_3_108,1,12.187023265231451,0.6837485532794787,0.056836131248673344,0.16099410031223257,108,2026-04-27 23:34:59.313691
3,test_3_109,-1,17.39599925666694,0.596742404155392,0.06584350360287151,0.1717299188623499,109,2026-04-28 23:34:59.313724
3,test_3_110,1,36.3548501636277,0.8346999887070412,0.08547183614235536,0.19957997357180232,110,2026-04-29 23:34:59.313756
3,test_3_111,0,23.59957148057762,0.7804177728432029,0.061746505153536385,0.20101163114979345,111,2026-04-30 23:34:59.313790
3,test_3_112,1,12.031680520441535,0.6792931319200183,0.06328027759895646,0.16876789994097374,112,2026-05-01 23:34:59.313822
3,test_3_113,-1,28.140529675998593,0.7837019889615281,0.060239228969098446,0.19295496165036846,113,2026-05-02 23:34:59.313854
3,test_3_114,-1,10.080638535286253,0.6665996681801738,0.05958402136445976,0.16434340460800873,114,2026-05-03 23:34:59.313889
3,test_3_115,0,39.35247026472536,0.9314098413353105,0.07411726699963594,0.22851418761625072,115,2026-05-04 23:34:59.313921
3,test_3_116,-1,34.00228658915236,0.9035358854151384,0.07691348855295087,0.2146206453266884,116,2026-05-05 23:34:59.313952
3,test_3_117,0,16.494795457907,0.6671502452980862,0.056244132447763204,0.17557369055534822,117,2026-05-06 23:34:59.313984
3,test_3_118,1,30.838862943753128,0.7082290060642548,0.07740433201564897,0.21374477185117835,118,2026-05-07 23:34:59.314016
3,test_3_119,0,39.54810644991743,0.808534223915069,0.07141343609873158,0.22625160856108667,119,2026-05-08 23:34:59.314047
3,test_3_120,1,32.978026730494165,0.7999767853796887,0.07475020356915492,0.21960865407926675,120,2026-05-09 23:34:59.314080
3,test_3_121,0,-8.516105169046781,0.5044663152491016,0.04691895885800964,0.13150770307202125,121,2026-05-10 23:34:59.314111
3,test_3_122,1,28.387205028696354,0.7071196389151033,0.05983561529202484,0.20858909446262613,122,2026-05-11 23:34:59.314147
3,test_3_123,-1,13.192179373496609,0.6546082061059959,0.05654980748996068,0.16939835766752914,123,2026-05-12 23:34:59.314181
3,test_3_124,0,26.84551303197037,0.7054918581303756,0.08294055472997597,0.1944985166308377,124,2026-05-13 23:34:59.314214
3,test_3_125,0,34.56440348347622,0.8886888111146509,0.08571230484170085,0.23370281522426106,125,2026-05-14 23:34:59.314245
3,test_3_126,1,10.790154389272208,0.6009358392272139,0.05943141912316867,0.17867615495931763,126,2026-05-15 23:34:59.314277
3,test_3_127,1,34.553052085705104,0.7723759710458102,0.07321606206501392,0.22426411972609844,127,2026-05-16 23:34:59.314330
3,test_3_128,-1,21.969070556053076,0.6936744010803623,0.07348404176794483,0.18334441935239448,128,2026-05-17 23:34:59.314367
3,test_3_129,1,11.345379778078197,0.5758023904632106,0.05933851517994095,0.1755374254684452,129,2026-05-18 23:34:59.314402
3,test_3_130,0,19.600655404611494,0.705174016523789,0.0699665984707049,0.17981850713704425,130,2026-05-19 23:34:59.314435
3,test_3_131,0,15.405607632765202,0.6921118484860177,0.06564327360781246,0.17808393059718988,131,2026-05-20 23:34:59.314467
3,test_3_132,1,25.48674838326826,0.7483854474707662,0.07458950795199833,0.20417473217318705,132,2026-05-21 23:34:59.314499
4,test_4_0,0,23.52397413701331,0.9921800778436033,0.04055030335272713,0.15096993795694588,0,2025-12-17 23:34:59.314543
4,test_4_1,-1,2.7638796900446927,0.7601464921657161,0.04103751520822699,0.11151911065246312,1,2025-12-18 23:34:59.314576
4,test_4_2,0,39.28031485234788,1.1780547793277192,0.05684558009305084,0.18254358937648102,2,2025-12-19 23:34:59.314609
4,test_4_3,0,20.429037434137282,0.9474719924989049,0.056537766674496046,0.15991437982690052,3,2025-12-20 23:34:59.314641
4,test_4_4,-1,33.12957112365649,1.058151954600235,0.04921653318781981,0.16299949616784382,4,2025-12-21 23:34:59.314673
4,test_4_5,0,22.788869047114982,0.9207465978290494,0.045157673887958216,0.15172215731274605,5,2025-12-22 23:34:59.314705
4,test_4_6,-1,22.288763989574313,1.0061027728246166,0.045485742733692575,0.16232626634293557,6,2025-12-23 23:34:59.314738
4,test_4_7,-1,13.68973608508057,0.8516294969977571,0.04507863211410395,0.1359259184550164,7,2025-12-24 23:34:59.314770
4,test_4_8,1,16.088669913985136,0.8891853202213963,0.046983919885825454,0.14613701289076822,8,2025-12-25 23:34:59.314801
4,test_4_9,-1,19.709473226537053,0.9338750358228031,0.05089075480370422,0.1299974243753832,9,2025-12-26 23:34:59.314832
4,test_4_10,-1,17.967284774365268,0.9307758943408446,0.04765368610997768,0.14657698960842475,10,2025-12-27 23:34:59.314867
4,test_4_11,-1,28.479061163248854,0.9439238767878896,0.06569286594728525,0.1596946559701464,11,2025-12-28 23:34:59.314925
4,test_4_12,-1,19.095219314556246,0.8906637531074972,0.05616080525063349,0.14724499629949417,12,2025-12-29 23:34:59.314957
4,test_4_13,-1,31.931056072631442,0.9882663467656658,0.055577486878325165,0.16943742490281197,13,2025-12-30 23:34:59.314992
4,test_4_14,0,30.515592702124238,1.0393732701898015,0.06219246580084802,0.14889141164614114,14,2025-12-31 23:34:59.315024
4,test_4_15,1,45.10009289300001,1.0903128651848037,0.06201146974387353,0.1805391316710726,15,2026-01-01 23:34:59.315062
4,test_4_16,1,17.719970587708655,0.9273744665926199,0.05780047938027462,0.14402762536451946,16,2026-01-02 23:34:59.315095
4,test_4_17,1,31.02477209439482,0.991274005654324,0.05501103583830316,0.15815065248285132,17,2026-01-03 23:34:59.315128
4,test_4_18,1,33.08952899038995,1.0504218276223876,0.06229955890739566,0.1769680824576113,18,2026-01-04 23:34:59.315161
4,test_4_19,0,9.36809191303343,0.8264829072206813,0.04317463697104357,0.12922798234290053,19,2026-01-05 23:34:59.315194
4,test_4_20,1,26.148690435388822,0.9911560949648055,0.06119933071970491,0.1492273701005432,20,2026-01-06 23:34:59.315228
4,test_4_21,1,24.946026236384657,0.963262548348184,0.05706791326505068,0.1469169623803086,21,2026-01-07 23:34:59.315261
4,test_4_22,-1,10.617220216826333,0.8016977559738057,0.05013979124076384,0.13543273177550139,22,2026-01-08 23:34:59.315295
4,test_4_23,0,37.81016361735113,1.183868347354628,0.06582355530163214,0.17248513365854523,23,2026-01-09 23:34:59.315329
4,test_4_24,1,31.563608698285485,0.9514962567687699,0.05718792450400556,0.17851327112606208,24,2026-01-10 23:34:59.315362
4,test_4_25,1,26.828069092053365,0.8896102166413301,0.06078514892441246,0.18680308306509735,25,2026-01-11 23:34:59.315395
4,test_4_26,0,14.32467085745727,0.8059263681313907,0.04953171681279366,0.1598541648123104,26,2026-01-12 23:34:59.315428
4,test_4_27,-1,28.031229615918434,0.9325458685069029,0.06096714775244085,0.16336938842855092,27,2026-01-13 23:34:59.315461
4,test_4_28,1,22.447480578977466,0.9779736773621114,0.059200761090415235,0.14332989220230102,28,2026-01-14 23:34:59.315493
4,test_4_29,1,12.427887251424625,0.7991430439658562,0.048175618184247336,0.13468694957570312,29,2026-01-15 23:34:59.315527
4,test_4_30,1,38.1759753560796,1.085620041187622,0.05926929267141749,0.18255284188669443,30,2026-01-16 23:34:59.315560
4,test_4_31,0,16.601747525478324,0.8740822571419562,0.052794723788663914,0.13633953023704948,31,2026-01-17 23:34:59.315593
4,test_4_32,0,16.601191034892643,0.8368166522892331,0.05410516572291994,0.15179653083235367,32,2026-01-18 23:34:59.315626
4,test_4_33,1,15.775898155014975,0.8393065620786019,0.04756352707322111,0.1422089243688645,33,2026-01-19 23:34:59.315660
4,test_4_34,-1,8.770887525488266,0.8016734455357087,0.040452406566827595,0.15106923931463523,34,2026-01-20 23:34:59.315693
4,test_4_35,-1,26.3554459215863,0.9401134662789301,0.06143441551240162,0.1637878191680249,35,2026-01-21 23:34:59.315728
4,test_4_36,1,27.011596558728392,0.8893546868338469,0.06177187934368689,0.160048328443171,36,2026-01-22 23:34:59.315762
4,test_4_37,0,19.058232512700425,0.8957392278346246,0.04675708553992646,0.15013238605877705,37,2026-01-23 23:34:59.315796
4,test_4_38,0,11.832511531779431,0.7208117100090288,0.048192938031781256,0.1497568313728925,38,2026-01-24 23:34:59.315830
4,test_4_39,0,32.4656009568107,0.9833780038809472,0.06071890054235132,0.17766436294859458,39,2026-01-25 23:34:59.315863
4,test_4_40,0,15.254706953293585,0.8634718430298285,0.058329464351063315,0.145756094714816,40,2026-01-26 23:34:59.315899
4,test_4_41,1,14.86262008584136,0.8020589248600558,0.04371940277834881,0.14446156739709134,41,2026-01-27 23:34:59.315932
4,test_4_42,-1,29.216844682644446,0.9482211959130811,0.05280853904330172,0.168042293319124,42,2026-01-28 23:34:59.315968
4,test_4_43,-1,31.153674840130535,1.0009898580048977,0.057551307300860804,0.1817034109201058,43,2026-01-29 23:34:59.316001
4,test_4_44,0,21.13523282748026,0.9227230316258002,0.05095864173952661,0.16409935269336534,44,2026-01-30 23:34:59.316035
4,test_4_45,-1,22.81379288841269,0.874888365052504,0.05317073281586295,0.15965592906963122,45,2026-01-31 23:34:59.316073
4,test_4_46,1,8.836893915634121,0.7633914932808566,0.045591791470350806,0.14482237300331943,46,2026-02-01 23:34:59.316107
4,test_4_47,0,26.487508962352152,0.9609706025638055,0.05236355707812226,0.1608655555878243,47,2026-02-02 23:34:59.316141
4,test_4_48,-1,23.311782768099892,0.9390817065137055,0.06361451976097629,0.1615657049204652,48,2026-02-03 23:34:59.316175
4,test_4_49,-1,18.154817877830308,0.8177723895299959,0.044547991025142716,0.16230237393565503,49,2026-02-04 23:34:59.316208
4,test_4_50,-1,36.63508767954987,0.9680512039385287,0.06317493619728533,0.18922252833088044,50,2026-02-05 23:34:59.316240
4,test_4_51,1,23.900622846298166,0.900987066753935,0.0643687461335678,0.15343633234307102,51,2026-02-06 23:34:59.316271
4,test_4_52,-1,38.14914453584048,1.0105662098986417,0.06950869556360906,0.20682469812424917,52,2026-02-07 23:34:59.316318
4,test_4_53,0,25.301615725351247,0.8499117381015503,0.06089233157612363,0.15780673828401068,53,2026-02-08 23:34:59.316358
4,test_4_54,1,24.802146847850345,0.8496694752745206,0.052165255739044424,0.17050175439011453,54,2026-02-09 23:34:59.316393
4,test_4_55,1,27.060495178795133,0.9589335238286887,0.05712712830544424,0.17931401013972662,55,2026-02-10 23:34:59.316425
4,test_4_56,-1,12.599397075294156,0.7720117002354513,0.04103174465622138,0.15108184916312747,56,2026-02-11 23:34:59.316456
4,test_4_57,-1,26.211179983372052,1.0268967126263695,0.05444423148189432,0.18203780406595763,57,2026-02-12 23:34:59.316488
4,test_4_58,0,38.40450446023144,0.9900225539333336,0.06086999864683683,0.19480794600776594,58,2026-02-13 23:34:59.316520
4,test_4_59,-1,19.181621680829792,0.8110127256630631,0.053672446645332814,0.16689313435419953,59,2026-02-14 23:34:59.316553
4,test_4_60,-1,3.377807790822068,0.6586121419660204,0.04627082071623801,0.13345092329023642,60,2026-02-15 23:34:59.316586
4,test_4_61,-1,17.906497120639333,0.8171022298530553,0.05097699170397116,0.17127959615589275,61,2026-02-16 23:34:59.316618
4,test_4_62,1,19.57627678561204,0.8695062080010618,0.062047084796679516,0.16937123650225436,62,2026-02-17 23:34:59.316649
4,test_4_63,-1,12.949964789009725,0.8085955618284353,0.05343205779343314,0.1568839284768623,63,2026-02-18 23:34:59.316680
4,test_4_64,-1,15.12820472848816,0.6933853965661277,0.04921843723180432,0.15177726502117073,64,2026-02-19 23:34:59.316712
4,test_4_65,0,36.57096385463959,1.0048038658563696,0.06414414665414875,0.20428351698279998,65,2026-02-20 23:34:59.316742
4,test_4_66,-1,25.068030983927713,0.8852968036314898,0.06307239201789892,0.1598547288779941,66,2026-02-21 23:34:59.316776
4,test_4_67,0,28.615035252061016,0.9520260077534689,0.06219530249956026,0.17132744548322285,67,2026-02-22 23:34:59.316807
4,test_4_68,1,44.00935612994574,1.110756825284001,0.07057528019912852,0.20822388446541845,68,2026-02-23 23:34:59.316838
4,test_4_69,1,32.32649360729083,1.0745670060564938,0.0605513516535254,0.16369595900892317,69,2026-02-24 23:34:59.316870
4,test_4_70,-1,23.31944934311635,0.9023579317736796,0.05633446885846467,0.16227584735820905,70,2026-02-25 23:34:59.316902
4,test_4_71,1,22.499534854010474,0.8906491389394517,0.054355467164359766,0.18201316833614828,71,2026-02-26 23:34:59.316934
4,test_4_72,1,27.321285118586697,0.9936212485512111,0.053553039529041745,0.17342096692398604,72,2026-02-27 23:34:59.316966
4,test_4_73,-1,32.79566727240382,0.8276901701133721,0.07029916356630694,0.20400750523475614,73,2026-02-28 23:34:59.316997
4,test_4_74,-1,14.70365317672124,0.8320429005127686,0.06720862791659948,0.15985707142265917,74,2026-03-01 23:34:59.317032
4,test_4_75,1,38.95683810789956,0.9576562503575912,0.07237818978630231,0.21326059202615538,75,2026-03-02 23:34:59.317066
4,test_4_76,-1,27.083552959592794,0.9366453558043227,0.05844513128423235,0.16915636982601567,76,2026-03-03 23:34:59.317097
4,test_4_77,1,45.35678319038756,1.0988926253090034,0.07272878252567848,0.22846829424044135,77,2026-03-04 23:34:59.317131
4,test_4_78,1,24.85547729121721,0.8083498840261335,0.06203052727450902,0.17001553984351758,78,2026-03-05 23:34:59.317163
4,test_4_79,1,23.42702574799097,0.7798762407940022,0.05966310114085272,0.17143786394048474,79,2026-03-06 23:34:59.317194
4,test_4_80,-1,21.45012715886712,0.7631583250775243,0.05637254682985128,0.15200849782417689,80,2026-03-07 23:34:59.317225
4,test_4_81,0,2.1328205178450546,0.6352237264987752,0.050706415488623174,0.13206203460360755,81,2026-03-08 23:34:59.317257
4,test_4_82,-1,29.477169258102776,0.9413016040273223,0.06515304040399225,0.18305343466351554,82,2026-03-09 23:34:59.317288
4,test_4_83,-1,26.2332907439054,0.8498225400995718,0.06339962474845516,0.16594384603351478,83,2026-03-10 23:34:59.317320
4,test_4_84,1,16.265903659121918,0.7552287638203746,0.061064040372899475,0.1517652104271074,84,2026-03-11 23:34:59.317352
4,test_4_85,1,32.46259707466592,0.9006045193676483,0.0583381548416683,0.17849186630261676,85,2026-03-12 23:34:59.317383
4,test_4_86,1,27.392468641111495,0.7532505990835694,0.06631467922251076,0.17082818737351635,86,2026-03-13 23:34:59.317414
4,test_4_87,1,18.4591999018568,0.79338664931928,0.05548139111744582,0.172147342013671,87,2026-03-14 23:34:59.317448
4,test_4_88,-1,36.273582431747585,0.9406649367338872,0.07319506832977586,0.22011254442053685,88,2026-03-15 23:34:59.317478
4,test_4_89,0,32.60772749670613,0.8545697140056459,0.06853010593409975,0.19700419480994807,89,2026-03-16 23:34:59.317510
4,test_4_90,-1,25.979831534708953,0.847836824134253,0.06450281367533048,0.19156279687765915,90,2026-03-17 23:34:59.317541
4,test_4_91,-1,21.052024370759028,0.8081240494872972,0.06705556520135661,0.17364308586196098,91,2026-03-18 23:34:59.317576
4,test_4_92,0,28.90522897565001,0.8487457412450236,0.05811618305303241,0.18635658555660603,92,2026-03-19 23:34:59.317609
4,test_4_93,1,18.462336613511802,0.6846136931219878,0.06377186119926796,0.15958728492310767,93,2026-03-20 23:34:59.317644
4,test_4_94,1,22.30281468442664,0.8088338619276731,0.048605242814048426,0.20169673823213774,94,2026-03-21 23:34:59.317677
4,test_4_95,1,13.314556853433917,0.7170947320540281,0.059131239184343314,0.1779999866838898,95,2026-03-22 23:34:59.317708
4,test_4_96,-1,23.48726716346488,0.8304100073038847,0.06180627121084014,0.17609114308479032,96,2026-03-23 23:34:59.317740
4,test_4_97,-1,35.035665601832854,0.9592379389041723,0.0675768883293038,0.19777502472360461,97,2026-03-24 23:34:59.317772
4,test_4_98,0,35.79543620811641,0.9481999842560492,0.07368979277273043,0.20186956978842255,98,2026-03-25 23:34:59.317803
4,test_4_99,0,16.320000004614528,0.7888602742135972,0.05948768408868652,0.17704524891847895,99,2026-03-26 23:34:59.317835
4,test_4_100,-1,32.15658244757891,0.8367982261855577,0.07190592268439609,0.20059895341645056,100,2026-03-27 23:34:59.317867
4,test_4_101,1,31.71037012679806,0.8847415522188781,0.06976567066709274,0.1983356504160565,101,2026-03-28 23:34:59.317899
4,test_4_102,0,17.55097355193551,0.7427401570627429,0.05429738851820285,0.16757430874701296,102,2026-03-29 23:34:59.317930
4,test_4_103,-1,31.720605190937675,0.9683777627365941,0.07163954637304926,0.21372294620068763,103,2026-03-30 23:34:59.317961
4,test_4_104,1,22.80556188355137,0.7839209085218091,0.0649197821695598,0.1747791687353495,104,2026-03-31 23:34:59.317993
4,test_4_105,0,24.285543429012193,0.7688712379998862,0.06612722305673087,0.1707649365626389,105,2026-04-01 23:34:59.318027
4,test_4_106,1,15.600968988911353,0.6484998585481152,0.05415774366937425,0.1597140477037937,106,2026-04-02 23:34:59.318059
4,test_4_107,-1,31.333613148436523,0.8362974273202807,0.07147918814898246,0.19300716212067054,107,2026-04-03 23:34:59.318091
4,test_4_108,-1,11.171330227457752,0.6901580417633718,0.060198679783256666,0.15558299369856018,108,2026-04-04 23:34:59.318123
4,test_4_109,0,37.38946352939438,0.7186283533930427,0.07293357643290058,0.22808431157834425,109,2026-04-05 23:34:59.318156
4,test_4_110,0,30.05470159166627,0.870711928164642,0.06222897715577263,0.1996249313053638,110,2026-04-06 23:34:59.318188
4,test_4_111,1,29.274559249951164,0.7676476962228962,0.06785082832669921,0.19586926163172266,111,2026-04-07 23:34:59.318219
4,test_4_112,-1,9.616300010318968,0.6874450445410049,0.05789461907636744,0.15174099762529944,112,2026-04-08 23:34:59.318251
4,test_4_113,0,26.55190683858979,0.794849477059142,0.06544073716836284,0.18577804442836565,113,2026-04-09 23:34:59.318285
4,test_4_114,0,14.470349215996931,0.6058021118378432,0.05589223897630049,0.16855092702670552,114,2026-04-10 23:34:59.318337
4,test_4_115,-1,34.449716653887315,0.9086704065177801,0.06722947516602219,0.20276986002113268,115,2026-04-11 23:34:59.318376
4,test_4_116,1,28.417289147404347,0.834667888005966,0.06621149664048868,0.18582785622332065,116,2026-04-12 23:34:59.318409
4,test_4_117,0,34.26215402241593,0.7135464856836684,0.0702868185895303,0.22041179139019557,117,2026-04-13 23:34:59.318443
4,test_4_118,1,26.994879422774133,0.7673625734796721,0.06332380106769968,0.18984862423210414,118,2026-04-14 23:34:59.318475
4,test_4_119,1,21.8392714397295,0.7510725345529907,0.06414922772746724,0.17621310255428085,119,2026-04-15 23:34:59.318507
4,test_4_120,1,21.912788467214924,0.7453130035656114,0.058665764532016225,0.19217066073682937,120,2026-04-16 23:34:59.318538
4,test_4_121,1,10.835023649205326,0.5967539157303889,0.05533402668414717,0.14998503774116353,121,2026-04-17 23:34:59.318570
4,test_4_122,-1,28.004743596108284,0.7650390925226029,0.07509392245388569,0.19815023735743575,122,2026-04-18 23:34:59.318602
4,test_4_123,-1,28.651254119830107,0.772131373097242,0.07907373951097015,0.19350951076326495,123,2026-04-19 23:34:59.318634
4,test_4_124,0,19.12502185028257,0.7484659582281997,0.06125219088468884,0.18209923383321955,124,2026-04-20 23:34:59.318665
4,test_4_125,-1,31.38391925608383,0.7448414680395097,0.07897836397819648,0.19261648505508183,125,2026-04-21 23:34:59.318697
4,test_4_126,-1,26.190184060539746,0.7222633208042352,0.05979446099156991,0.1750045115410721,126,2026-04-22 23:34:59.318729
4,test_4_127,1,25.823298867170873,0.707427547444025,0.07080295431018901,0.19405460464917318,127,2026-04-23 23:34:59.318760
4,test_4_128,-1,32.84604287898024,0.6748244735001198,0.0705907541904232,0.23203269735133525,128,2026-04-24 23:34:59.318791
4,test_4_129,1,27.163168815685008,0.7956734876171121,0.06776488864635152,0.21610088137252753,129,2026-04-25 23:34:59.318823
4,test_4_130,1,25.1961665769399,0.7873104820510399,0.07039541721493724,0.19643601142237407,130,2026-04-26 23:34:59.318854
4,test_4_131,-1,11.464401438656067,0.6138276307383091,0.05834067998765642,0.15281729117220277,131,2026-04-27 23:34:59.318886
4,test_4_132,0,27.55573653712369,0.8155196465787896,0.06482745969562494,0.17505452905840135,132,2026-04-28 23:34:59.319010
4,test_4_133,1,44.912526016435216,0.9986142063280015,0.09142048929342687,0.23807243536707717,133,2026-04-29 23:34:59.319058
4,test_4_134,-1,36.5323857854524,0.856904362715169,0.08576561905890151,0.21934053415151236,134,2026-04-30 23:34:59.319091
4,test_4_135,1,8.568111888458326,0.5518331823915454,0.052785971013927055,0.16064856648027834,135,2026-05-01 23:34:59.319124
4,test_4_136,1,25.25426702611635,0.7489908503449049,0.06538811090679895,0.19560202191407544,136,2026-05-02 23:34:59.319156
4,test_4_137,1,18.49983331329547,0.7137711855094304,0.06341367615791327,0.17938221697593745,137,2026-05-03 23:34:59.319190
4,test_4_138,-1,15.60594216199483,0.7004134089185905,0.0678924956325995,0.16568144181454084,138,2026-05-04 23:34:59.319222
4,test_4_139,1,14.849058081721314,0.680699514507898,0.06605815781461961,0.18900350360379042,139,2026-05-05 23:34:59.319253
4,test_4_140,0,25.62315645430537,0.7978695871489578,0.0638500737680917,0.18898793550380413,140,2026-05-06 23:34:59.319285
4,test_4_141,1,30.84572627949568,0.7138152670635212,0.07123186180348756,0.2070034679078765,141,2026-05-07 23:34:59.319319
4,test_4_142,0,29.11786291045867,0.7805757911788114,0.0702439941405139,0.20468506781731682,142,2026-05-08 23:34:59.319355
4,test_4_143,0,40.33433701296325,0.8257712658346232,0.086728625391162,0.20035271393964493,143,2026-05-09 23:34:59.319386
4,test_4_144,-1,24.55235192613492,0.7739565019628666,0.06906019689456437,0.20476979309240095,144,2026-05-10 23:34:59.319418
4,test_4_145,1,28.098772845831466,0.6210366404975306,0.0737991227581347,0.1947097411238952,145,2026-05-11 23:34:59.319451
4,test_4_146,1,31.235221029507585,0.6264727853837802,0.07274257332353012,0.209395039882934,146,2026-05-12 23:34:59.319483
4,test_4_147,0,19.274133361536812,0.7150402049908844,0.06452441690161742,0.18106178905722878,147,2026-05-13 23:34:59.319514
4,test_4_148,0,29.87872284871074,0.7726195012031116,0.07243983650743056,0.20034041490118623,148,2026-05-14 23:34:59.319546
4,test_4_149,1,36.75283107824049,0.7435889442062348,0.08186657670457909,0.23655965774088578,149,2026-05-15 23:34:59.319578
4,test_4_150,0,30.465226309720393,0.7665625876127365,0.07857591850923469,0.21378998804122828,150,2026-05-16 23:34:59.319609
4,test_4_151,0,25.66095559655773,0.689646201807464,0.07217592174540179,0.21367691505108172,151,2026-05-17 23:34:59.319640
4,test_4_152,0,22.529742992540033,0.6689139070623787,0.0674481727212171,0.21428763730998754,152,2026-05-18 23:34:59.319673
4,test_4_153,-1,21.9257655540174,0.8534925454879145,0.060383157339994324,0.21479328826953978,153,2026-05-19 23:34:59.319705
4,test_4_154,0,5.838328203341213,0.5000750355606142,0.05467167612959857,0.17122031207540628,154,2026-05-20 23:34:59.319737
4,test_4_155,1,15.460605806033552,0.5801821944479654,0.06651171717417824,0.18076038880926468,155,2026-05-21 23:34:59.319768
5,test_5_0,1,44.833862348517115,1.211155086834107,0.05878202258549204,0.16129341125083152,0,2026-02-21 23:34:59.319810
5,test_5_1,1,26.733414237135545,0.9211397283257394,0.04721853944887012,0.15131604504640728,1,2026-02-22 23:34:59.319843
5,test_5_2,1,40.11154930247348,1.1325564191443864,0.06337201015194663,0.17247810348229956,2,2026-02-23 23:34:59.319876
5,test_5_3,1,14.69985424136892,0.8243995824750553,0.046406126370507124,0.1283304716148204,3,2026-02-24 23:34:59.319907
5,test_5_4,1,15.687324202837354,0.8989613553389599,0.04471438015385102,0.12529784667459049,4,2026-02-25 23:34:59.319940
5,test_5_5,-1,29.042947549616976,0.8876139413913788,0.054212464105471855,0.16349845982389422,5,2026-02-26 23:34:59.319972
5,test_5_6,0,20.19622509019678,0.9757344161808246,0.05241147497889431,0.15604410650277087,6,2026-02-27 23:34:59.320004
5,test_5_7,-1,8.33389708850084,0.818455700923638,0.047348820534126625,0.12346764192186274,7,2026-02-28 23:34:59.320036
5,test_5_8,0,33.57774606995162,1.1085620020044964,0.04423452939632926,0.19399423005495425,8,2026-03-01 23:34:59.320067
5,test_5_9,-1,19.11961421541125,0.9772833180733606,0.04496903861633633,0.14040659017010013,9,2026-03-02 23:34:59.320098
5,test_5_10,-1,33.20555419006373,0.990264697914824,0.052454876694897436,0.18149240913945247,10,2026-03-03 23:34:59.320129
5,test_5_11,-1,15.7647460823127,0.9011929655337259,0.05394029545193564,0.13394309152613573,11,2026-03-04 23:34:59.320161
5,test_5_12,-1,39.223698616985075,1.1412883874389075,0.05872122950944554,0.1721254787267065,12,2026-03-05 23:34:59.320196
5,test_5_13,1,19.954475629157823,0.8916148294865883,0.04529142676173187,0.16350772522946247,13,2026-03-06 23:34:59.320230
5,test_5_14,0,11.046662737472042,0.8260446882269283,0.03817461129917552,0.14243353279315685,14,2026-03-07 23:34:59.320262
5,test_5_15,-1,15.01939372685587,0.884460801894971,0.04124502444662988,0.15200027541217118,15,2026-03-08 23:34:59.320295
5,test_5_16,-1,30.38806211751954,1.0744335740646789,0.05808423678314284,0.15851902361674317,16,2026-03-09 23:34:59.320350
5,test_5_17,1,24.25789021450609,0.9900284074489478,0.05831941025252896,0.16636135848945846,17,2026-03-10 23:34:59.320389
5,test_5_18,-1,13.861469003988667,0.826192894052036,0.047683607335197754,0.14788161749106693,18,2026-03-11 23:34:59.320422
5,test_5_19,1,41.744924333475375,1.1191655602134998,0.06784853646341737,0.19278472770860636,19,2026-03-12 23:34:59.320454
5,test_5_20,0,-8.868137614882997,0.5550521149221429,0.03763584422873791,0.11508607046056023,20,2026-03-13 23:34:59.320485
5,test_5_21,1,28.63119341671357,0.9770377343583506,0.05497684226675274,0.1786815266401684,21,2026-03-14 23:34:59.320518
5,test_5_22,-1,38.19644494477299,1.0927681878425028,0.056464315047095655,0.18581682780478395,22,2026-03-15 23:34:59.320550
5,test_5_23,-1,5.516527405727285,0.649519937030035,0.049807369872461406,0.1296075933618286,23,2026-03-16 23:34:59.320583
5,test_5_24,0,39.9358276930887,1.0681655405808876,0.06491916410163641,0.1998442337527043,24,2026-03-17 23:34:59.320615
5,test_5_25,1,32.72094788975289,1.007724477253453,0.0642069037677172,0.16954735571691418,25,2026-03-18 23:34:59.320646
5,test_5_26,-1,26.43388467342251,0.9878955732394251,0.05790254959731127,0.1630566666541451,26,2026-03-19 23:34:59.320678
5,test_5_27,0,12.198746930668104,0.7911275186968805,0.04778535403320342,0.14068208915666008,27,2026-03-20 23:34:59.320710
5,test_5_28,1,23.484445449900203,0.9528902808991689,0.051093747116574204,0.15629825555888852,28,2026-03-21 23:34:59.320741
5,test_5_29,1,13.391295402784863,0.7686968241138723,0.048860593779427454,0.1577668225622102,29,2026-03-22 23:34:59.320773
5,test_5_30,0,30.01782736167545,0.9369744022868026,0.056631105139243604,0.17671018891119203,30,2026-03-23 23:34:59.320804
5,test_5_31,-1,31.614227840833472,0.9261758473326889,0.062464407957013954,0.18544161957915,31,2026-03-24 23:34:59.320835
5,test_5_32,-1,8.31548448088952,0.7320265845163528,0.04538271599964368,0.13556014334924715,32,2026-03-25 23:34:59.320866
5,test_5_33,-1,25.38727020369612,0.8920769235406688,0.056213912661510386,0.17288197343037728,33,2026-03-26 23:34:59.320898
5,test_5_34,1,15.7048913980759,0.8446227121648464,0.05690081308402832,0.1364446562956085,34,2026-03-27 23:34:59.320930
5,test_5_35,0,23.719582937253886,0.8311276334561238,0.053766490886442336,0.15002406489355097,35,2026-03-28 23:34:59.320964
5,test_5_36,1,28.448970082499194,0.8680712489756441,0.0622539086890496,0.1635951218887851,36,2026-03-29 23:34:59.320995
5,test_5_37,1,16.87272043081568,0.8015871456715168,0.054343343619998194,0.15850692797775887,37,2026-03-30 23:34:59.321030
5,test_5_38,-1,13.517367112473817,0.7155339180614698,0.05540576989766128,0.15864531906122806,38,2026-03-31 23:34:59.321064
5,test_5_39,0,26.694418308596862,0.9282895661418646,0.06862792280847424,0.15781823108421256,39,2026-04-01 23:34:59.321097
5,test_5_40,-1,32.247238578942586,0.9179517966182362,0.06464097381799896,0.20255291884198195,40,2026-04-02 23:34:59.321128
5,test_5_41,-1,23.37120422540559,0.8562584971061945,0.05568469630326541,0.1760745822888503,41,2026-04-03 23:34:59.321160
5,test_5_42,0,21.659227690200595,0.8589166733909858,0.05705057497923128,0.17841057407127756,42,2026-04-04 23:34:59.321192
5,test_5_43,1,46.05677066340631,0.9867297346971771,0.07631841136101111,0.21020152610894344,43,2026-04-05 23:34:59.321223
5,test_5_44,1,26.89660877063421,0.8254784687871926,0.06019352452670093,0.18097841165971873,44,2026-04-06 23:34:59.321255
5,test_5_45,-1,38.814540786904864,0.9425685361419862,0.05914613272417644,0.21908825523961353,45,2026-04-07 23:34:59.321290
5,test_5_46,-1,13.715263702524535,0.8052168563569461,0.05802264919129502,0.16095338150400632,46,2026-04-08 23:34:59.321321
5,test_5_47,0,16.29482894152311,0.7863155015908543,0.05777515937434926,0.15440243673955834,47,2026-04-09 23:34:59.321354
5,test_5_48,1,39.87246155335927,0.9610702092777603,0.0655782377508434,0.21077624871386427,48,2026-04-10 23:34:59.321388
5,test_5_49,1,21.66828335169073,0.7257169548813935,0.06502279411354821,0.1787435399201881,49,2026-04-11 23:34:59.321419
5,test_5_50,1,31.81339503185609,0.8153198414114933,0.06637916833152155,0.2050261561706341,50,2026-04-12 23:34:59.321451
5,test_5_51,0,22.906861804206386,0.7752614794154713,0.06023526062719588,0.1812908299440975,51,2026-04-13 23:34:59.321482
5,test_5_52,0,38.62617026613368,0.9054266219105157,0.07604646609861454,0.19848780470083213,52,2026-04-14 23:34:59.321513
5,test_5_53,1,4.644691571821269,0.6888221088555458,0.04515149812777804,0.13005243804180572,53,2026-04-15 23:34:59.321544
5,test_5_54,0,24.545887820677617,0.7889232036284523,0.06599687241728536,0.1753288716536304,54,2026-04-16 23:34:59.321578
5,test_5_55,1,24.834642497523742,0.7808539960602974,0.06213976430747128,0.18817557141568436,55,2026-04-17 23:34:59.321610
5,test_5_56,0,23.462624276727798,0.8490230574591157,0.05652924170654358,0.17804408054358223,56,2026-04-18 23:34:59.321643
5,test_5_57,-1,28.400512945688906,0.8231216998155095,0.0633512875330863,0.19601675113162856,57,2026-04-19 23:34:59.321674
5,test_5_58,0,32.797554962888206,0.858305953343441,0.07462662985837502,0.1953086672307981,58,2026-04-20 23:34:59.321705
5,test_5_59,-1,20.33196881307471,0.6635993506235079,0.06270486714273579,0.18424569109363753,59,2026-04-21 23:34:59.321736
5,test_5_60,0,31.064280136900713,0.8223826777935132,0.07019376980263077,0.20040565067943278,60,2026-04-22 23:34:59.321767
5,test_5_61,1,16.485935657396865,0.732766955094181,0.047992656106975784,0.1661301271483013,61,2026-04-23 23:34:59.321798
5,test_5_62,1,26.06174969746502,0.7777696540113865,0.06967537638094103,0.20103234951836418,62,2026-04-24 23:34:59.321829
5,test_5_63,0,40.90904904904518,0.9258129681572075,0.07513604251532065,0.20991822448564745,63,2026-04-25 23:34:59.321862
5,test_5_64,1,18.61138472055627,0.7192211526545246,0.05152496981033243,0.18862965085006647,64,2026-04-26 23:34:59.321894
5,test_5_65,-1,29.107306632690932,0.6717838729181811,0.06492228611665016,0.20020540479179064,65,2026-04-27 23:34:59.321925
5,test_5_66,0,29.24966116247545,0.8189908084278551,0.0765086830182174,0.19166974720248137,66,2026-04-28 23:34:59.321957
5,test_5_67,1,21.624717141501392,0.8045077798370729,0.07155881822153283,0.1784405405964764,67,2026-04-29 23:34:59.321988
5,test_5_68,1,45.88442772869925,0.8515733228314157,0.07529557493995168,0.23934102558429882,68,2026-04-30 23:34:59.322020
5,test_5_69,0,42.19846211102585,0.9338594879725661,0.07871770906281678,0.21079808806693687,69,2026-05-01 23:34:59.322051
5,test_5_70,0,22.587689337026486,0.7481940222913908,0.05764476747420536,0.19423967844261333,70,2026-05-02 23:34:59.322082
5,test_5_71,0,32.24410471433529,0.8163670739440804,0.08089956200740463,0.20207557352229996,71,2026-05-03 23:34:59.322113
5,test_5_72,0,36.087883824753646,0.7877611955318348,0.07349797370206886,0.21938845982630073,72,2026-05-04 23:34:59.322144
5,test_5_73,1,17.350080512438726,0.5748120797223862,0.06235485750442825,0.175556166974358,73,2026-05-05 23:34:59.322176
5,test_5_74,0,28.574217162176186,0.7666620744453295,0.07070471105501706,0.20452274992721567,74,2026-05-06 23:34:59.322210
5,test_5_75,-1,28.89159195667929,0.7937648210868341,0.07839635539198579,0.2029914142427939,75,2026-05-07 23:34:59.322241
5,test_5_76,1,39.301556365598785,0.7342456213796476,0.07538706674778543,0.21698218071308956,76,2026-05-08 23:34:59.322275
5,test_5_77,0,24.895150231439956,0.7244849208579702,0.0731109818305319,0.1893199547695114,77,2026-05-09 23:34:59.322315
5,test_5_78,0,25.58022734808395,0.8065245868336811,0.06542424452594565,0.19402438766348248,78,2026-05-10 23:34:59.322363
5,test_5_79,-1,29.636665716808817,0.7008131858774412,0.07023167204672039,0.2098231439233275,79,2026-05-11 23:34:59.322397
5,test_5_80,-1,25.07996899617266,0.7320885162432754,0.0696132879627567,0.19752879389255404,80,2026-05-12 23:34:59.322432
5,test_5_81,1,13.103333409096386,0.560489059526329,0.06264019892525494,0.1662037457099075,81,2026-05-13 23:34:59.322464
5,test_5_82,1,23.70090217019314,0.6735464859167344,0.07452669755755553,0.18854827307348426,82,2026-05-14 23:34:59.322495
5,test_5_83,0,24.934786847705418,0.7554164805306223,0.06271509091597206,0.19396961952388939,83,2026-05-15 23:34:59.322526
5,test_5_84,-1,29.14647985104783,0.7638380896328838,0.07939264561620284,0.2193664753766378,84,2026-05-16 23:34:59.322558
5,test_5_85,1,15.819912377781955,0.7116510771172183,0.057435091783423604,0.18518972158285674,85,2026-05-17 23:34:59.322589
5,test_5_86,-1,29.631847952675848,0.723195591401559,0.0698037209332179,0.21004166846319056,86,2026-05-18 23:34:59.322620
5,test_5_87,0,21.420561685986858,0.7154053519249592,0.05978296030544752,0.20539852012261436,87,2026-05-19 23:34:59.322651
5,test_5_88,-1,12.828795976470948,0.7025407117445597,0.06596399598043085,0.17387019208082843,88,2026-05-20 23:34:59.322685
5,test_5_89,-1,28.531272379978766,0.6864956409884071,0.08003470080087295,0.19349071649236038,89,2026-05-21 23:34:59.322716
6,test_6_0,-1,25.310448977623565,1.0457689145147384,0.04936908108904154,0.13669932223428333,0,2025-11-24 23:34:59.322755
6,test_6_1,0,4.262538128134629,0.7500688774681058,0.04067266485755187,0.10470337575740854,1,2025-11-25 23:34:59.322789
6,test_6_2,0,33.90247500836509,1.049554482262607,0.059347590599466746,0.15207067579781944,2,2025-11-26 23:34:59.322821
6,test_6_3,-1,26.143468913036887,0.9652338301895256,0.05462267367423214,0.1656853446572327,3,2025-11-27 23:34:59.322856
6,test_6_4,1,31.17874800464568,1.0008730483100796,0.05728647020385287,0.1442523460250419,4,2025-11-28 23:34:59.322887
6,test_6_5,0,24.721444446226656,1.0194736610741035,0.05305242998643498,0.15446407909086812,5,2025-11-29 23:34:59.322921
6,test_6_6,1,24.33612382410028,0.9362160645767283,0.05746005298669558,0.1460988177985125,6,2025-11-30 23:34:59.322953
6,test_6_7,0,28.55889377554319,0.9943598686866935,0.044492706015053694,0.1675129754631871,7,2025-12-01 23:34:59.322984
6,test_6_8,1,26.037971810960933,0.9282369136539174,0.04979255403624005,0.17126027351789944,8,2025-12-02 23:34:59.323015
6,test_6_9,1,26.25365315765169,0.9735121075901078,0.05490856798248426,0.14726435877272723,9,2025-12-03 23:34:59.323047
6,test_6_10,1,22.559195263257987,0.9961570968177694,0.052857242639470066,0.13914523129484604,10,2025-12-04 23:34:59.323078
6,test_6_11,-1,31.40533591631034,1.1090671774430843,0.051331218465364425,0.14359638077340617,11,2025-12-05 23:34:59.323121
6,test_6_12,1,35.90980425185967,1.1212889905271284,0.06431154767056005,0.17437243917894332,12,2025-12-06 23:34:59.323152
6,test_6_13,-1,10.24962801659883,0.8284584570666227,0.04667512610488174,0.11688373156461784,13,2025-12-07 23:34:59.323184
6,test_6_14,-1,29.086652833721683,1.0864975566261679,0.05783021838891757,0.15146814832971273,14,2025-12-08 23:34:59.323251
6,test_6_15,1,3.9997349234837607,0.7898816473152789,0.035296644521180046,0.12471406681370233,15,2025-12-09 23:34:59.323540
6,test_6_16,0,24.815074116069518,0.8457602731218955,0.04491554067543718,0.16557107765826654,16,2025-12-10 23:34:59.323690
6,test_6_17,0,18.469083386496635,0.9403913926668549,0.05597518062911117,0.14402386588554666,17,2025-12-11 23:34:59.323992
6,test_6_18,1,26.534409759542715,1.0323445136434295,0.05100731947011433,0.15213307066338014,18,2025-12-12 23:34:59.324085
6,test_6_19,1,20.146941646321316,0.9692900355449052,0.055975216564042966,0.14070560009515312,19,2025-12-13 23:34:59.324281
6,test_6_20,1,43.1994885054967,1.071100641321649,0.06394840927500296,0.17920171385440745,20,2025-12-14 23:34:59.324505
6,test_6_21,-1,20.992906925169265,0.9567354506604654,0.049927788534924564,0.15124320558809257,21,2025-12-15 23:34:59.324617
6,test_6_22,0,29.632885301181062,1.0890572744600089,0.05935612270894777,0.16772013922857404,22,2025-12-16 23:34:59.324670
6,test_6_23,0,27.997745637215644,1.0028012359246226,0.05784176868121253,0.17331050213766627,23,2025-12-17 23:34:59.324708
6,test_6_24,0,36.129056673809316,1.074986991155544,0.06279674782188395,0.1548175053290433,24,2025-12-18 23:34:59.324741
6,test_6_25,1,23.935811199970114,0.9291143277990841,0.05310988381854274,0.15693833890924683,25,2025-12-19 23:34:59.324773
6,test_6_26,1,21.588920974512828,0.9398311694152882,0.05495998661572889,0.15603986182147225,26,2025-12-20 23:34:59.324804
6,test_6_27,-1,26.933731738254565,0.921579940977746,0.061646309149135985,0.16311459116994406,27,2025-12-21 23:34:59.324888
6,test_6_28,1,29.547409121411345,1.0096466220712423,0.05983270354945769,0.1646465953602653,28,2025-12-22 23:34:59.324921
6,test_6_29,-1,5.642344527887616,0.7493196980559108,0.0442622355672229,0.1208823433838013,29,2025-12-23 23:34:59.324952
6,test_6_30,0,6.544203646758383,0.8042021832489215,0.04479114212330882,0.13317507731092065,30,2025-12-24 23:34:59.324996
6,test_6_31,1,22.151245066303293,0.9124503077582968,0.04441812793203864,0.14936778577467305,31,2025-12-25 23:34:59.325026
6,test_6_32,-1,35.51895057265604,0.9518533605495356,0.05665349563938882,0.16888577780859895,32,2025-12-26 23:34:59.325057
6,test_6_33,-1,12.038833357501055,0.801046750537672,0.04519712870544816,0.13187942679087442,33,2025-12-27 23:34:59.325087
6,test_6_34,0,12.826038810107342,0.8655872843374885,0.0538388895477073,0.1394117508854699,34,2025-12-28 23:34:59.325118
6,test_6_35,0,32.8136222236251,0.9520559564388095,0.05822024305707525,0.15688256343486945,35,2025-12-29 23:34:59.325148
6,test_6_36,1,26.892319799059276,0.949257312222122,0.060321866167494916,0.16266936395355602,36,2025-12-30 23:34:59.325180
6,test_6_37,0,21.787572338820883,0.9022058695233767,0.04931935508215287,0.17201446345928767,37,2025-12-31 23:34:59.325211
6,test_6_38,1,33.05890228547826,1.072794224874828,0.06230056426469607,0.1690833448948177,38,2026-01-01 23:34:59.325241
6,test_6_39,-1,21.479443922880634,0.9101242938224244,0.04743139216070569,0.1553891640479407,39,2026-01-02 23:34:59.325271
6,test_6_40,1,24.379959906339682,0.924572186156026,0.0625992393011666,0.17256545086403483,40,2026-01-03 23:34:59.325301
6,test_6_41,1,17.912149197534607,0.8748127249167065,0.04949386103320422,0.153479094643411,41,2026-01-04 23:34:59.325331
6,test_6_42,-1,12.448922507433643,0.7914397534596135,0.0493364630079788,0.1437234821381463,42,2026-01-05 23:34:59.325364
6,test_6_43,-1,24.185612190572204,0.9748102900283777,0.05454809171798957,0.1645985721625891,43,2026-01-06 23:34:59.325394
6,test_6_44,1,22.802495041572712,0.8629539378429399,0.058413502750499106,0.16099899718322144,44,2026-01-07 23:34:59.325424
6,test_6_45,1,23.091586813566494,0.9286137341150579,0.05186691291598156,0.16319855026850558,45,2026-01-08 23:34:59.325455
6,test_6_46,1,19.86803635486604,0.8231337956106309,0.05335603385844046,0.16604634153432102,46,2026-01-09 23:34:59.325485
6,test_6_47,-1,41.28345959391362,1.0535151734352106,0.06854441786232328,0.19573371034384587,47,2026-01-10 23:34:59.325515
6,test_6_48,0,18.231707836129885,0.8815552350234658,0.0470577185954327,0.1459858546887267,48,2026-01-11 23:34:59.325545
6,test_6_49,0,38.65817752562049,1.186995223882561,0.0666002338623015,0.1936600674181185,49,2026-01-12 23:34:59.325580
6,test_6_50,-1,29.583867035514842,0.9861651909105585,0.06456118432689752,0.16481727502583163,50,2026-01-13 23:34:59.325614
6,test_6_51,1,17.16477815864618,0.7791844200155721,0.05248584355239456,0.14216258696028292,51,2026-01-14 23:34:59.325644
6,test_6_52,-1,33.899875622170995,0.9583617731126363,0.056786484217649535,0.17840996663242173,52,2026-01-15 23:34:59.325675
6,test_6_53,1,31.07245453683406,1.0058647465302795,0.06461495950153445,0.18936652592778888,53,2026-01-16 23:34:59.325705
6,test_6_54,-1,28.829889847409284,0.9170098193986153,0.06538708955870084,0.1674086493059073,54,2026-01-17 23:34:59.325740
6,test_6_55,1,45.258070919112505,1.0184846400351864,0.07144864044710064,0.1943249126432048,55,2026-01-18 23:34:59.325772
6,test_6_56,-1,20.462583871616715,0.8795928091690913,0.049362726358048954,0.16502838416935792,56,2026-01-19 23:34:59.325803
6,test_6_57,-1,20.757636666019565,0.85233575334498,0.05535304622482134,0.1584469681196835,57,2026-01-20 23:34:59.325835
6,test_6_58,1,25.864285170784353,0.8889936364657014,0.046645468856181406,0.16896080839749955,58,2026-01-21 23:34:59.325866
6,test_6_59,1,37.571492168625724,0.990975398957952,0.057345980505705045,0.1823436613831766,59,2026-01-22 23:34:59.325896
6,test_6_60,-1,10.726664104845348,0.8530332965898493,0.05231442388647599,0.14534610288241548,60,2026-01-23 23:34:59.325927
6,test_6_61,-1,23.337785152898494,0.9193681519211649,0.056431127644843065,0.15796901954465198,61,2026-01-24 23:34:59.325957
6,test_6_62,1,20.314310772018,0.8335076349053397,0.061716467068700855,0.1571265269045785,62,2026-01-25 23:34:59.325989
6,test_6_63,1,27.522403964266772,0.9069937096554328,0.05814882650867918,0.1727659265682047,63,2026-01-26 23:34:59.326019
6,test_6_64,0,30.460735131371113,1.0052094961203961,0.06925076326952018,0.1654918967053533,64,2026-01-27 23:34:59.326049
6,test_6_65,-1,25.928576239717014,0.9691096784512451,0.06617158269816745,0.1475716500714674,65,2026-01-28 23:34:59.326078
6,test_6_66,1,22.70451344639653,0.9117666136854137,0.06325161088783299,0.158668170781916,66,2026-01-29 23:34:59.326135
6,test_6_67,1,22.827163030631766,0.8693579525699053,0.057360504353089196,0.1514669532200605,67,2026-01-30 23:34:59.326173
6,test_6_68,0,29.84878681532132,0.8715696681500266,0.061954859371378616,0.17660984545383135,68,2026-01-31 23:34:59.326204
6,test_6_69,1,16.28321921163115,0.7473145239170328,0.05657600654902701,0.1494473542140826,69,2026-02-01 23:34:59.326234
6,test_6_70,1,22.63444712781054,0.8154777952099174,0.06498357929374364,0.1746436058456928,70,2026-02-02 23:34:59.326265
6,test_6_71,0,15.52953342159471,0.7503439386881632,0.04763494542388885,0.152440615518578,71,2026-02-03 23:34:59.326297
6,test_6_72,0,22.411455996301683,0.8308035307075737,0.05139613940784548,0.177622545046369,72,2026-02-04 23:34:59.326327
6,test_6_73,0,17.675315429883458,0.8107483518712064,0.047862378450151725,0.16113823601822963,73,2026-02-05 23:34:59.326357
6,test_6_74,-1,22.61661827686429,0.8931869755192126,0.04894903957510443,0.1548004792326404,74,2026-02-06 23:34:59.326387
6,test_6_75,-1,22.434490194471262,0.7737934141899759,0.05096008795931899,0.16698376591635822,75,2026-02-07 23:34:59.326420
6,test_6_76,0,27.887236628250232,0.9114026154049515,0.06672585837406811,0.18370924696790245,76,2026-02-08 23:34:59.326451
6,test_6_77,-1,21.934305528661497,0.8764658624013962,0.05724765296381323,0.16449803629168624,77,2026-02-09 23:34:59.326481
6,test_6_78,1,29.427855253218524,0.8695672153258721,0.06001812791964615,0.16451759920396836,78,2026-02-10 23:34:59.326511
6,test_6_79,1,22.877910300988482,0.9233973032160341,0.06052516199515087,0.1691207039385891,79,2026-02-11 23:34:59.326541
6,test_6_80,0,23.44740951175251,0.8651651033339209,0.05191106760935468,0.17296041564734133,80,2026-02-12 23:34:59.326571
6,test_6_81,1,20.801365389136805,0.8934936381559686,0.05486431902896278,0.15987353752756311,81,2026-02-13 23:34:59.326603
6,test_6_82,1,22.66084969355547,0.8487165895648745,0.056305231739407054,0.15401078373735877,82,2026-02-14 23:34:59.326637
6,test_6_83,1,28.05872055096028,0.8317549764263024,0.06222703440479843,0.18512378228876042,83,2026-02-15 23:34:59.326667
6,test_6_84,1,11.028818148870087,0.735147279662018,0.056791458109130166,0.13815544391636084,84,2026-02-16 23:34:59.326698
6,test_6_85,0,22.092892566467807,0.8365302550396134,0.054703356961396235,0.1714377978569801,85,2026-02-17 23:34:59.326733
6,test_6_86,1,22.342861623885415,0.8395937204073672,0.062091443479723084,0.16646070544031208,86,2026-02-18 23:34:59.326766
6,test_6_87,1,21.114792248169906,0.8012307987750658,0.06294574474298313,0.14955871024860348,87,2026-02-19 23:34:59.326796
6,test_6_88,0,26.489719493272098,0.8580078768158355,0.05687295269822515,0.18368114592446283,88,2026-02-20 23:34:59.326826
6,test_6_89,-1,25.533074205987603,0.7977016844241199,0.058693244637588904,0.17740680399943257,89,2026-02-21 23:34:59.326856
6,test_6_90,1,25.697023147318227,0.8188090511936705,0.056636490240954906,0.19197098152661812,90,2026-02-22 23:34:59.326885
6,test_6_91,0,4.50058721422522,0.6504415830316713,0.04872486032636575,0.14514032044241268,91,2026-02-23 23:34:59.326915
6,test_6_92,1,38.79838699740057,0.9854656675798994,0.07103001263264663,0.18217392098428847,92,2026-02-24 23:34:59.326945
6,test_6_93,0,41.42276057540438,0.9790351153367703,0.07339352207888461,0.20729918091752933,93,2026-02-25 23:34:59.326975
6,test_6_94,0,7.4545789613372975,0.6573994573491965,0.04696732755992003,0.14917590626008845,94,2026-02-26 23:34:59.327005
6,test_6_95,1,26.610178855044555,0.8320544252141947,0.05885640578829597,0.19818859347529175,95,2026-02-27 23:34:59.327034
6,test_6_96,1,22.440694383302468,0.8183248351621264,0.051492046222084656,0.17573538471825176,96,2026-02-28 23:34:59.327064
6,test_6_97,0,22.36745169736371,0.7415050522346737,0.05438732927532392,0.16754529078880656,97,2026-03-01 23:34:59.327094
6,test_6_98,1,19.973803861682402,0.888239597847502,0.05955278539507512,0.18390547474001748,98,2026-03-02 23:34:59.327124
6,test_6_99,-1,22.34224303545723,0.8266242707826422,0.06310268198763809,0.16907002490984147,99,2026-03-03 23:34:59.327154
6,test_6_100,-1,37.18970789793663,0.923444645248715,0.07036895161109258,0.19898760447695896,100,2026-03-04 23:34:59.327186
6,test_6_101,1,24.14391910528754,0.8569736815243013,0.05201282003803477,0.1744494001388276,101,2026-03-05 23:34:59.327219
6,test_6_102,-1,36.93170864975144,0.9580872143216206,0.07337032594750424,0.18786200834111003,102,2026-03-06 23:34:59.327249
6,test_6_103,0,30.835443030118874,0.8299405397660289,0.07186830324957208,0.2002281657796296,103,2026-03-07 23:34:59.327278
6,test_6_104,0,46.82356501192701,0.9869901652421559,0.06916589550364827,0.20796778457252316,104,2026-03-08 23:34:59.327308
6,test_6_105,-1,35.87739843233747,0.9177256543790285,0.06658182260805319,0.2130545175954052,105,2026-03-09 23:34:59.327338
6,test_6_106,1,-2.034801297615722,0.5648764969617364,0.04284803141873553,0.13028797652617924,106,2026-03-10 23:34:59.327369
6,test_6_107,-1,12.905230645811947,0.6703487617246097,0.05321748624533042,0.15548648248121621,107,2026-03-11 23:34:59.327400
6,test_6_108,1,37.82648641296596,0.9609428386283061,0.07491903245634256,0.1911574750187303,108,2026-03-12 23:34:59.327430
6,test_6_109,0,19.927285894061875,0.7220976087178173,0.06065905759287861,0.16774629794253834,109,2026-03-13 23:34:59.327461
6,test_6_110,-1,38.183023248526695,0.9152800946750868,0.07468808325153546,0.18294077201332745,110,2026-03-14 23:34:59.327493
6,test_6_111,-1,14.501207591072454,0.6975704031784417,0.0605277937725916,0.1693709048257512,111,2026-03-15 23:34:59.328359
6,test_6_112,1,17.843299862823606,0.748574148030191,0.05811490420533686,0.16884729461492087,112,2026-03-16 23:34:59.328450
6,test_6_113,-1,3.7277257964850463,0.656816063538228,0.04825024933386263,0.149607835326169,113,2026-03-17 23:34:59.328511
6,test_6_114,-1,17.878261358239563,0.7714019740138666,0.060452278704719746,0.16232084496050728,114,2026-03-18 23:34:59.328550
6,test_6_115,1,12.779791284298458,0.6453309975258048,0.05893167902046437,0.15168503968068411,115,2026-03-19 23:34:59.328587
6,test_6_116,1,18.24518822960072,0.7506607838938208,0.0556426386459595,0.1520647779460693,116,2026-03-20 23:34:59.328621
6,test_6_117,1,28.1318447386498,0.7652788008452728,0.06561213728429381,0.2021053851653584,117,2026-03-21 23:34:59.328655
6,test_6_118,0,37.74388087331719,0.9101034391752554,0.07611691294741901,0.19685188192919018,118,2026-03-22 23:34:59.328698
6,test_6_119,-1,16.40499960199823,0.8093577299856582,0.05390219757805989,0.18182116600248668,119,2026-03-23 23:34:59.328732
6,test_6_120,1,21.33268451960981,0.7072665851833961,0.05513814628744861,0.1696915034700269,120,2026-03-24 23:34:59.328768
6,test_6_121,-1,30.156280884439564,0.7611920830430691,0.0641585203958926,0.2035320924184676,121,2026-03-25 23:34:59.328802
6,test_6_122,1,21.262183948089714,0.7198763056933476,0.061783553707050166,0.17843519546550118,122,2026-03-26 23:34:59.328836
6,test_6_123,0,22.93685196380671,0.8461021223136737,0.05683731675143984,0.17686468747035203,123,2026-03-27 23:34:59.328870
6,test_6_124,-1,17.972522233006135,0.7479394080499766,0.04563962831952972,0.18319832677351683,124,2026-03-28 23:34:59.328904
6,test_6_125,0,18.823583230663033,0.7224589141478425,0.06335727489316945,0.19490228096117723,125,2026-03-29 23:34:59.328938
6,test_6_126,0,27.09713299197367,0.7116407200973893,0.06141730534441143,0.20076542928096971,126,2026-03-30 23:34:59.328975
6,test_6_127,-1,21.075704455421842,0.7535451385402787,0.0598324421381093,0.17187170878823796,127,2026-03-31 23:34:59.329008
6,test_6_128,1,33.301918118626105,0.7991154947377164,0.06597395486362051,0.1928073006976829,128,2026-04-01 23:34:59.329044
6,test_6_129,-1,13.219591326236193,0.7311805688707477,0.05881559080250658,0.17455874344255617,129,2026-04-02 23:34:59.329077
6,test_6_130,0,21.285285001384494,0.7046248023825589,0.06047222292021539,0.17912499769035078,130,2026-04-03 23:34:59.329111
6,test_6_131,-1,32.09929129200527,0.8689805518459288,0.0621770518714022,0.19118293919097853,131,2026-04-04 23:34:59.329145
6,test_6_132,1,18.055117139723368,0.6704904103098135,0.06308587580410532,0.17733656684328664,132,2026-04-05 23:34:59.329178
6,test_6_133,-1,24.60980480622456,0.7318854551171077,0.07083096804686959,0.19418366462937753,133,2026-04-06 23:34:59.329211
6,test_6_134,1,21.782937821785662,0.7351445544455035,0.06277261727053275,0.17960396217980018,134,2026-04-07 23:34:59.329244
6,test_6_135,1,26.894798212210805,0.7338467400499924,0.07605518864950302,0.17821903720122667,135,2026-04-08 23:34:59.329278
6,test_6_136,-1,20.80838058166028,0.7956037460174811,0.0649036745661103,0.1921423238026217,136,2026-04-09 23:34:59.329311
6,test_6_137,0,25.005000650336296,0.8515432971034304,0.0750667264481237,0.1805463499090694,137,2026-04-10 23:34:59.329344
6,test_6_138,-1,23.677569458766172,0.7771166199015755,0.06608937507085587,0.18736754305481662,138,2026-04-11 23:34:59.329380
6,test_6_139,-1,27.981584659905256,0.8017002321579848,0.057918098558239275,0.20066918536653813,139,2026-04-12 23:34:59.329414
6,test_6_140,1,43.387684237663734,0.9578109568098342,0.07476908954868551,0.23931718739684366,140,2026-04-13 23:34:59.329451
6,test_6_141,1,42.348318912272276,0.9344675126205911,0.07048615099013336,0.2364704248286738,141,2026-04-14 23:34:59.329487
6,test_6_142,-1,-6.878114760401431,0.5220401081397353,0.04413960899022778,0.12863514737164206,142,2026-04-15 23:34:59.329521
6,test_6_143,1,32.211353625455814,0.803604645541905,0.0660559685399205,0.21309136670455853,143,2026-04-16 23:34:59.329578
6,test_6_144,1,27.265919914928105,0.8057091755514746,0.05784889000779285,0.20815752952496422,144,2026-04-17 23:34:59.329624
6,test_6_145,1,19.048965613522764,0.7786269264760481,0.05479012935500745,0.1661033688780937,145,2026-04-18 23:34:59.329663
6,test_6_146,0,28.27861140750776,0.7216005572890014,0.06816470094439371,0.19636050259781462,146,2026-04-19 23:34:59.329697
6,test_6_147,-1,14.246876069507621,0.7295749646488315,0.06079024047606895,0.15974408659978823,147,2026-04-20 23:34:59.329730
6,test_6_148,-1,32.8629256339461,0.8729464181168809,0.07157936273879867,0.2242716753804087,148,2026-04-21 23:34:59.329764
6,test_6_149,-1,32.02881798595122,0.7539462623956549,0.0730805246419645,0.22362665944480425,149,2026-04-22 23:34:59.329797
6,test_6_150,-1,23.286490071963815,0.7741477630948865,0.06254634959632704,0.18976987079543844,150,2026-04-23 23:34:59.329833
6,test_6_151,0,29.16446038101453,0.8866788515016418,0.06437125210134473,0.1964168223225917,151,2026-04-24 23:34:59.329872
6,test_6_152,-1,15.39203539162423,0.5919973242419292,0.06143113771027094,0.1644118394795175,152,2026-04-25 23:34:59.329911
6,test_6_153,0,27.579759812211808,0.7728174378062624,0.06418890579169152,0.18182039307229295,153,2026-04-26 23:34:59.329946
6,test_6_154,0,26.786507285890348,0.7745030609502728,0.06749328066780912,0.17858763275858103,154,2026-04-27 23:34:59.329979
6,test_6_155,1,27.38829386186414,0.7150163554926106,0.0634003402187218,0.2064755950915351,155,2026-04-28 23:34:59.330013
6,test_6_156,-1,31.96985522343057,0.752620192843125,0.078347352387249,0.20756904011865102,156,2026-04-29 23:34:59.330047
6,test_6_157,-1,35.10413826250655,0.7907266259822467,0.07351000500909025,0.2218782355636978,157,2026-04-30 23:34:59.330080
6,test_6_158,0,29.967755737669098,0.7767597789194218,0.07285037255441164,0.2059105965985454,158,2026-05-01 23:34:59.330113
6,test_6_159,1,21.5909212265392,0.7413025930678167,0.0647935624918632,0.18276880419879296,159,2026-05-02 23:34:59.330149
6,test_6_160,0,20.05645662143283,0.6914799731724047,0.06612921548340712,0.1833438321301455,160,2026-05-03 23:34:59.330182
6,test_6_161,1,8.126556528892898,0.6260061497589435,0.05244472796778723,0.15248631040164487,161,2026-05-04 23:34:59.330217
6,test_6_162,0,47.18343483011387,0.9089175660287871,0.08302197153446271,0.22865760530783064,162,2026-05-05 23:34:59.330250
6,test_6_163,-1,19.577176622373358,0.695560261896939,0.06692905742471893,0.2080476137989767,163,2026-05-06 23:34:59.330284
6,test_6_164,1,25.769539902255453,0.6884675807775459,0.06631264448623253,0.19527729685147052,164,2026-05-07 23:34:59.330318
6,test_6_165,-1,20.92449979829521,0.6464166571570494,0.06895332381723562,0.18693395550125635,165,2026-05-08 23:34:59.330353
6,test_6_166,1,38.90732487591542,0.7170298622714387,0.0833186548198167,0.22578413085567603,166,2026-05-09 23:34:59.330386
6,test_6_167,-1,22.106355748821713,0.7420357424504552,0.07489519164418562,0.18833742669863832,167,2026-05-10 23:34:59.330420
6,test_6_168,-1,11.14012057601002,0.6156754092256986,0.05891348679664852,0.18662497976562817,168,2026-05-11 23:34:59.330453
6,test_6_169,0,-8.395001782542423,0.4110818356773927,0.0467468969489122,0.13319112413802678,169,2026-05-12 23:34:59.330487
6,test_6_170,0,29.335054999468426,0.7436906063472281,0.06764882507962264,0.21747352386790142,170,2026-05-13 23:34:59.330521
6,test_6_171,0,36.78228092882562,0.7435155840179426,0.073831971038799,0.20801351852794894,171,2026-05-14 23:34:59.330554
6,test_6_172,-1,26.26177903661967,0.7427861485530792,0.05727026658035655,0.20745033615256311,172,2026-05-15 23:34:59.330588
6,test_6_173,1,21.443170897421144,0.7102863625616349,0.07304275126052882,0.1993792914188255,173,2026-05-16 23:34:59.330626
6,test_6_174,1,8.995964382421302,0.6101514302188559,0.05214167826200036,0.17681340542869925,174,2026-05-17 23:34:59.330659
6,test_6_175,0,27.078025073533134,0.6933120542502694,0.07024799967130199,0.21159756510876632,175,2026-05-18 23:34:59.330693
6,test_6_176,-1,37.083478175735635,0.7737768740073024,0.06995993568435044,0.22687984693170074,176,2026-05-19 23:34:59.330727
6,test_6_177,-1,9.897697545831024,0.5646468072072627,0.05926534984151411,0.14865550922071,177,2026-05-20 23:34:59.330766
6,test_6_178,1,33.89037122279892,0.7924916096619021,0.07556849326003892,0.24222120542639328,178,2026-05-21 23:34:59.330800
7,test_7_0,-1,29.27133728687661,1.0213838046627104,0.052039193657202304,0.1609338649182584,0,2025-12-05 23:34:59.330852
7,test_7_1,1,13.589914902472618,0.8905620089392873,0.05143723785400195,0.1393090974190662,1,2025-12-06 23:34:59.330887
7,test_7_2,1,10.514101974837583,0.870520405721504,0.04024433643877656,0.13352568675558515,2,2025-12-07 23:34:59.330923
7,test_7_3,1,11.07610472216313,0.84134980741941,0.045820297208240934,0.12888084824404109,3,2025-12-08 23:34:59.330964
7,test_7_4,-1,35.235306441853446,1.1879433794963732,0.06609999328545112,0.16839260285454608,4,2025-12-09 23:34:59.330999
7,test_7_5,-1,34.241954659902014,1.1158953211740255,0.058135147112643934,0.16611272502714505,5,2025-12-10 23:34:59.331032
7,test_7_6,0,5.507687168347349,0.8331531067494491,0.03385136220707008,0.10557525274169045,6,2025-12-11 23:34:59.331066
7,test_7_7,-1,14.393949336033991,0.8786799659866829,0.045080421828789304,0.13642045723374266,7,2025-12-12 23:34:59.331099
7,test_7_8,1,19.98634580516048,0.988803937171564,0.05277526706566948,0.14224732377626148,8,2025-12-13 23:34:59.331133
7,test_7_9,-1,21.765621324553962,0.8982294053412974,0.05798415363530426,0.1221855577926834,9,2025-12-14 23:34:59.331166
7,test_7_10,-1,14.79698452738527,0.905686703713464,0.046223220833773504,0.1371398997448382,10,2025-12-15 23:34:59.331200
7,test_7_11,1,51.450367904151584,1.2789120922878288,0.07145769296239786,0.1760616479970361,11,2025-12-16 23:34:59.331233
7,test_7_12,1,37.7041646058122,1.084664747281339,0.06611648793054518,0.1896089623994381,12,2025-12-17 23:34:59.331265
7,test_7_13,1,11.275344521158992,0.8446760426330405,0.044693741756965465,0.12842189053375086,13,2025-12-18 23:34:59.331301
7,test_7_14,1,33.25726362947179,1.0921343475618803,0.06375173268691152,0.16035070867734524,14,2025-12-19 23:34:59.331334
7,test_7_15,0,45.77677132919443,1.1990796001512212,0.04871789115573686,0.17990678435471202,15,2025-12-20 23:34:59.331368
7,test_7_16,0,41.29166364900945,1.1589229619030956,0.04586358055091914,0.16874531708961385,16,2025-12-21 23:34:59.331401
7,test_7_17,0,14.98641500769449,0.7947070784939687,0.055287822879917035,0.13733283971230778,17,2025-12-22 23:34:59.331434
7,test_7_18,0,19.785989081812474,0.9822312496337681,0.04388510916006286,0.12235590564362457,18,2025-12-23 23:34:59.331468
7,test_7_19,1,12.785049369334347,0.8402561247762839,0.048159950782999526,0.1431667787826901,19,2025-12-24 23:34:59.331504
7,test_7_20,1,16.875976510625797,0.9822257505235462,0.05545005909216066,0.1495206646415315,20,2025-12-25 23:34:59.331538
7,test_7_21,-1,29.33749220886346,1.0670947175088408,0.05152133868291105,0.1461101115631598,21,2025-12-26 23:34:59.331591
7,test_7_22,-1,10.930004220369208,0.8021211743797472,0.05175903610242383,0.13504493938366843,22,2025-12-27 23:34:59.331633
7,test_7_23,-1,9.321405746345441,0.7617170469124916,0.04431846011069811,0.12777281012201705,23,2025-12-28 23:34:59.331670
7,test_7_24,1,7.639042414015009,0.7526138187777967,0.04602658176325943,0.12316292322307729,24,2025-12-29 23:34:59.331705
7,test_7_25,1,21.39894047361813,0.96886105119918,0.04669098063712303,0.15238951521658367,25,2025-12-30 23:34:59.331739
7,test_7_26,-1,17.432360229840736,0.8761802314548636,0.04307269999495571,0.1479527472181831,26,2025-12-31 23:34:59.331772
7,test_7_27,-1,11.986769210943546,0.7892425061309133,0.04486070428034716,0.1439980543232728,27,2026-01-01 23:34:59.331805
7,test_7_28,1,28.916706156152717,1.035852586758082,0.05638248717820425,0.17755647202792293,28,2026-01-02 23:34:59.331839
7,test_7_29,-1,13.290281212783876,0.7694412181983312,0.05089598473560484,0.1327510263637239,29,2026-01-03 23:34:59.331872
7,test_7_30,-1,14.33765068100775,0.8083546021873761,0.04500832175905225,0.13469867766954174,30,2026-01-04 23:34:59.331909
7,test_7_31,0,16.89616305575015,0.9416969549271046,0.05706104256876172,0.15147112306052948,31,2026-01-05 23:34:59.331942
7,test_7_32,-1,9.369105018395858,0.7326611577708397,0.04579567266445052,0.1285226154810347,32,2026-01-06 23:34:59.331977
7,test_7_33,0,32.85125220675627,0.9292723427977829,0.066144218913656,0.1679152455202629,33,2026-01-07 23:34:59.332010
7,test_7_34,-1,36.464408704007276,1.1753561331552813,0.05199859021288154,0.19251171850038595,34,2026-01-08 23:34:59.332046
7,test_7_35,-1,35.818261510402635,1.016895371873823,0.058276835619498604,0.16216660438164981,35,2026-01-09 23:34:59.332080
7,test_7_36,-1,22.564895440981054,0.8937668118672746,0.04631518490530637,0.1636207091476734,36,2026-01-10 23:34:59.332113
7,test_7_37,1,20.847862320947286,0.8577769524088286,0.05733109783803261,0.14139106930488354,37,2026-01-11 23:34:59.332147
7,test_7_38,1,22.174239012135423,0.8959548766804726,0.04938902604392363,0.16516613152401577,38,2026-01-12 23:34:59.332181
7,test_7_39,1,33.94647187573872,0.9598913595287707,0.05798358022000057,0.18908180029500732,39,2026-01-13 23:34:59.332218
7,test_7_40,1,21.25035922052207,0.9606070568058437,0.05661190725254977,0.14626396586199816,40,2026-01-14 23:34:59.332252
7,test_7_41,1,10.819400780310636,0.8507266649899519,0.05037725740905789,0.13489839033831075,41,2026-01-15 23:34:59.332285
7,test_7_42,1,29.46030955252126,1.009162555342372,0.05769142557026715,0.17460334046958503,42,2026-01-16 23:34:59.332318
7,test_7_43,0,28.700611152689554,0.979236149780534,0.05854225078062505,0.1653054071328287,43,2026-01-17 23:34:59.332355
7,test_7_44,0,26.103211058471906,0.9219810839643603,0.05613433080044039,0.1664564056001799,44,2026-01-18 23:34:59.332388
7,test_7_45,0,19.130343129076778,0.851919544697735,0.04997095168250217,0.16312340561966118,45,2026-01-19 23:34:59.332422
7,test_7_46,-1,29.071054154460676,0.9958178721057411,0.05817205873471419,0.1736072716099407,46,2026-01-20 23:34:59.332455
7,test_7_47,1,20.968107334462097,0.8585289333378041,0.05759091104631253,0.1588448001237635,47,2026-01-21 23:34:59.332488
7,test_7_48,0,18.84812324284393,0.8089407633786664,0.05242337324889241,0.16346871125993295,48,2026-01-22 23:34:59.332521
7,test_7_49,1,19.317946306035903,0.8599743181392531,0.05204720839418884,0.15758612107037753,49,2026-01-23 23:34:59.332557
7,test_7_50,1,28.3868731792169,0.9793665823058169,0.060899511674431264,0.16899565253602655,50,2026-01-24 23:34:59.332591
7,test_7_51,1,39.86663664253174,1.00039641842933,0.06542919937858971,0.20426990417698557,51,2026-01-25 23:34:59.332624
7,test_7_52,-1,35.49994167450568,0.9911364101642459,0.07207144021271325,0.17897574559383078,52,2026-01-26 23:34:59.332658
7,test_7_53,-1,41.94511761698497,1.0902961117111534,0.07157201822088219,0.17955968597172461,53,2026-01-27 23:34:59.332692
7,test_7_54,1,23.48285566422771,1.012237245754441,0.05687625999011041,0.176112297496106,54,2026-01-28 23:34:59.332725
7,test_7_55,-1,34.37327291820877,0.9538794302134123,0.06356900465296322,0.187137185331592,55,2026-01-29 23:34:59.332758
7,test_7_56,0,33.97757898715156,0.9382449078308657,0.059444860266735754,0.16471037668961633,56,2026-01-30 23:34:59.332791
7,test_7_57,1,16.6307929620372,0.871842148427969,0.05868842150209846,0.14459437772116138,57,2026-01-31 23:34:59.332823
7,test_7_58,-1,8.258143011860966,0.7488532285551749,0.048824829207752427,0.1408314555719568,58,2026-02-01 23:34:59.332858
7,test_7_59,-1,35.47851131465157,0.8380115140531926,0.06820560554112065,0.18528549332763836,59,2026-02-02 23:34:59.332890
7,test_7_60,-1,0.8788609494958308,0.6520296104037802,0.04286899996616958,0.12276002409663071,60,2026-02-03 23:34:59.332922
7,test_7_61,-1,7.1362453464531335,0.7727792785318055,0.05402738875306977,0.12466185214522092,61,2026-02-04 23:34:59.332956
7,test_7_62,1,18.17217641578931,0.848666600922812,0.05755425131525881,0.1530364600701672,62,2026-02-05 23:34:59.332988
7,test_7_63,1,8.277502254326812,0.7425989713637798,0.05476010669144079,0.1479973514216109,63,2026-02-06 23:34:59.333020
7,test_7_64,0,51.481439857534866,1.0903220960666842,0.07718261266555253,0.2037340601021486,64,2026-02-07 23:34:59.333052
7,test_7_65,-1,26.680598059668203,0.862449278519815,0.061358643171270634,0.1754620975278196,65,2026-02-08 23:34:59.333083
7,test_7_66,1,24.49290780134516,0.8261510401661071,0.06307100579779945,0.16794705141569882,66,2026-02-09 23:34:59.333118
7,test_7_67,0,20.462075148359162,0.9098835800278038,0.05919937364207017,0.16121214965777467,67,2026-02-10 23:34:59.333153
7,test_7_68,-1,30.687090160356732,1.0163630991365462,0.0596433989536152,0.1900730705779034,68,2026-02-11 23:34:59.333185
7,test_7_69,0,24.88907996051398,0.8896657240176782,0.0580384430689289,0.17356380657349788,69,2026-02-12 23:34:59.333218
7,test_7_70,0,19.373079755597672,0.8374796356974237,0.04738032225674523,0.16394250274983113,70,2026-02-13 23:34:59.333250
7,test_7_71,0,26.59743367050745,0.866065740037479,0.06373315023221564,0.16025911627492084,71,2026-02-14 23:34:59.333282
7,test_7_72,0,12.715561687342374,0.6867033296720996,0.05344433779761758,0.13430754416772347,72,2026-02-15 23:34:59.333314
7,test_7_73,0,34.6513359057238,0.9680450477733189,0.07362921305502032,0.1832988016399081,73,2026-02-16 23:34:59.333345
7,test_7_74,0,20.075096091663347,0.7749007694906387,0.050881344123601395,0.1547993514945068,74,2026-02-17 23:34:59.333381
7,test_7_75,0,13.032531900749774,0.7726844748245915,0.05383385867107608,0.14324128898343488,75,2026-02-18 23:34:59.333415
7,test_7_76,1,20.875861817835197,0.8373211503930007,0.0628600588956137,0.17111991469458115,76,2026-02-19 23:34:59.333447
7,test_7_77,1,16.091103880579414,0.8571612042819934,0.05420818102142876,0.1516888787140476,77,2026-02-20 23:34:59.333479
7,test_7_78,0,32.536242852719845,0.9073749950368606,0.07224867084828329,0.20392584641723033,78,2026-02-21 23:34:59.333514
7,test_7_79,-1,33.1079864559171,0.9304468004059904,0.05358074061193096,0.19466103565820325,79,2026-02-22 23:34:59.333546
7,test_7_80,-1,17.577519864337976,0.801085435595808,0.049571272416084305,0.15886589057269665,80,2026-02-23 23:34:59.333595
7,test_7_81,1,29.507387900435468,0.858415223702436,0.05802407068603744,0.19028402273658626,81,2026-02-24 23:34:59.333635
7,test_7_82,0,26.825010305992134,0.8487893320504317,0.06222361273071088,0.1771305434581754,82,2026-02-25 23:34:59.333668
7,test_7_83,-1,38.83980491172018,1.0590429224264382,0.06743992899264552,0.21521162740215688,83,2026-02-26 23:34:59.333700
7,test_7_84,0,13.920169579570924,0.7682254402765243,0.05718374656217964,0.14450065343145352,84,2026-02-27 23:34:59.333733
7,test_7_85,0,28.79767636040896,0.8300783971243351,0.06033889586472534,0.19480141370339765,85,2026-02-28 23:34:59.333765
7,test_7_86,1,27.14543344956964,0.8423980227722836,0.05378931900771751,0.18010167728879353,86,2026-03-01 23:34:59.333796
7,test_7_87,1,39.049423292181196,1.0307890065245047,0.07838234888640426,0.1893687038367105,87,2026-03-02 23:34:59.333828
7,test_7_88,1,2.016329620373199,0.6149245479474977,0.04894779353971808,0.11873901341199686,88,2026-03-03 23:34:59.333860
7,test_7_89,-1,23.487007797674778,0.8921687698771288,0.05422640876539315,0.17021808551251408,89,2026-03-04 23:34:59.333892
7,test_7_90,0,10.92957786457575,0.6910405146851363,0.05115205583146315,0.15375780815181006,90,2026-03-05 23:34:59.333924
7,test_7_91,-1,24.545350238709954,0.8070055851917793,0.059242568153849665,0.16571354074901914,91,2026-03-06 23:34:59.333955
7,test_7_92,0,41.19068481108081,0.925769386488993,0.06899042357759345,0.2278925365311966,92,2026-03-07 23:34:59.333987
7,test_7_93,-1,34.96118214911129,0.9345653706846028,0.07624655029577276,0.19691567411756608,93,2026-03-08 23:34:59.334021
7,test_7_94,-1,8.885325691614526,0.7135239445910126,0.05387682574918847,0.15606194721153607,94,2026-03-09 23:34:59.334058
7,test_7_95,1,23.640727101442327,0.8844676442542183,0.0572564848913212,0.17961120311059137,95,2026-03-10 23:34:59.334090
7,test_7_96,0,16.672947813945477,0.7485600543313412,0.048659297655407725,0.17052125848523803,96,2026-03-11 23:34:59.334123
7,test_7_97,-1,30.3629090951719,0.7739917526914533,0.060158037983049216,0.18778649007835455,97,2026-03-12 23:34:59.334157
7,test_7_98,1,18.388243651717346,0.6858994063641638,0.0598450388532547,0.15054866718540136,98,2026-03-13 23:34:59.334192
7,test_7_99,-1,19.44691944613953,0.8318608464359922,0.057320359794335994,0.18077209740977038,99,2026-03-14 23:34:59.334224
7,test_7_100,0,25.550546219869616,0.7423052691097403,0.06752008291917952,0.17505471304532233,100,2026-03-15 23:34:59.334259
7,test_7_101,0,15.574419942081237,0.717201697000457,0.055588698919866016,0.1782053696554223,101,2026-03-16 23:34:59.334292
7,test_7_102,1,48.51602053374452,0.9465642034411987,0.09158290743602801,0.21796834422425312,102,2026-03-17 23:34:59.334325
7,test_7_103,0,15.69335782039613,0.7535943286685924,0.0638191375470613,0.15790687911018403,103,2026-03-18 23:34:59.334356
7,test_7_104,0,15.326648030752947,0.7320681751937911,0.05498135212223073,0.16414383260478904,104,2026-03-19 23:34:59.334388
7,test_7_105,-1,24.40584818727506,0.8033267250122954,0.0648539639997862,0.1896126252194879,105,2026-03-20 23:34:59.334420
7,test_7_106,0,23.53441464308321,0.7488851887892477,0.06587883704442216,0.16867959547397185,106,2026-03-21 23:34:59.334452
7,test_7_107,0,9.163501748395017,0.6795416299107252,0.052371569158461834,0.14404846884400346,107,2026-03-22 23:34:59.334483
7,test_7_108,0,31.5839251192249,0.8855414167332102,0.06315525238688054,0.21032210278547556,108,2026-03-23 23:34:59.334515
7,test_7_109,0,23.244825722129512,0.778867962304102,0.06724650965956572,0.183189662437234,109,2026-03-24 23:34:59.334547
7,test_7_110,1,37.302221756507876,0.8828071612784423,0.06651929485626237,0.20947691470978955,110,2026-03-25 23:34:59.334579
7,test_7_111,-1,28.874318715842602,0.8454362774916253,0.05867196043511209,0.176075725693772,111,2026-03-26 23:34:59.334610
7,test_7_112,1,28.59302580085755,0.8337669234184105,0.0648615551123271,0.1865129159894263,112,2026-03-27 23:34:59.334643
7,test_7_113,-1,30.70507208354516,0.8709875978012187,0.06266299408105494,0.21719424084592787,113,2026-03-28 23:34:59.334674
7,test_7_114,0,30.020192709968647,0.8445656301516927,0.05713043036964045,0.20031596498770804,114,2026-03-29 23:34:59.334706
7,test_7_115,0,24.160727451273246,0.8083279643778682,0.06752042494748284,0.18851715342232908,115,2026-03-30 23:34:59.334738
7,test_7_116,0,16.03968436234412,0.6786702622310096,0.0608480262273986,0.1686352800295654,116,2026-03-31 23:34:59.334769
7,test_7_117,1,6.103507079038472,0.6169220206455769,0.05332081099836397,0.1524198715419128,117,2026-04-01 23:34:59.334804
7,test_7_118,0,10.038008459239983,0.6222886817845604,0.055938682294448316,0.1698203079456727,118,2026-04-02 23:34:59.334836
7,test_7_119,-1,39.473056993918064,0.9218325797370276,0.0745500674140944,0.21804722187170392,119,2026-04-03 23:34:59.334867
7,test_7_120,0,50.016450351351125,1.052046690633515,0.0897942559250178,0.22905594631233345,120,2026-04-04 23:34:59.334899
7,test_7_121,-1,19.517997018332274,0.7524319444660841,0.05103430098581236,0.18104298162793453,121,2026-04-05 23:34:59.334931
7,test_7_122,0,31.108976739007975,0.8374336865138858,0.05561020480873643,0.20224235973695137,122,2026-04-06 23:34:59.334963
7,test_7_123,0,25.284575811831587,0.6835223739526287,0.06859299958775074,0.16642858391786228,123,2026-04-07 23:34:59.334994
7,test_7_124,0,20.561416495506634,0.751350548261602,0.0625682868970173,0.1867279219529193,124,2026-04-08 23:34:59.335026
7,test_7_125,0,42.04651005928135,0.9109124610170762,0.07435914287381067,0.2178717617579856,125,2026-04-09 23:34:59.335063
7,test_7_126,1,16.676392857030887,0.6562298900810171,0.06535007643905685,0.16668579349704052,126,2026-04-10 23:34:59.335094
7,test_7_127,1,31.333268260712384,0.6784006202361008,0.06589432743959396,0.19449937070172657,127,2026-04-11 23:34:59.335126
7,test_7_128,-1,24.582628676235213,0.8039487313336662,0.06229987423662009,0.18894939070371322,128,2026-04-12 23:34:59.335158
7,test_7_129,0,9.192491826905584,0.6975517119043521,0.05413093093832389,0.15422735986535935,129,2026-04-13 23:34:59.335190
7,test_7_130,0,12.096489152556583,0.7123537173582981,0.05843711302778504,0.17558008945522902,130,2026-04-14 23:34:59.335227
7,test_7_131,-1,22.401998592324876,0.7131182868229162,0.062341224324695375,0.1764695626191599,131,2026-04-15 23:34:59.335260
7,test_7_132,1,34.952112224773984,0.8557708479850492,0.0778403266224297,0.19642230070325079,132,2026-04-16 23:34:59.335293
7,test_7_133,-1,16.756769879371216,0.6472366707699916,0.06502882137952974,0.16800685726950712,133,2026-04-17 23:34:59.335324
7,test_7_134,0,26.74375385675017,0.7652210096491194,0.06272286261497834,0.1806181317150269,134,2026-04-18 23:34:59.335357
7,test_7_135,0,36.44759611452297,0.8028789857796563,0.06678022135361225,0.21409548370667486,135,2026-04-19 23:34:59.335388
7,test_7_136,-1,41.709917152886106,0.9047398725953133,0.0785572646174513,0.22493445070750137,136,2026-04-20 23:34:59.335422
7,test_7_137,1,26.94842340270138,0.7324528201723106,0.06852542760300771,0.1991832877251909,137,2026-04-21 23:34:59.335455
7,test_7_138,-1,22.629880299873722,0.8070878909243162,0.06704414757002018,0.195934676413454,138,2026-04-22 23:34:59.335487
7,test_7_139,1,13.61514910062317,0.6933591967654896,0.055154596834599286,0.16146572846881815,139,2026-04-23 23:34:59.335518
7,test_7_140,-1,19.24055188576272,0.7427897862509286,0.06813925203681122,0.17201148691688048,140,2026-04-24 23:34:59.335550
7,test_7_141,1,26.386458947118026,0.6959634282279297,0.06497822081296273,0.19781492480132792,141,2026-04-25 23:34:59.335599
7,test_7_142,0,21.94380888931687,0.7060153316791763,0.05512949880572425,0.18262123038239947,142,2026-04-26 23:34:59.335638
7,test_7_143,-1,25.496710563002644,0.7278713331876654,0.07475023444307502,0.18986089062539172,143,2026-04-27 23:34:59.335670
7,test_7_144,1,39.97698516041463,0.7071558861491601,0.07801195308119475,0.23725034808907058,144,2026-04-28 23:34:59.335702
7,test_7_145,-1,27.215584736242107,0.701342429446144,0.07601203307430277,0.19627432026933964,145,2026-04-29 23:34:59.335733
7,test_7_146,0,8.77066997318762,0.6427977754542785,0.05119560433624204,0.15482665436523374,146,2026-04-30 23:34:59.335764
7,test_7_147,1,20.068551442458514,0.6545276107516554,0.058993125914197975,0.19571913548365039,147,2026-05-01 23:34:59.335796
7,test_7_148,-1,41.653090460600914,0.9156222620274378,0.0811781929300359,0.22979612550281428,148,2026-05-02 23:34:59.335829
7,test_7_149,-1,9.695385902566231,0.670135368477663,0.05407905227001885,0.17780367454019416,149,2026-05-03 23:34:59.335860
7,test_7_150,0,10.764293578188724,0.5932922933923921,0.05391775270306288,0.15936572374064253,150,2026-05-04 23:34:59.335892
7,test_7_151,-1,18.983475978185602,0.696898302098132,0.06884957948283066,0.19359226340547425,151,2026-05-05 23:34:59.335927
7,test_7_152,1,24.330400967028602,0.7552877110343793,0.05957596193667027,0.1951157617947774,152,2026-05-06 23:34:59.335959
7,test_7_153,1,35.886965586176956,0.8080454010994752,0.08362785693768945,0.20769534867920247,153,2026-05-07 23:34:59.335990
7,test_7_154,1,41.383597322709406,0.8956476452820912,0.07955340581414677,0.2351206994600728,154,2026-05-08 23:34:59.336022
7,test_7_155,0,28.224159827111272,0.7233232043678585,0.07959808849092717,0.20089955157746864,155,2026-05-09 23:34:59.336054
7,test_7_156,1,38.196356622437186,0.773287408686566,0.07742497172856641,0.1974615846550163,156,2026-05-10 23:34:59.336088
7,test_7_157,-1,34.31340923183002,0.769518077114032,0.07738432078966921,0.20909748176578666,157,2026-05-11 23:34:59.336123
7,test_7_158,0,32.93818467143816,0.7603434010682802,0.06436108380787046,0.20799264063373818,158,2026-05-12 23:34:59.336155
7,test_7_159,0,18.288563932368785,0.6705043724857517,0.058175798683001725,0.18224811600640747,159,2026-05-13 23:34:59.336187
7,test_7_160,0,34.756783454381534,0.711033482248495,0.07544865341274033,0.21581490960674093,160,2026-05-14 23:34:59.336219
7,test_7_161,-1,25.61212371394755,0.7841611557612349,0.0647421070743865,0.188401568256685,161,2026-05-15 23:34:59.336250
7,test_7_162,1,28.594757975471254,0.6924235290118743,0.06874669968617149,0.2003799217239762,162,2026-05-16 23:34:59.336284
7,test_7_163,0,21.30568310539301,0.7152613717307225,0.06620201562919642,0.17379975848608725,163,2026-05-17 23:34:59.336315
7,test_7_164,0,51.376948879639016,0.8835607175559926,0.09377969586536339,0.2296627185313445,164,2026-05-18 23:34:59.336348
7,test_7_165,1,39.95844917653247,0.8623853396236779,0.0801820213863504,0.22813112560491328,165,2026-05-19 23:34:59.336379
7,test_7_166,-1,30.132324268151827,0.7431776061176785,0.07001981110215716,0.20635976284904214,166,2026-05-20 23:34:59.336411
7,test_7_167,-1,9.284219213208223,0.5220922926122185,0.06144649477881622,0.16262154724770883,167,2026-05-21 23:34:59.336443
8,test_8_0,-1,21.14617598937322,0.9423124969635688,0.05377152657266504,0.1604681969908389,0,2025-11-23 23:34:59.336484
8,test_8_1,-1,22.41919290135949,0.8895248142068393,0.0491779636204209,0.1407416021989616,1,2025-11-24 23:34:59.336517
8,test_8_2,-1,18.5158642499716,1.0173041373767109,0.045853370436281786,0.1271310422243031,2,2025-11-25 23:34:59.336549
8,test_8_3,-1,20.182340289065248,0.949229278466382,0.05056563298365865,0.16123870141303945,3,2025-11-26 23:34:59.336581
8,test_8_4,0,23.524804353819437,0.9992998161310175,0.04808934222458354,0.14812929918232,4,2025-11-27 23:34:59.336614
8,test_8_5,0,28.86154688159816,1.002338914189186,0.05112767074106103,0.14848142592532443,5,2025-11-28 23:34:59.336645
8,test_8_6,-1,13.205403354922197,0.8462930209580088,0.04691564515558068,0.11999138794142881,6,2025-11-29 23:34:59.336677
8,test_8_7,1,38.66238989965733,1.1185428833754445,0.0662973752048537,0.17674361106922556,7,2025-11-30 23:34:59.336712
8,test_8_8,0,17.65296963339984,0.9727218426551829,0.04253402177746968,0.14649731692893522,8,2025-12-01 23:34:59.336747
8,test_8_9,1,24.42482246994537,0.987501990268817,0.061624614260318525,0.15652436337845543,9,2025-12-02 23:34:59.336781
8,test_8_10,0,30.242041709015467,1.086032488051578,0.06064917670434304,0.15699740762866557,10,2025-12-03 23:34:59.336814
8,test_8_11,1,22.046053813008378,0.9631641204685145,0.052502516638147666,0.13903504480897594,11,2025-12-04 23:34:59.336847
8,test_8_12,-1,22.08241367741463,0.999833919033378,0.04844350518936081,0.15623325482214387,12,2025-12-05 23:34:59.336878
8,test_8_13,1,20.693266998228932,0.9101900374052219,0.045582500198957994,0.14407430010905478,13,2025-12-06 23:34:59.336911
8,test_8_14,0,14.202636787241516,0.8653189532156806,0.04365300430710534,0.12515410816831754,14,2025-12-07 23:34:59.336942
8,test_8_15,0,3.7631698267517066,0.7282997798539974,0.038385123096044006,0.11102252706191712,15,2025-12-08 23:34:59.336974
8,test_8_16,1,35.40507977349104,1.140966020595115,0.06043350933859897,0.16660448539209727,16,2025-12-09 23:34:59.337006
8,test_8_17,0,31.056062326313132,1.0062440153968377,0.05601598232334009,0.1800975457142772,17,2025-12-10 23:34:59.337037
8,test_8_18,1,37.67639376060458,1.1834710024241115,0.053534995894239296,0.17090017580212213,18,2025-12-11 23:34:59.337069
8,test_8_19,-1,24.107613334575785,0.9685654294528171,0.05383919298881386,0.13884306778458358,19,2025-12-12 23:34:59.337101
8,test_8_20,0,17.074765528847873,0.841482513685438,0.04866479227544551,0.13416122720070747,20,2025-12-13 23:34:59.337135
8,test_8_21,-1,22.573712121998437,0.9805862107004188,0.05562843751287726,0.15209627182440277,21,2025-12-14 23:34:59.337167
8,test_8_22,-1,16.071704026819205,0.890695629235573,0.0474559136836507,0.13181656817454285,22,2025-12-15 23:34:59.337200
8,test_8_23,-1,35.05924511796417,1.0856265392894566,0.05995227621740012,0.16761561239154676,23,2025-12-16 23:34:59.337232
8,test_8_24,1,32.08560314856645,0.9982022615853599,0.05286442164907931,0.16027696998578642,24,2025-12-17 23:34:59.337264
8,test_8_25,0,49.988673861657865,1.1874960988702592,0.07273240338808051,0.2104154059634409,25,2025-12-18 23:34:59.337296
8,test_8_26,1,30.032520647495048,1.0296533157633936,0.05216023004317774,0.14768768520372902,26,2025-12-19 23:34:59.337331
8,test_8_27,0,30.488504258088284,1.014299164063808,0.04689745418663297,0.15765469258489445,27,2025-12-20 23:34:59.337370
8,test_8_28,-1,24.171393274640845,0.9615125475104268,0.06396785584892847,0.13697402875713197,28,2025-12-21 23:34:59.337402
8,test_8_29,1,18.589237345592814,0.9068087918452279,0.045833939715260646,0.1472009232725417,29,2025-12-22 23:34:59.337434
8,test_8_30,0,16.353978588820063,0.8492413106943321,0.04034720233282595,0.14004536817257965,30,2025-12-23 23:34:59.337466
8,test_8_31,-1,27.84475629464472,1.008706364541033,0.05795645440839773,0.15890527730484397,31,2025-12-24 23:34:59.337498
8,test_8_32,1,45.97939339132431,1.1620030871827627,0.0720226124358614,0.18500483178494465,32,2025-12-25 23:34:59.337531
8,test_8_33,1,24.924171120789584,0.9800571368633533,0.05088345623278878,0.14009612896498863,33,2025-12-26 23:34:59.337562
8,test_8_34,0,29.38501769565738,1.0057550489639848,0.05210818838094048,0.16121283046088772,34,2025-12-27 23:34:59.337621
8,test_8_35,1,27.99055074821043,0.9515696743837379,0.06905113828955642,0.18574829086472708,35,2025-12-28 23:34:59.337656
8,test_8_36,-1,19.17692872068818,0.878999333888802,0.054854304776613204,0.15426549206999407,36,2025-12-29 23:34:59.337688
8,test_8_37,0,23.505685139889106,0.90430308351656,0.050264453328488265,0.1635557092405011,37,2025-12-30 23:34:59.337726
8,test_8_38,-1,27.68274939789526,0.9593763879282287,0.058141512630811826,0.19326634397406556,38,2025-12-31 23:34:59.337773
8,test_8_39,-1,0.8700731192411695,0.7009326619499814,0.042141914292906264,0.1116031852111837,39,2026-01-01 23:34:59.337806
8,test_8_40,-1,35.71929865211797,1.0931716454395386,0.06549975119707398,0.1837765016803693,40,2026-01-02 23:34:59.337838
8,test_8_41,1,17.362113000051174,0.9973464984868804,0.05535616370428025,0.15677834487268197,41,2026-01-03 23:34:59.337869
8,test_8_42,-1,20.436135386625246,0.861716295955783,0.05182986891663761,0.16461195268273812,42,2026-01-04 23:34:59.337901
8,test_8_43,-1,0.01938982507060416,0.6713605778544429,0.04086486166872142,0.11354937702763689,43,2026-01-05 23:34:59.337932
8,test_8_44,1,22.499415442081023,0.936387402508256,0.052738469723366245,0.1644033355435524,44,2026-01-06 23:34:59.337963
8,test_8_45,0,37.65445519891654,0.9186365826173563,0.06007242789832567,0.19573528031772794,45,2026-01-07 23:34:59.337996
8,test_8_46,-1,12.898429757693126,0.7966801484546312,0.04779161967182789,0.15439311344638873,46,2026-01-08 23:34:59.338030
8,test_8_47,0,31.085846453501784,0.9775127369234206,0.06054983158233974,0.1771185565213885,47,2026-01-09 23:34:59.338062
8,test_8_48,0,9.213247980970108,0.7551273951813845,0.04022744704762704,0.14016614282641643,48,2026-01-10 23:34:59.338095
8,test_8_49,-1,17.386447301910593,0.8739089331820845,0.05436535506366091,0.13326152279807935,49,2026-01-11 23:34:59.338127
8,test_8_50,-1,28.350212958021025,0.9577353049458565,0.05576747104447977,0.1562156192198699,50,2026-01-12 23:34:59.338159
8,test_8_51,-1,27.887280030098363,1.0005619257499732,0.0587996189430066,0.18194913965062892,51,2026-01-13 23:34:59.338191
8,test_8_52,1,20.96526940006995,0.791051768730179,0.055163687336649565,0.14215498448129327,52,2026-01-14 23:34:59.338226
8,test_8_53,0,34.80608354866757,1.0379800274180415,0.0631248364740584,0.16858471903976913,53,2026-01-15 23:34:59.338258
8,test_8_54,0,29.65773318490823,0.9724316270726128,0.05439711613472436,0.16068729401274187,54,2026-01-16 23:34:59.338290
8,test_8_55,0,18.01212381472545,0.8905188901490186,0.04453559251072253,0.16385747831790393,55,2026-01-17 23:34:59.338322
8,test_8_56,-1,32.5656467491314,1.0207515303635437,0.06324057049612122,0.17312030201370812,56,2026-01-18 23:34:59.338353
8,test_8_57,1,18.66503310795477,0.8454275428368717,0.05118025350518183,0.16123787121872213,57,2026-01-19 23:34:59.338385
8,test_8_58,-1,24.882764967908066,0.8756128569903909,0.05311270509525846,0.1745457085882158,58,2026-01-20 23:34:59.338419
8,test_8_59,1,22.178122391854703,0.9085310137390422,0.051242701063364315,0.16608657163397225,59,2026-01-21 23:34:59.338454
8,test_8_60,1,35.7684814465768,1.0443641494131832,0.07205883179453497,0.17569537051987083,60,2026-01-22 23:34:59.338485
8,test_8_61,-1,21.475757449362725,0.8590198144393135,0.06081794438677744,0.16640344048757713,61,2026-01-23 23:34:59.338519
8,test_8_62,-1,29.890838781507426,0.9559021162907358,0.05577571890561433,0.17488467702500535,62,2026-01-24 23:34:59.338550
8,test_8_63,-1,22.235102444132472,0.825140905568849,0.05255229331635468,0.15729392079377538,63,2026-01-25 23:34:59.338583
8,test_8_64,1,25.331146113917328,0.9230650988699197,0.0708067038097301,0.15849230225871033,64,2026-01-26 23:34:59.338615
8,test_8_65,-1,35.743330047702436,1.0067496216913756,0.05839835984753907,0.18070930684413875,65,2026-01-27 23:34:59.338647
8,test_8_66,1,12.614368109653329,0.7240278352190487,0.0474700059712517,0.14519946778773876,66,2026-01-28 23:34:59.338680
8,test_8_67,0,19.74346625916275,0.8308545993080206,0.04927232028146323,0.1497852365200433,67,2026-01-29 23:34:59.338712
8,test_8_68,1,21.500541654851595,0.9494653228467927,0.05387452728488085,0.1584361861865093,68,2026-01-30 23:34:59.338744
8,test_8_69,-1,25.86970217575358,0.8835231724311091,0.058865157340145295,0.17191989361976354,69,2026-01-31 23:34:59.338776
8,test_8_70,0,17.2656250813234,0.7355564783385622,0.0443902169784776,0.1662035022136583,70,2026-02-01 23:34:59.338807
8,test_8_71,0,47.93211005699324,1.1261774575236678,0.0706766273281375,0.20275483246791048,71,2026-02-02 23:34:59.338839
8,test_8_72,1,33.39349114231602,0.9761132005710991,0.06161590349463986,0.19937011297609802,72,2026-02-03 23:34:59.338871
8,test_8_73,0,35.51463319008119,1.0276382456535724,0.06061926605546163,0.17528205687591436,73,2026-02-04 23:34:59.338903
8,test_8_74,1,12.833407874731488,0.7822281829075741,0.04979944406577467,0.1559463372436131,74,2026-02-05 23:34:59.338936
8,test_8_75,0,19.36610335038995,0.8177975377123858,0.05594056846146769,0.16214126721769354,75,2026-02-06 23:34:59.338967
8,test_8_76,-1,12.708164021995838,0.8007108955976942,0.048758057972598884,0.15755525995337544,76,2026-02-07 23:34:59.338999
8,test_8_77,-1,23.1982644346492,0.8607633506424166,0.05676069608884488,0.16332081150750055,77,2026-02-08 23:34:59.339030
8,test_8_78,-1,19.155447081495616,0.7910746982281047,0.0538293826107338,0.16924993303615163,78,2026-02-09 23:34:59.339064
8,test_8_79,-1,6.885479162374612,0.6942653176569359,0.04714522685498934,0.12884005761844985,79,2026-02-10 23:34:59.339096
8,test_8_80,1,33.76789554553953,0.9717596601092486,0.06554981664605622,0.2010570710236654,80,2026-02-11 23:34:59.339128
8,test_8_81,0,36.93112945851028,0.9678710111522248,0.07042708220986423,0.19097396792897248,81,2026-02-12 23:34:59.339159
8,test_8_82,1,11.211966954147737,0.711123904750394,0.05332005358293012,0.16071513937343698,82,2026-02-13 23:34:59.339191
8,test_8_83,0,28.625425701364385,0.9045525707039455,0.056098192035815925,0.1893233476952819,83,2026-02-14 23:34:59.339223
8,test_8_84,0,34.37477492506925,0.9636891147001294,0.07206079704162417,0.1872208798728526,84,2026-02-15 23:34:59.339257
8,test_8_85,0,14.609133570706248,0.7841781703328018,0.05234707450318558,0.1589870232504793,85,2026-02-16 23:34:59.339294
8,test_8_86,-1,18.44622483932315,0.7379823871721407,0.05968564608869411,0.14366147150250147,86,2026-02-17 23:34:59.339326
8,test_8_87,1,19.876257593233063,0.8144101345827054,0.047027343069699516,0.17892344988878783,87,2026-02-18 23:34:59.339358
8,test_8_88,1,25.08763484885367,0.7954690223651901,0.07120983296032876,0.1721992956594141,88,2026-02-19 23:34:59.339390
8,test_8_89,1,30.945210754565203,0.8689658257060524,0.06576664891019995,0.1812635834432566,89,2026-02-20 23:34:59.339422
8,test_8_90,-1,5.195657704339794,0.6353465258294437,0.046433674748254196,0.13393513063999493,90,2026-02-21 23:34:59.339459
8,test_8_91,-1,21.04784998215949,0.800059781673494,0.06350194565273073,0.17411455054781927,91,2026-02-22 23:34:59.339493
8,test_8_92,0,26.302666188690242,0.824605594880492,0.0613119299177949,0.17492774798169772,92,2026-02-23 23:34:59.339525
8,test_8_93,0,26.286174504049665,0.7537039097890114,0.04676555238959559,0.1863393575811818,93,2026-02-24 23:34:59.339558
8,test_8_94,0,27.04068702274982,0.9411829148671299,0.0651394482827055,0.17236938051537826,94,2026-02-25 23:34:59.339605
8,test_8_95,1,23.664022066722307,0.8443298064946052,0.05889440119945898,0.17765428747952278,95,2026-02-26 23:34:59.339645
8,test_8_96,0,34.33746208837992,0.9284125994707598,0.06949680125367727,0.19204909992211794,96,2026-02-27 23:34:59.339677
8,test_8_97,-1,15.873354243392296,0.7584974907994751,0.058691673091823854,0.15564764436703787,97,2026-02-28 23:34:59.339710
8,test_8_98,0,29.00691837085707,0.8533691681232837,0.05730450774961334,0.1863790614929582,98,2026-03-01 23:34:59.339742
8,test_8_99,1,10.688037774213727,0.7028650220860098,0.04825653172822715,0.16348060384255003,99,2026-03-02 23:34:59.339774
8,test_8_100,-1,15.373489880810236,0.7748138244553993,0.050460555674390825,0.16809975714210998,100,2026-03-03 23:34:59.339806
8,test_8_101,1,25.086501773089186,0.7885536041287772,0.060317202732218245,0.17371595225149541,101,2026-03-04 23:34:59.339976
8,test_8_102,0,28.88574361997533,0.8701423007544733,0.06376957879250107,0.18990549661891684,102,2026-03-05 23:34:59.340016
8,test_8_103,1,18.92259859833944,0.7684203929400325,0.06074907704893983,0.17067104980079467,103,2026-03-06 23:34:59.340090
8,test_8_104,0,23.0180432362028,0.8569050790449181,0.06291782623187625,0.17347249630899855,104,2026-03-07 23:34:59.340362
8,test_8_105,-1,33.09718265087845,0.9086376805857699,0.06187304953811286,0.19638851050586803,105,2026-03-08 23:34:59.340542
8,test_8_106,-1,30.882454459516296,0.8506718424680484,0.07199407492296316,0.18869728172110498,106,2026-03-09 23:34:59.340867
8,test_8_107,1,18.622050948834715,0.8259001508614028,0.06310157668822208,0.15754787150609886,107,2026-03-10 23:34:59.340921
8,test_8_108,-1,28.56972759266926,0.8177684047705726,0.06728164123342001,0.19066809978922664,108,2026-03-11 23:34:59.340958
8,test_8_109,1,24.52297530515384,0.7160476883906672,0.06720963329749545,0.1817023695048098,109,2026-03-12 23:34:59.340997
8,test_8_110,0,19.457704568523393,0.6909983257801635,0.05886099043267168,0.17170328188538628,110,2026-03-13 23:34:59.341038
8,test_8_111,0,-6.704257358780556,0.5575051390516546,0.041534405361355976,0.12294883697604947,111,2026-03-14 23:34:59.341247
8,test_8_112,-1,31.62781886020961,0.82390183436537,0.06851996554784191,0.18540195572864993,112,2026-03-15 23:34:59.341411
8,test_8_113,-1,23.814912782850875,0.8221430784647344,0.05706178922474878,0.18057038302451556,113,2026-03-16 23:34:59.341465
8,test_8_114,1,39.671626696512625,0.94215438381194,0.06798736802936757,0.2137628208576369,114,2026-03-17 23:34:59.341505
8,test_8_115,0,26.286529479542168,0.8576437217397562,0.060423275654496386,0.15288972638033588,115,2026-03-18 23:34:59.341555
8,test_8_116,-1,30.48044974005971,0.8542121409135032,0.07219056516551872,0.20296729254914841,116,2026-03-19 23:34:59.341599
8,test_8_117,0,18.391392377731457,0.7791029015398864,0.057107783022057386,0.17409814658164854,117,2026-03-20 23:34:59.341631
8,test_8_118,1,32.21903485438141,0.7810589868413317,0.07453417947505894,0.18883797560401683,118,2026-03-21 23:34:59.341722
8,test_8_119,0,31.177501780872845,0.8021636421847586,0.06097481856284946,0.2018974935630767,119,2026-03-22 23:34:59.341766
8,test_8_120,0,14.708330892540669,0.7293815148510887,0.06140475880627597,0.1626712600993331,120,2026-03-23 23:34:59.341800
8,test_8_121,-1,15.25193424077158,0.7669645367691642,0.06085503277599709,0.1658496082519241,121,2026-03-24 23:34:59.341977
8,test_8_122,-1,11.518024978847066,0.6843280411112378,0.049012910194891145,0.14720026231972494,122,2026-03-25 23:34:59.342050
8,test_8_123,1,16.820729064145336,0.7794906643197743,0.056954544300221885,0.13903178961659143,123,2026-03-26 23:34:59.342090
8,test_8_124,-1,38.181053604970664,0.8728152693336874,0.07127361354475063,0.2329566408210134,124,2026-03-27 23:34:59.342129
8,test_8_125,0,33.00553888086745,0.8765514121500895,0.07016733633802365,0.20172450464607095,125,2026-03-28 23:34:59.342162
8,test_8_126,-1,19.79405822319547,0.7141183028103547,0.05920125560016955,0.16698444413228694,126,2026-03-29 23:34:59.342195
8,test_8_127,0,28.691236543373538,0.7431587234114508,0.06512702246101626,0.19973431772906808,127,2026-03-30 23:34:59.342228
8,test_8_128,-1,28.765101381706206,0.7773268843368821,0.05603578908155274,0.19151255687370602,128,2026-03-31 23:34:59.342260
8,test_8_129,-1,15.757075411441345,0.7119584961135741,0.052230372893850095,0.17730606221511708,129,2026-04-01 23:34:59.342292
8,test_8_130,0,5.859399294125328,0.6911041549868362,0.050413628549061576,0.15660524585436672,130,2026-04-02 23:34:59.342324
8,test_8_131,0,23.443920716870593,0.7772683176181393,0.06743301656729735,0.1965293834314446,131,2026-04-03 23:34:59.342355
8,test_8_132,1,36.57553191675312,0.8512333517356262,0.07699005366407317,0.1977895445202519,132,2026-04-04 23:34:59.342386
8,test_8_133,0,26.144759597954963,0.7377755329954839,0.06087620068627461,0.17307139873634897,133,2026-04-05 23:34:59.342418
8,test_8_134,0,32.97994549612236,0.8352618675481452,0.0713694422989831,0.20307493961479034,134,2026-04-06 23:34:59.342450
8,test_8_135,0,24.455490375791246,0.7701106426288884,0.06894571450037491,0.1810906712862068,135,2026-04-07 23:34:59.342482
8,test_8_136,1,39.89802631571354,0.8668087945597441,0.07564621946614618,0.21633361313058516,136,2026-04-08 23:34:59.342516
8,test_8_137,-1,30.988480074366073,0.8293760793572763,0.06410676105852006,0.1879400069600815,137,2026-04-09 23:34:59.342547
8,test_8_138,1,23.583514139898732,0.7193453231803216,0.0647810095641494,0.19242440294164723,138,2026-04-10 23:34:59.342579
8,test_8_139,-1,24.771812392696518,0.7721337151455385,0.07120367219266534,0.19200000086362032,139,2026-04-11 23:34:59.342611
8,test_8_140,1,15.225253630612642,0.7062250744513622,0.05698885429257602,0.17510873115752854,140,2026-04-12 23:34:59.342643
8,test_8_141,0,23.584742466330518,0.7970944467225131,0.06941423895777386,0.18777787540594917,141,2026-04-13 23:34:59.342675
8,test_8_142,-1,17.968789453343806,0.7351803867804008,0.06266209894850745,0.17537950404543431,142,2026-04-14 23:34:59.342708
8,test_8_143,0,37.5707976848107,0.8273443155808665,0.07502105618561371,0.21407397165315198,143,2026-04-15 23:34:59.342739
8,test_8_144,1,42.95108448343941,0.7876178944544098,0.08248078204724843,0.22484292662464875,144,2026-04-16 23:34:59.342775
8,test_8_145,1,22.558600836906695,0.7276238482056094,0.06019371245270406,0.17864908561445403,145,2026-04-17 23:34:59.342807
8,test_8_146,1,31.09175233440241,0.8263718711803283,0.06601837137220899,0.2149596498862476,146,2026-04-18 23:34:59.342839
8,test_8_147,0,17.306654159087007,0.6993863171379492,0.06571438198882976,0.1841494758620482,147,2026-04-19 23:34:59.342873
8,test_8_148,0,23.75978612610003,0.7033963632628586,0.05959957756897829,0.18311705080270704,148,2026-04-20 23:34:59.342905
8,test_8_149,1,19.908322300750378,0.7292657444073312,0.06637177125492803,0.17880617758340714,149,2026-04-21 23:34:59.342937
8,test_8_150,1,37.28228425498525,0.8256198573958226,0.07507862096068761,0.20840537585479918,150,2026-04-22 23:34:59.342968
8,test_8_151,0,28.03437186249824,0.7292126303638204,0.06738985375944061,0.18853552867085577,151,2026-04-23 23:34:59.343000
8,test_8_152,1,26.579743122514518,0.7321400970173987,0.07467662175248772,0.20366065683436027,152,2026-04-24 23:34:59.343031
8,test_8_153,1,6.644535892116846,0.5096387713631778,0.05480049076114009,0.14889213552555364,153,2026-04-25 23:34:59.343066
8,test_8_154,0,33.099568133525075,0.8088323395007866,0.0676876778315383,0.2177452057813738,154,2026-04-26 23:34:59.343098
8,test_8_155,1,26.386526254728523,0.73058071926486,0.06589202581612913,0.20542423951799163,155,2026-04-27 23:34:59.343130
8,test_8_156,1,36.2237421870316,0.8840367291710208,0.06270468040218391,0.23209965239632183,156,2026-04-28 23:34:59.343161
8,test_8_157,0,11.35563927757807,0.721251840189941,0.04676335956835373,0.1657485941017604,157,2026-04-29 23:34:59.343193
8,test_8_158,1,29.407849323421765,0.8068071780352589,0.0690336275004672,0.20421879820363503,158,2026-04-30 23:34:59.343225
8,test_8_159,-1,35.40061819902576,0.8160169272589458,0.07068488691356273,0.233660741649199,159,2026-05-01 23:34:59.343256
8,test_8_160,-1,36.77236601567564,0.8978225363225744,0.08468100984080608,0.2188865616624071,160,2026-05-02 23:34:59.343287
8,test_8_161,-1,31.698080980093383,0.8622411873550746,0.07438536045546733,0.1979790012639395,161,2026-05-03 23:34:59.343321
8,test_8_162,1,19.73450690579234,0.695559137401465,0.05993922042188968,0.18236289831270291,162,2026-05-04 23:34:59.343352
8,test_8_163,-1,21.07818438802416,0.7248957921085012,0.06482488947062962,0.19531295223435352,163,2026-05-05 23:34:59.343387
8,test_8_164,0,39.49156603396452,0.8897995871399934,0.0711780410546083,0.21336686130680316,164,2026-05-06 23:34:59.343419
8,test_8_165,0,24.18954035278256,0.7045207019329799,0.07498442697936919,0.20940976285191157,165,2026-05-07 23:34:59.343451
8,test_8_166,-1,28.152449265708544,0.754885012671709,0.08527012780747459,0.2135071415177523,166,2026-05-08 23:34:59.343488
8,test_8_167,-1,15.398712613517175,0.7447208271892226,0.0632852354411065,0.16915788469875814,167,2026-05-09 23:34:59.343520
8,test_8_168,1,25.693698026580694,0.7534326587361322,0.07737873249443124,0.19580518114483025,168,2026-05-10 23:34:59.343580
8,test_8_169,0,22.753770764085225,0.8495476386641446,0.07029547144755917,0.18598332058410855,169,2026-05-11 23:34:59.343620
8,test_8_170,-1,28.83436262596614,0.680337326721259,0.07736114363189629,0.21288435586007787,170,2026-05-12 23:34:59.343653
8,test_8_171,-1,16.519344019694913,0.6869172245214953,0.07739292235317695,0.18814579863872263,171,2026-05-13 23:34:59.343685
8,test_8_172,-1,16.696994680157925,0.6462041499862583,0.05713716565841086,0.17235985216355024,172,2026-05-14 23:34:59.343717
8,test_8_173,1,29.612679434093558,0.8033008210541004,0.07988488464496905,0.2123241717247332,173,2026-05-15 23:34:59.343748
8,test_8_174,1,22.623166830390158,0.7711411027337659,0.07126595869786807,0.19370502970102407,174,2026-05-16 23:34:59.343779
8,test_8_175,-1,29.94180214280795,0.7846492864832917,0.07355595764742166,0.2088750507408372,175,2026-05-17 23:34:59.343811
8,test_8_176,-1,21.016569954994722,0.6671637279063747,0.06930823582800487,0.19554747346339468,176,2026-05-18 23:34:59.343842
8,test_8_177,1,18.62921493749644,0.7618117548749936,0.06849783111439783,0.1938593802316326,177,2026-05-19 23:34:59.343873
8,test_8_178,-1,34.88654479366518,0.7736369051055167,0.06974227870772877,0.2245587638608917,178,2026-05-20 23:34:59.343904
8,test_8_179,1,45.04228774270408,0.8680528079374455,0.0764562696079508,0.24324488383998036,179,2026-05-21 23:34:59.343939
9,test_9_0,1,15.84793587696577,0.935890589638137,0.04592260676108614,0.14111723813114635,0,2026-01-08 23:34:59.343984
9,test_9_1,-1,45.5727186499401,1.1875225649728685,0.05073962182317606,0.1923602879156591,1,2026-01-09 23:34:59.344017
9,test_9_2,1,15.719870323117263,0.9368025356585303,0.04326747932737141,0.1538609833641457,2,2026-01-10 23:34:59.344049
9,test_9_3,1,6.814464653132962,0.7731700887249155,0.04274245568367092,0.13966068318764865,3,2026-01-11 23:34:59.344083
9,test_9_4,1,33.31637558951577,1.0374916783682342,0.04448082728336418,0.16873992754922346,4,2026-01-12 23:34:59.344114
9,test_9_5,0,28.023586930169117,1.0380809585553474,0.05919221843225901,0.15754270286517802,5,2026-01-13 23:34:59.344148
9,test_9_6,1,31.691239910292982,0.9633945125066349,0.05046854741126171,0.1540314817125457,6,2026-01-14 23:34:59.344180
9,test_9_7,-1,12.501106887609568,0.8057184038924545,0.04274438369124603,0.11689381704133793,7,2026-01-15 23:34:59.344214
9,test_9_8,1,21.710316660025565,0.9896758199028245,0.052666291737580966,0.15329808776959342,8,2026-01-16 23:34:59.344245
9,test_9_9,-1,19.935918916990865,0.9745377806920162,0.040384412132515125,0.14837821330085318,9,2026-01-17 23:34:59.344277
9,test_9_10,-1,26.007910726448063,1.0182488720877507,0.04415628355763028,0.15730951230597767,10,2026-01-18 23:34:59.344308
9,test_9_11,-1,45.544884403285806,1.2688048513530459,0.06276619532561556,0.20676851676935265,11,2026-01-19 23:34:59.344340
9,test_9_12,0,12.65110955874217,0.8981291158004387,0.0497912993692935,0.14225663300520555,12,2026-01-20 23:34:59.344372
9,test_9_13,1,30.05021088273767,1.0701572895376161,0.06677376416587848,0.16249238633763552,13,2026-01-21 23:34:59.344403
9,test_9_14,1,19.785779559153642,0.9543257854036206,0.04199903470525101,0.1471213821868919,14,2026-01-22 23:34:59.344434
9,test_9_15,-1,14.26082791354223,0.8682790204493861,0.04551209189613412,0.145472069974754,15,2026-01-23 23:34:59.344466
9,test_9_16,1,25.68072269248621,1.0155028152702135,0.04709774152620261,0.14931103089788844,16,2026-01-24 23:34:59.344498
9,test_9_17,1,39.11005207323617,1.0823763526851768,0.051530226905946414,0.18095950322943255,17,2026-01-25 23:34:59.344530
9,test_9_18,-1,14.750719334142321,0.8627974360489622,0.050901704331415144,0.14133099205433006,18,2026-01-26 23:34:59.344560
9,test_9_19,1,7.704976003673522,0.8248233078726392,0.049472072477226126,0.12031212076425518,19,2026-01-27 23:34:59.344592
9,test_9_20,1,30.19358745637888,1.002735951566935,0.04835105093527726,0.16422915913251776,20,2026-01-28 23:34:59.344623
9,test_9_21,1,21.403902957822172,0.89405090147835,0.04750456018320736,0.15380453057141327,21,2026-01-29 23:34:59.344654
9,test_9_22,-1,31.103736997252852,0.9915268298856315,0.05156429077783118,0.1609655213707201,22,2026-01-30 23:34:59.344687
9,test_9_23,-1,7.615730971798548,0.7873471633649621,0.043050986844377685,0.13502919657038276,23,2026-01-31 23:34:59.344719
9,test_9_24,1,29.535855235092185,1.0119791514202918,0.06042306980734381,0.17026963703184242,24,2026-02-01 23:34:59.344751
9,test_9_25,-1,31.73964858952303,1.027160560036317,0.06265185717191697,0.1616114000166107,25,2026-02-02 23:34:59.344782
9,test_9_26,1,18.772524399980934,0.8622923667591659,0.04790853768840193,0.15568367875145184,26,2026-02-03 23:34:59.344814
9,test_9_27,0,26.234798091645942,1.0034861818437781,0.05263455322759946,0.17124296345290413,27,2026-02-04 23:34:59.344845
9,test_9_28,1,34.89949039968542,1.0739558728292948,0.05307677800488538,0.17520883480458158,28,2026-02-05 23:34:59.344877
9,test_9_29,0,31.96759143019159,1.0173647149876468,0.05856320982857431,0.15134258875906254,29,2026-02-06 23:34:59.344908
9,test_9_30,0,54.181735550600926,1.1489055024351582,0.07030493280986681,0.21000758853234566,30,2026-02-07 23:34:59.344940
9,test_9_31,-1,5.051655393990252,0.779319895066498,0.047074300543568474,0.1279137751279807,31,2026-02-08 23:34:59.344975
9,test_9_32,1,19.463048468645276,0.8353244230716413,0.05837528198377103,0.14360259677290355,32,2026-02-09 23:34:59.345010
9,test_9_33,0,25.695156237004515,0.8817148811342315,0.05820084809807335,0.16259998924623242,33,2026-02-10 23:34:59.345044
9,test_9_34,0,25.156977959577585,0.8601493264720105,0.04588144532365726,0.16169111991547555,34,2026-02-11 23:34:59.345077
9,test_9_35,1,19.231429052831157,0.88932477768301,0.047000984722508826,0.15212438301900244,35,2026-02-12 23:34:59.345108
9,test_9_36,1,42.311696317673,1.0569267820707309,0.06621327680010382,0.18095689864047254,36,2026-02-13 23:34:59.345140
9,test_9_37,0,12.140446077095516,0.7565803990064647,0.052766744188280736,0.13630076706672267,37,2026-02-14 23:34:59.345177
9,test_9_38,1,31.200799984463362,0.9243851997300574,0.05103964602461289,0.1789863149108136,38,2026-02-15 23:34:59.345209
9,test_9_39,-1,32.70750209618787,0.9652184345565987,0.05737588486960578,0.17884486027033428,39,2026-02-16 23:34:59.345241
9,test_9_40,0,10.201515195620281,0.8039540701135596,0.04800947477389102,0.1414012632517152,40,2026-02-17 23:34:59.345273
9,test_9_41,0,21.058442288152026,0.9072015581178482,0.05420115404273749,0.16608383338963578,41,2026-02-18 23:34:59.345304
9,test_9_42,-1,45.15530261362825,1.0527936840371972,0.06846154590596042,0.203326533379361,42,2026-02-19 23:34:59.345338
9,test_9_43,0,25.13450364619293,0.879217302805612,0.050490974437717995,0.18413986866448784,43,2026-02-20 23:34:59.345371
9,test_9_44,0,26.69375051271611,0.896117706674523,0.04457593381260372,0.18266781805810076,44,2026-02-21 23:34:59.345401
9,test_9_45,1,30.06157655460712,0.9762998076001901,0.06461925541967373,0.19422432115566768,45,2026-02-22 23:34:59.345432
9,test_9_46,1,17.446164226562555,0.8386755798527683,0.05863883016336407,0.15383016566430194,46,2026-02-23 23:34:59.345464
9,test_9_47,1,21.90340187814311,0.8284851184254084,0.05606248597931641,0.1776742776069061,47,2026-02-24 23:34:59.345496
9,test_9_48,-1,16.063854983439462,0.8856374195572546,0.055819031868428855,0.15285662957637053,48,2026-02-25 23:34:59.345527
9,test_9_49,0,19.614263267033756,0.8811115727660743,0.05623198178506225,0.15008259016495187,49,2026-02-26 23:34:59.345576
9,test_9_50,-1,22.65375702621146,0.8092100864863542,0.05646520998681561,0.16590958799863836,50,2026-02-27 23:34:59.345616
9,test_9_51,1,17.209805784800146,0.741800823480353,0.062448990875261054,0.16741175084604756,51,2026-02-28 23:34:59.345648
9,test_9_52,-1,31.613694631861474,0.9175672404129475,0.060469403091705905,0.1788881895319561,52,2026-03-01 23:34:59.345679
9,test_9_53,1,32.34000384813558,0.9265631716155149,0.05749835401239681,0.17574290596391792,53,2026-03-02 23:34:59.345710
9,test_9_54,0,25.661533745432514,0.9825422051846171,0.06492333193773484,0.18204290756677685,54,2026-03-03 23:34:59.345742
9,test_9_55,1,21.231623205034396,0.9455588549657921,0.05782057862258591,0.16904922986746226,55,2026-03-04 23:34:59.345774
9,test_9_56,-1,17.158363950716854,0.9369475311508548,0.061309931251243656,0.14272238365190956,56,2026-03-05 23:34:59.345805
9,test_9_57,1,31.590543439134198,0.8885327142129105,0.06278426345705629,0.17572287187603788,57,2026-03-06 23:34:59.345836
9,test_9_58,-1,23.544433014636166,0.8086728963164203,0.05291439655385794,0.186929067726013,58,2026-03-07 23:34:59.345871
9,test_9_59,1,7.750831040581904,0.7645786783016231,0.046493187366182576,0.147295012172031,59,2026-03-08 23:34:59.345902
9,test_9_60,1,33.318276221453004,0.9967762945280353,0.06228467452582915,0.17969929420245082,60,2026-03-09 23:34:59.345934
9,test_9_61,0,21.873315542676426,0.8701635677127989,0.05860688020678826,0.16533805693093112,61,2026-03-10 23:34:59.345967
9,test_9_62,-1,33.10497499150267,0.9077273625960437,0.062282521532761786,0.17622872293985115,62,2026-03-11 23:34:59.345999
9,test_9_63,-1,29.88250617984895,0.9497943874678781,0.06345747880642304,0.1852150820287704,63,2026-03-12 23:34:59.346034
9,test_9_64,-1,22.396909587285624,0.795208423693677,0.05891988801981892,0.16295837658215864,64,2026-03-13 23:34:59.346065
9,test_9_65,-1,22.249932688485487,0.8269324849357174,0.06364954216618356,0.15839380675381087,65,2026-03-14 23:34:59.346097
9,test_9_66,-1,15.347236604004426,0.7995406035109727,0.05449432725715366,0.1593532047617467,66,2026-03-15 23:34:59.346128
9,test_9_67,1,34.930398828805025,0.9589767104812085,0.06961664020957205,0.19048991413900926,67,2026-03-16 23:34:59.346159
9,test_9_68,1,22.450530295964107,0.8493209518674211,0.050103971155591065,0.1656517964694311,68,2026-03-17 23:34:59.346190
9,test_9_69,-1,40.59937702372821,0.9355608725971555,0.06937127799356331,0.2218626729573283,69,2026-03-18 23:34:59.346224
9,test_9_70,0,21.945299707521315,0.8617226985664483,0.05535904387472619,0.17495736305614568,70,2026-03-19 23:34:59.346257
9,test_9_71,0,29.211732265819474,0.8815897386183265,0.05353787473808897,0.19694750657733712,71,2026-03-20 23:34:59.346289
9,test_9_72,-1,2.987565265490815,0.6413163192684671,0.05390544731760333,0.13579011483618972,72,2026-03-21 23:34:59.346320
9,test_9_73,0,20.101072698603183,0.7222941404944971,0.061124856619702975,0.18152748650696596,73,2026-03-22 23:34:59.346351
9,test_9_74,0,26.977491355380693,0.8716283404867593,0.0640621623842706,0.19412610055936777,74,2026-03-23 23:34:59.346382
9,test_9_75,0,21.720634776224948,0.751335869404662,0.0633798332909787,0.16857128356576837,75,2026-03-24 23:34:59.346413
9,test_9_76,1,21.96373927101999,0.795431082132363,0.052220840135472464,0.18616116659094661,76,2026-03-25 23:34:59.346444
9,test_9_77,0,30.693659185937733,0.8071880593047395,0.06636091384661189,0.20002130578221133,77,2026-03-26 23:34:59.346475
9,test_9_78,0,43.53410797899828,0.9569190602357251,0.07007522390389263,0.21043847448382097,78,2026-03-27 23:34:59.346506
9,test_9_79,-1,17.88208832530545,0.7261525792966665,0.06096925416052003,0.16696695163455488,79,2026-03-28 23:34:59.346537
9,test_9_80,0,16.157109970116817,0.7796001548839577,0.05577405574556805,0.16417279974459,80,2026-03-29 23:34:59.346568
9,test_9_81,-1,3.2203226780531224,0.6931943692589769,0.042651122924273394,0.13056288246968964,81,2026-03-30 23:34:59.346602
9,test_9_82,1,13.181614305910085,0.766851502671868,0.053578308993108115,0.14181787527958675,82,2026-03-31 23:34:59.346633
9,test_9_83,1,22.494396313813088,0.8470159622722112,0.053627515606910876,0.18088639648143492,83,2026-04-01 23:34:59.346667
9,test_9_84,-1,21.02676747448638,0.6888021057234406,0.061548133568350157,0.1627323676051878,84,2026-04-02 23:34:59.346700
9,test_9_85,0,17.768687019827418,0.7513338191553415,0.06090167552976287,0.17050603420800348,85,2026-04-03 23:34:59.346731
9,test_9_86,0,24.093884397687393,0.7402296263823569,0.057491902775651686,0.1672348967096381,86,2026-04-04 23:34:59.346762
9,test_9_87,1,31.445954324151764,0.8164559482546745,0.07170832228399701,0.18667254034499206,87,2026-04-05 23:34:59.346794
9,test_9_88,-1,22.717994204977895,0.8412694492422644,0.06226311127481349,0.1993897140676272,88,2026-04-06 23:34:59.346825
9,test_9_89,1,20.78405937442397,0.758809878280789,0.04909162094665225,0.16153228828436286,89,2026-04-07 23:34:59.346856
9,test_9_90,0,32.60490732920501,0.8781692775083937,0.07352950717448631,0.20580201439312265,90,2026-04-08 23:34:59.346888
9,test_9_91,-1,36.839874431968894,0.9290150344186887,0.06768233051205533,0.20509734370527838,91,2026-04-09 23:34:59.346919
9,test_9_92,1,18.54004014872946,0.7524863707706049,0.06241889053230067,0.18522175326650156,92,2026-04-10 23:34:59.346950
9,test_9_93,1,27.549670020226934,0.7643174484954373,0.06588007061753469,0.19247641952671837,93,2026-04-11 23:34:59.346981
9,test_9_94,-1,26.10886382828418,0.8144829564581411,0.057627132165668914,0.18265936815661038,94,2026-04-12 23:34:59.347015
9,test_9_95,0,29.23004907890475,0.7438006590304355,0.0627482783591554,0.20047978004397762,95,2026-04-13 23:34:59.347046
9,test_9_96,-1,22.310838053021985,0.756451589726024,0.058409663352306816,0.1615640526262502,96,2026-04-14 23:34:59.347077
9,test_9_97,0,8.446136123798354,0.7105865521069471,0.05118952346214134,0.1619804818471914,97,2026-04-15 23:34:59.347109
9,test_9_98,0,28.817341689625092,0.7934378961253354,0.06774146552548882,0.20942201546451208,98,2026-04-16 23:34:59.347140
9,test_9_99,1,22.990974944576276,0.784946275570046,0.059754754594839456,0.18631210276752208,99,2026-04-17 23:34:59.347171
9,test_9_100,-1,42.939493313868276,0.9742890679004739,0.07608815544435764,0.2079828263908746,100,2026-04-18 23:34:59.347205
9,test_9_101,1,32.451508642848175,0.8359934132800644,0.07012128685670485,0.17605231178564165,101,2026-04-19 23:34:59.347239
9,test_9_102,0,22.926577237432117,0.8408514642445394,0.06038968140480117,0.17497405884845701,102,2026-04-20 23:34:59.347270
9,test_9_103,1,2.5432956172750423,0.5723406717334336,0.051254474895654684,0.15548421481429156,103,2026-04-21 23:34:59.347301
9,test_9_104,1,21.418215958622543,0.7203016279737285,0.057848086665179585,0.17337497379658875,104,2026-04-22 23:34:59.347334
9,test_9_105,1,33.41780774784013,0.8382816715808061,0.06370798858853347,0.19986056678563477,105,2026-04-23 23:34:59.347365
9,test_9_106,1,36.19447371034385,0.9032174857489274,0.07115162646425732,0.20454214307831542,106,2026-04-24 23:34:59.347397
9,test_9_107,1,31.72034945655442,0.907560858358664,0.07498665146289052,0.19999885839846906,107,2026-04-25 23:34:59.347429
9,test_9_108,1,11.803816915666674,0.6895758419405562,0.05225967102778585,0.15126087474547512,108,2026-04-26 23:34:59.347459
9,test_9_109,1,18.38458557484708,0.6480815857602433,0.05486746299242377,0.17109197286094968,109,2026-04-27 23:34:59.347493
9,test_9_110,-1,28.424984669104138,0.8596579843169356,0.0727786532694743,0.195145212774365,110,2026-04-28 23:34:59.347525
9,test_9_111,1,41.12996717249656,0.9195034797901204,0.07482259549398683,0.2131184071097493,111,2026-04-29 23:34:59.347578
9,test_9_112,0,34.524619705361694,0.7628080430488872,0.0711340380818688,0.19656025614174027,112,2026-04-30 23:34:59.347620
9,test_9_113,-1,32.295193509862024,0.729850974933785,0.08320077256923335,0.20070957748120913,113,2026-05-01 23:34:59.347653
9,test_9_114,-1,51.05303121360493,0.9126679183124946,0.08853013368791643,0.24478667919916072,114,2026-05-02 23:34:59.347685
9,test_9_115,-1,24.6397896424556,0.8121639714895146,0.0632384918536092,0.20272534830097844,115,2026-05-03 23:34:59.347716
9,test_9_116,-1,7.603729613154783,0.5987574785953103,0.0477985734850998,0.1573542059627569,116,2026-05-04 23:34:59.347748
9,test_9_117,1,1.8536619774721217,0.6507547003281096,0.045143407103408445,0.14144381410909895,117,2026-05-05 23:34:59.347778
9,test_9_118,1,28.37363066346866,0.8649527678876267,0.07108449044390103,0.1959554403556265,118,2026-05-06 23:34:59.347810
9,test_9_119,1,24.142234848276836,0.6729574780317992,0.059305380126439634,0.19413625483686206,119,2026-05-07 23:34:59.347841
9,test_9_120,0,26.93379451924159,0.6955421938248398,0.05924774880052411,0.19173205370502122,120,2026-05-08 23:34:59.347875
9,test_9_121,-1,9.88301772750341,0.611472669613424,0.05787846602719467,0.1607118198768574,121,2026-05-09 23:34:59.347906
9,test_9_122,-1,34.4808438743609,0.9155780290544602,0.07339642868201397,0.19741555906607244,122,2026-05-10 23:34:59.347938
9,test_9_123,1,40.88060841510259,0.8392758898098333,0.08038390975488677,0.22357707708110208,123,2026-05-11 23:34:59.347970
9,test_9_124,-1,22.233282282808545,0.7570920631301499,0.05813928261427245,0.19481956224049074,124,2026-05-12 23:34:59.348003
9,test_9_125,0,23.21403196777288,0.6782385000929999,0.06264033629363691,0.2137552512167145,125,2026-05-13 23:34:59.348034
9,test_9_126,0,27.205835377373607,0.7228167253125728,0.07528231547974967,0.20564072145046378,126,2026-05-14 23:34:59.348069
9,test_9_127,1,35.21501897668594,0.7406889752701598,0.07865163508603257,0.21015604193048054,127,2026-05-15 23:34:59.348100
9,test_9_128,-1,26.512183439951396,0.7335501868530833,0.06804618344977208,0.2094512620587492,128,2026-05-16 23:34:59.348131
9,test_9_129,-1,26.578176386439118,0.7986881039549514,0.07012849703737768,0.19328528567762387,129,2026-05-17 23:34:59.348163
9,test_9_130,1,23.460947730253125,0.6897543628908924,0.06672986189206213,0.1992959116226747,130,2026-05-18 23:34:59.348199
9,test_9_131,0,26.628600838649902,0.7239407381971729,0.07503061611477344,0.21821295409184238,131,2026-05-19 23:34:59.348230
9,test_9_132,-1,36.11622151508709,0.816803802366176,0.07966140423141403,0.23794169676730326,132,2026-05-20 23:34:59.348262
9,test_9_133,0,14.937741521835243,0.661769703800521,0.0681230976019406,0.20241522318137167,133,2026-05-21 23:34:59.348295
10,test_10_0,-1,10.38006220173122,0.8945011923627302,0.04621721590116685,0.12553929640091716,0,2025-12-03 23:34:59.348339
10,test_10_1,0,15.527249149581912,0.9510624696515397,0.03946899699608664,0.12883898941487945,1,2025-12-04 23:34:59.348372
10,test_10_2,-1,38.59189494164025,1.176574509619821,0.05388522637506231,0.13887510212132625,2,2025-12-05 23:34:59.348404
10,test_10_3,1,12.781929068365356,0.9433560571130163,0.046672715222594356,0.14800772331791112,3,2025-12-06 23:34:59.348436
10,test_10_4,0,28.21497902554707,1.1305887572713216,0.04623748414989263,0.14620495643526193,4,2025-12-07 23:34:59.348467
10,test_10_5,1,24.556385444884384,0.9431816153928235,0.04635269346752647,0.16085657127638486,5,2025-12-08 23:34:59.348502
10,test_10_6,0,45.584919548228896,1.1613653893833542,0.06794003391523822,0.1758644788327418,6,2025-12-09 23:34:59.348535
10,test_10_7,1,6.116275346453065,0.7847529906612851,0.03799371375432432,0.10010699434111378,7,2025-12-10 23:34:59.348567
10,test_10_8,1,25.46006386736341,0.9035068892158831,0.05787565077637691,0.17814291032003476,8,2025-12-11 23:34:59.348598
10,test_10_9,1,30.94310003173522,1.0584705946339006,0.051708434355253026,0.16929200595472177,9,2025-12-12 23:34:59.348629
10,test_10_10,0,30.08657804279841,0.9753513572694705,0.054424476848373746,0.1591554126183644,10,2025-12-13 23:34:59.348661
10,test_10_11,1,20.67071679601576,0.9264266612917627,0.05142536550636414,0.11927785046421181,11,2025-12-14 23:34:59.348693
10,test_10_12,-1,23.317408655124584,1.0240552701229853,0.04810022115957347,0.13847814672197864,12,2025-12-15 23:34:59.348724
10,test_10_13,-1,45.026827664085914,1.1018396563112036,0.06203237818625436,0.19878377824652474,13,2025-12-16 23:34:59.348756
10,test_10_14,0,1.9472045203492705,0.7674795228866083,0.039915802542622815,0.13038034393557707,14,2025-12-17 23:34:59.348787
10,test_10_15,0,22.828411928631432,0.9472539511201897,0.053638006958915824,0.15080917223144027,15,2025-12-18 23:34:59.348819
10,test_10_16,1,19.479563848369335,0.8227227506095967,0.051610909515691104,0.1683848806565259,16,2025-12-19 23:34:59.348850
10,test_10_17,1,21.934056385102,0.9645839704650802,0.04718958729601228,0.1508694070233234,17,2025-12-20 23:34:59.348882
10,test_10_18,-1,15.569748076576897,1.0020288742276051,0.040167307326851816,0.1360663475605069,18,2025-12-21 23:34:59.348913
10,test_10_19,0,31.4202550153532,1.0169373829497363,0.05763368578883018,0.16254409121782243,19,2025-12-22 23:34:59.348945
10,test_10_20,0,37.395776351608134,1.0471993868979115,0.06492402095404955,0.17119658848598515,20,2025-12-23 23:34:59.348976
10,test_10_21,-1,22.69413601476387,0.9188554647193999,0.04532671604478118,0.13100164534836514,21,2025-12-24 23:34:59.349008
10,test_10_22,-1,21.083688947931392,0.933593837906446,0.04783378044096263,0.16484116799402512,22,2025-12-25 23:34:59.349135
10,test_10_23,0,30.225100702105117,1.0775857803719802,0.06571913378458571,0.15184748215259228,23,2025-12-26 23:34:59.349174
10,test_10_24,0,24.00532894996515,0.9518784293844534,0.055380457774178,0.15835755945032512,24,2025-12-27 23:34:59.349210
10,test_10_25,-1,12.668986949851448,0.8372279580030265,0.04213299293489079,0.1375529895843738,25,2025-12-28 23:34:59.349245
10,test_10_26,0,13.937045640367371,0.7849527340747344,0.05119524931985902,0.15343096854300609,26,2025-12-29 23:34:59.349280
10,test_10_27,1,30.166444459359674,0.9742825595584501,0.06041021205163941,0.16641063069990675,27,2025-12-30 23:34:59.349312
10,test_10_28,-1,44.74396744480029,1.1031554126775318,0.06270355790500891,0.18073747107438665,28,2025-12-31 23:34:59.349344
10,test_10_29,0,23.35758014967968,0.9433252204779425,0.04455092041483228,0.1744999020018588,29,2026-01-01 23:34:59.349375
10,test_10_30,0,32.244207047325794,1.0473037007414112,0.06149050554110101,0.1576525973495379,30,2026-01-02 23:34:59.349407
10,test_10_31,0,13.417856529110257,0.901833691087686,0.05680134152912336,0.1409486766637363,31,2026-01-03 23:34:59.349459
10,test_10_32,-1,25.94621044669358,0.9470580033723869,0.0640765497734175,0.14328259486773823,32,2026-01-04 23:34:59.349492
10,test_10_33,0,39.779939672654606,1.1687343948379938,0.06782530971011022,0.1867775516662376,33,2026-01-05 23:34:59.349524
10,test_10_34,1,26.685134023334292,0.9555959518114937,0.05189113620057187,0.14991798002730797,34,2026-01-06 23:34:59.349568
10,test_10_35,1,43.18898532200325,1.1263373932895853,0.0625532681227487,0.18459811488494143,35,2026-01-07 23:34:59.349612
10,test_10_36,-1,1.6182754630672989,0.7149134274845462,0.04611959193449985,0.12208586713722713,36,2026-01-08 23:34:59.349645
10,test_10_37,1,44.31253094651899,1.0572006668342968,0.0650657296581742,0.1942280408821791,37,2026-01-09 23:34:59.349677
10,test_10_38,0,19.915728851165685,0.8043393978208422,0.048583386576300146,0.14613149947796325,38,2026-01-10 23:34:59.349708
10,test_10_39,0,16.570944356756897,0.9240292610206554,0.0421776278322518,0.14656330578996862,39,2026-01-11 23:34:59.349740
10,test_10_40,-1,36.96910948761352,1.0425418226893077,0.06275739851211071,0.16864393588623938,40,2026-01-12 23:34:59.349774
10,test_10_41,-1,45.57716080301583,1.1970470003690126,0.06074523960770521,0.21207739850173415,41,2026-01-13 23:34:59.349805
10,test_10_42,0,42.707056507337995,1.1082877065926684,0.06858949009232364,0.19901814805623808,42,2026-01-14 23:34:59.349837
10,test_10_43,1,60.99466780697392,1.4374199002609906,0.07581669244034411,0.20517461453423186,43,2026-01-15 23:34:59.349868
10,test_10_44,0,26.595423269972176,0.8381593692038602,0.051514734942617664,0.14593512827816,44,2026-01-16 23:34:59.349903
10,test_10_45,1,23.364522529023734,0.8851057704863838,0.058085938503831425,0.1585544466135232,45,2026-01-17 23:34:59.349934
10,test_10_46,1,0.3802029411008334,0.6584333659329422,0.04769553892238172,0.11647727217334186,46,2026-01-18 23:34:59.349966
10,test_10_47,0,37.28030209608135,1.012779337257351,0.05880369427156553,0.19790255158161144,47,2026-01-19 23:34:59.349997
10,test_10_48,-1,22.23672199853222,0.860864169695994,0.051496738088422575,0.17206836224865854,48,2026-01-20 23:34:59.350028
10,test_10_49,-1,15.73005613325437,0.8216485326970308,0.05158239912689525,0.14236750938537776,49,2026-01-21 23:34:59.350059
10,test_10_50,-1,21.899264767259293,0.8886803279533919,0.05492542780995375,0.17505696395477138,50,2026-01-22 23:34:59.350090
10,test_10_51,-1,28.807780713650516,1.010624039811651,0.05304545257388498,0.15448880904178816,51,2026-01-23 23:34:59.350124
10,test_10_52,0,34.6680957098412,0.9725180255862413,0.06411711365499737,0.1801582150381664,52,2026-01-24 23:34:59.350155
10,test_10_53,1,20.176584247872633,0.9094572162929331,0.05483109472187523,0.14436317102290924,53,2026-01-25 23:34:59.350187
10,test_10_54,0,34.05989689360005,0.9617267628492496,0.06206032556063328,0.18232461611301326,54,2026-01-26 23:34:59.350219
10,test_10_55,-1,35.81514086299741,1.0255822805642403,0.06815600863180656,0.16673794305287462,55,2026-01-27 23:34:59.350249
10,test_10_56,-1,21.801402658544585,0.8114703304720018,0.049570296450688243,0.16167853432228363,56,2026-01-28 23:34:59.350284
10,test_10_57,0,18.251215035698824,0.9362334176731587,0.05271391590133569,0.1369548430035126,57,2026-01-29 23:34:59.350316
10,test_10_58,0,33.40166985089926,0.9517872295939649,0.06274281391740841,0.17055967692368207,58,2026-01-30 23:34:59.350347
10,test_10_59,1,29.06056122428081,0.9585737608469422,0.058802199358683985,0.18723526429468637,59,2026-01-31 23:34:59.350379
10,test_10_60,-1,27.09461969730197,0.8285005776754426,0.05294421971843183,0.18227279753240355,60,2026-02-01 23:34:59.350410
10,test_10_61,-1,26.612995426626952,0.9395619834678164,0.052514862978260066,0.1833748893680063,61,2026-02-02 23:34:59.350442
10,test_10_62,1,14.213765283309247,0.8337196369908114,0.04811492501615215,0.15644424091687648,62,2026-02-03 23:34:59.350476
10,test_10_63,0,16.027450725018838,0.854389551068541,0.04490985412003804,0.15571745484199645,63,2026-02-04 23:34:59.350508
10,test_10_64,1,31.98968800415122,0.9813798923558517,0.050905476289728746,0.18917297230745267,64,2026-02-05 23:34:59.350542
10,test_10_65,0,33.859023231112076,1.0131022676400905,0.06967516797631085,0.19154466296130365,65,2026-02-06 23:34:59.350573
10,test_10_66,1,22.973832323956806,0.9679119958870575,0.06006117304695803,0.1625515666816812,66,2026-02-07 23:34:59.350604
10,test_10_67,-1,-5.644568687582275,0.6031400738370892,0.04094877747631155,0.1139953077746661,67,2026-02-08 23:34:59.350636
10,test_10_68,-1,10.052438535503558,0.7228978195259682,0.054288616509418845,0.13041291628943955,68,2026-02-09 23:34:59.350668
10,test_10_69,-1,19.949256115896425,0.8493197860743164,0.05731232939489911,0.17620428819039213,69,2026-02-10 23:34:59.350699
10,test_10_70,0,26.175816806618865,0.9223428719617341,0.056250585465171525,0.1751938283041001,70,2026-02-11 23:34:59.350731
10,test_10_71,-1,27.091766507733944,0.952604572317438,0.0595832850107181,0.15742787848308923,71,2026-02-12 23:34:59.350763
10,test_10_72,0,26.25901388394959,0.8856979866404201,0.052242597245985206,0.18718464271354304,72,2026-02-13 23:34:59.350794
10,test_10_73,1,43.0906674864441,0.9833372061443513,0.07111237802911424,0.20252031202146095,73,2026-02-14 23:34:59.350825
10,test_10_74,0,18.6141417485497,0.8459953573156119,0.044876025959464216,0.16498043622020236,74,2026-02-15 23:34:59.350856
10,test_10_75,0,38.86308268829499,1.1191662195604908,0.06578153908660306,0.1872267828478055,75,2026-02-16 23:34:59.350889
10,test_10_76,1,19.30851801327466,0.9105024112854823,0.05743930457336049,0.17754236493534079,76,2026-02-17 23:34:59.350920
10,test_10_77,1,26.384054341540608,0.8210348257322125,0.07059341249970127,0.17616235800673136,77,2026-02-18 23:34:59.350954
10,test_10_78,0,19.545118455604847,0.851447565551821,0.05181436643688215,0.15495801441706955,78,2026-02-19 23:34:59.350985
10,test_10_79,1,12.825962065030481,0.7937399964004158,0.05282860216060095,0.16226880655414774,79,2026-02-20 23:34:59.351017
10,test_10_80,1,14.728825757812164,0.7033888234640882,0.05843891609606753,0.14974398670689507,80,2026-02-21 23:34:59.351049
10,test_10_81,-1,26.458715651516755,0.8409758210738293,0.060229581735960984,0.17155836874522035,81,2026-02-22 23:34:59.351080
10,test_10_82,-1,35.941795475214754,0.945621375904513,0.0686504960982427,0.1953837577075726,82,2026-02-23 23:34:59.351110
10,test_10_83,-1,39.78067725519421,0.9306263180196092,0.0759718186154434,0.1882788553909367,83,2026-02-24 23:34:59.351144
10,test_10_84,-1,41.58940303431565,1.0458279701350142,0.06903310739110825,0.2028093075268507,84,2026-02-25 23:34:59.351176
10,test_10_85,0,14.426773971879001,0.8052018934507736,0.053974779642444015,0.15794873891213213,85,2026-02-26 23:34:59.351206
10,test_10_86,-1,20.751686524743615,0.7180969540320058,0.05475279709050094,0.15220198612758443,86,2026-02-27 23:34:59.351237
10,test_10_87,0,14.556034381310962,0.7896316310884716,0.05970768394463247,0.15684439714811887,87,2026-02-28 23:34:59.351272
10,test_10_88,-1,30.16479480382197,0.8971780091350386,0.06845497290389523,0.19032870945347655,88,2026-03-01 23:34:59.351303
10,test_10_89,1,26.09340576340909,0.8380612955143406,0.07150972381643171,0.17451631846525903,89,2026-03-02 23:34:59.351335
10,test_10_90,-1,16.389503278344243,0.7688373295950417,0.062375714008419146,0.14898357346174726,90,2026-03-03 23:34:59.351366
10,test_10_91,-1,18.08068677661359,0.8162677359363578,0.05832124204217341,0.17555381538653383,91,2026-03-04 23:34:59.351397
10,test_10_92,-1,32.461709845642716,0.9006106478029118,0.06713984757598657,0.19069014490404046,92,2026-03-05 23:34:59.351429
10,test_10_93,-1,48.87967705524732,1.0385437380095286,0.07996855756636868,0.21517916330251846,93,2026-03-06 23:34:59.351460
10,test_10_94,-1,13.870679250769513,0.6624711064289486,0.054237187251963116,0.16149069788629386,94,2026-03-07 23:34:59.351494
10,test_10_95,1,27.235773575026766,0.9330796268107471,0.06493939602742052,0.17156769513192985,95,2026-03-08 23:34:59.351526
10,test_10_96,-1,16.045720390749583,0.833937578532304,0.05229668330965984,0.15063675391971146,96,2026-03-09 23:34:59.351565
10,test_10_97,0,36.08651612506258,1.0211812379599665,0.0713348855692762,0.1916692130236588,97,2026-03-10 23:34:59.351612
10,test_10_98,0,18.4278829178891,0.7832262595188324,0.06486217602453001,0.15495499360474402,98,2026-03-11 23:34:59.351646
10,test_10_99,0,16.978153301971147,0.7303918402692019,0.05723019802777485,0.1688025701953443,99,2026-03-12 23:34:59.351678
10,test_10_100,0,25.935234964386098,0.844567655093115,0.0621387953721906,0.18861300224143643,100,2026-03-13 23:34:59.351710
10,test_10_101,-1,18.74750239885115,0.8053598448228583,0.05856051963158819,0.167436979580581,101,2026-03-14 23:34:59.351741
10,test_10_102,-1,25.87473753680739,0.8308120672152339,0.06626581161774459,0.17004112550213504,102,2026-03-15 23:34:59.351776
10,test_10_103,0,13.989669141163558,0.7595685114224021,0.056292731507201675,0.16600127608085435,103,2026-03-16 23:34:59.351814
10,test_10_104,1,21.69616203790069,0.8127533739787974,0.055673285243108335,0.1772877477645105,104,2026-03-17 23:34:59.351847
10,test_10_105,0,17.732580951179806,0.8638941921915322,0.05383048166225748,0.17269072175181685,105,2026-03-18 23:34:59.351878
10,test_10_106,0,34.96701374239522,0.9663724774560872,0.06745212175929338,0.19978045417087734,106,2026-03-19 23:34:59.351910
10,test_10_107,-1,12.674239453845178,0.6740972481151084,0.05874559649675455,0.16315580906762142,107,2026-03-20 23:34:59.351942
10,test_10_108,0,39.980976334877845,1.018649230792428,0.06762653084100549,0.22246842089102253,108,2026-03-21 23:34:59.351973
10,test_10_109,-1,43.166061635554726,0.9057218942950485,0.0727417815386459,0.21551287714665296,109,2026-03-22 23:34:59.352004
10,test_10_110,0,38.42670109412602,0.8894109103056616,0.07577604736853036,0.2148057285924717,110,2026-03-23 23:34:59.352037
10,test_10_111,-1,24.540711712598394,0.8026058038348528,0.06752626601403551,0.17698784017467295,111,2026-03-24 23:34:59.352068
10,test_10_112,0,9.12951345969396,0.6169847136947305,0.05691894452578294,0.14741165297403772,112,2026-03-25 23:34:59.352099
10,test_10_113,1,10.670509163829124,0.7427367633385816,0.06368748862212766,0.15386834277102213,113,2026-03-26 23:34:59.352130
10,test_10_114,-1,18.590524004446696,0.7015373875319969,0.06200762353469215,0.179586026618872,114,2026-03-27 23:34:59.352162
10,test_10_115,1,15.81980938361035,0.7567909478169416,0.05973385884030695,0.1655083427134516,115,2026-03-28 23:34:59.352194
10,test_10_116,-1,33.900101268264294,0.7748210261484311,0.06990201797943899,0.1793841595651173,116,2026-03-29 23:34:59.352225
10,test_10_117,1,26.815987690956156,0.8987825884948158,0.06665228559239376,0.19932203092397352,117,2026-03-30 23:34:59.352256
10,test_10_118,0,8.227087319408493,0.6481389184771127,0.04775415307631765,0.14143034894918996,118,2026-03-31 23:34:59.352287
10,test_10_119,-1,37.38557996155648,1.0046379765222908,0.07396326229739482,0.20672441720852136,119,2026-04-01 23:34:59.352322
10,test_10_120,1,17.512002039799462,0.6492271658720735,0.06834993379855171,0.17085407261874894,120,2026-04-02 23:34:59.352353
10,test_10_121,1,32.45278330076346,0.8205936366774855,0.07211145187084016,0.18568888847183623,121,2026-04-03 23:34:59.352384
10,test_10_122,-1,20.23446198566475,0.618143326183666,0.06057451067489997,0.1633976147819211,122,2026-04-04 23:34:59.352417
10,test_10_123,0,39.396689801138734,0.8826658369258891,0.0792284394380232,0.19147396809262887,123,2026-04-05 23:34:59.352448
10,test_10_124,1,8.991924290289496,0.6682560153600378,0.05407375393333001,0.16324867686955366,124,2026-04-06 23:34:59.352479
10,test_10_125,-1,27.889583563869195,0.7605994751496268,0.07259030556307951,0.20211812091870288,125,2026-04-07 23:34:59.352511
10,test_10_126,0,26.291874733317105,0.7288393719422197,0.07367374679880585,0.18542912836490255,126,2026-04-08 23:34:59.352545
10,test_10_127,-1,30.486751540456904,0.798122414277377,0.0697390143351722,0.22715805739046366,127,2026-04-09 23:34:59.352577
10,test_10_128,0,15.729499080746663,0.6794965219109098,0.06157093080904928,0.15568718293534387,128,2026-04-10 23:34:59.352611
10,test_10_129,0,38.70101853610371,0.878868075763666,0.06730320607021531,0.2106715818201621,129,2026-04-11 23:34:59.352642
10,test_10_130,-1,27.30582307528891,0.8374827239711691,0.06658920475081939,0.19208258637814565,130,2026-04-12 23:34:59.352673
10,test_10_131,-1,16.24639638915203,0.710329416100823,0.06408669982389914,0.16541304336581805,131,2026-04-13 23:34:59.352705
10,test_10_132,1,14.76447712593632,0.6612802637102859,0.058694257480144806,0.15947605753770358,132,2026-04-14 23:34:59.352736
10,test_10_133,1,34.693693024080545,0.8293857833910003,0.058365763731181006,0.20501732909730122,133,2026-04-15 23:34:59.352767
10,test_10_134,0,30.540921070039264,0.9024234994660784,0.06576570429514912,0.21433409740956313,134,2026-04-16 23:34:59.352798
10,test_10_135,1,30.62423730131178,0.8979284678754657,0.06396723101028096,0.19136815602079604,135,2026-04-17 23:34:59.352829
10,test_10_136,-1,31.42301235011176,0.7766268938567522,0.07288799472111923,0.20792302388653752,136,2026-04-18 23:34:59.352860
10,test_10_137,-1,33.38076968081675,0.7684978432186549,0.07090276009847007,0.2274685857846308,137,2026-04-19 23:34:59.352891
10,test_10_138,0,15.116055615331272,0.6642527633069607,0.05474378818836257,0.17484940121132167,138,2026-04-20 23:34:59.352922
10,test_10_139,0,20.190726932890133,0.7482661683415319,0.06845301663414494,0.1719509862756393,139,2026-04-21 23:34:59.352953
10,test_10_140,0,34.687698956813534,0.792956388400137,0.07367597331131515,0.2105014854134544,140,2026-04-22 23:34:59.352985
10,test_10_141,1,30.605404253038092,0.8353578810477635,0.06623107584335006,0.18585649680520963,141,2026-04-23 23:34:59.353016
10,test_10_142,0,20.43895150250234,0.8293718958714057,0.06000149372963988,0.18227597014909966,142,2026-04-24 23:34:59.353050
10,test_10_143,-1,7.342898130499787,0.607666119594009,0.05451446426865254,0.14938378658075022,143,2026-04-25 23:34:59.353082
10,test_10_144,1,18.838565419510566,0.7430850114310076,0.06759735443107473,0.17492525096013786,144,2026-04-26 23:34:59.353113
10,test_10_145,-1,23.033206017131995,0.6384281330221149,0.06321382341725029,0.1690127997415079,145,2026-04-27 23:34:59.353145
10,test_10_146,0,34.87735101025308,0.894259984586776,0.07255473768684777,0.21695928193723246,146,2026-04-28 23:34:59.353177
10,test_10_147,1,25.693678330300926,0.7558656338230044,0.07162054475421498,0.19995680573180213,147,2026-04-29 23:34:59.353208
10,test_10_148,-1,36.27686294516429,0.8098101868197677,0.06699630122810492,0.2260228653604336,148,2026-04-30 23:34:59.353239
10,test_10_149,0,26.605148683322525,0.7159322137826493,0.06789512274825757,0.19277775028566554,149,2026-05-01 23:34:59.353271
10,test_10_150,1,14.127596612553344,0.7477654300446057,0.05678812818534554,0.17916781770732607,150,2026-05-02 23:34:59.353301
10,test_10_151,0,15.40976033159176,0.7059211722724009,0.058454191116067054,0.1842455246205306,151,2026-05-03 23:34:59.353335
10,test_10_152,1,38.06072203871629,0.8970633508747632,0.07670481220176335,0.21575052484421853,152,2026-05-04 23:34:59.353368
10,test_10_153,0,9.525778716308489,0.6675836055379574,0.056022328641682564,0.16599875748705456,153,2026-05-05 23:34:59.353401
10,test_10_154,-1,19.851487342788957,0.6979142878481709,0.061761803060344234,0.19702346382396932,154,2026-05-06 23:34:59.353432
10,test_10_155,0,20.551931618295097,0.6886834924075718,0.06560191063661491,0.19349012449717237,155,2026-05-07 23:34:59.353463
10,test_10_156,0,24.33344523777511,0.6872150653977862,0.06814181026166198,0.2013753465351614,156,2026-05-08 23:34:59.353499
10,test_10_157,1,19.237380709717275,0.6609234900747657,0.07304201777745885,0.1876942833035436,157,2026-05-09 23:34:59.353531
10,test_10_158,-1,23.46543650100181,0.8002819942946535,0.06632230687458346,0.18385779066365343,158,2026-05-10 23:34:59.353580
10,test_10_159,0,37.727147339712644,0.8127624364499701,0.07787670434917177,0.2169340996776043,159,2026-05-11 23:34:59.353622
10,test_10_160,0,20.903866152023046,0.7120209530747984,0.06073015034006925,0.1971999141305648,160,2026-05-12 23:34:59.353655
10,test_10_161,0,19.490176109344304,0.7062712373991733,0.06443932398456227,0.19284548300318355,161,2026-05-13 23:34:59.353689
10,test_10_162,1,26.72782622358246,0.6999230251227423,0.06839434027554603,0.19754707659125284,162,2026-05-14 23:34:59.353721
10,test_10_163,1,42.873464144298254,0.8094647801077935,0.08556733289541255,0.24970754282375132,163,2026-05-15 23:34:59.353752
10,test_10_164,1,28.00565472839905,0.7956049034834376,0.0682009216421606,0.20928824058702022,164,2026-05-16 23:34:59.353784
10,test_10_165,1,25.645059728625718,0.7047568119704778,0.07538736584498981,0.20340973001019833,165,2026-05-17 23:34:59.353815
10,test_10_166,1,19.515787145430615,0.696161422483159,0.06450375893837157,0.20209437578781322,166,2026-05-18 23:34:59.353847
10,test_10_167,0,29.3866796255826,0.8018455036166565,0.07446082496153908,0.1946275861841952,167,2026-05-19 23:34:59.353878
10,test_10_168,0,28.7534736354002,0.7559555555388979,0.06616853694932417,0.1990022812041816,168,2026-05-20 23:34:59.353910
10,test_10_169,0,33.09264698241986,0.6726147263987765,0.07194549024527618,0.20610867375141467,169,2026-05-21 23:34:59.353941
